{"stats":{"minecraft:killed":{"cnc:cougar":2,"minecraft:skeleton":6,"minecraft:pig":14,"gore:zombie_without_head":2,"minecraft:creeper":2,"minecraft:zombie":4},"minecraft:broken":{"minecraft:iron_axe":1,"minecraft:stone_axe":1,"minecraft:iron_pickaxe":1,"minecraft:stone_shovel":1},"minecraft:mined":{"minecraft:dark_oak_planks":21,"create:zinc_ore":10,"minecraft:large_amethyst_bud":1,"mcwbridges:andesite_bridge_stair":5,"minecraft:spruce_planks":8,"minecraft:white_bed":4,"immersive_weathering:acacia_leaf_pile":40,"farmersdelight:wild_carrots":2,"minecraft:dark_oak_log":4,"antlers:bloody_fox":1,"minecraft:grass_block":168,"minecraft:spruce_leaves":1,"minecraft:spruce_sapling":1,"minecraft:furnace":6,"minecraft:dark_oak_trapdoor":11,"immersive_weathering:mossy_stone":9,"minecraft:nether_sprouts":6,"minecraft:iron_ore":5,"minecraft:andesite":15,"minecraft:stripped_spruce_log":58,"treechop:chopped_log":19,"diagonalfences:minecraft/spruce_fence":1,"create:cut_andesite_bricks":12,"create:asurine":1,"create:spruce_window":2,"minecraft:small_amethyst_bud":6,"minecraft:iron_bars":2,"quark:vertical_spruce_planks":1,"minecraft:blue_orchid":27,"minecraft:stone":164,"minecraft:podzol":2,"treasure2:milk_crate":1,"minecraft:acacia_leaves":6,"minecraft:glass_pane":33,"minecraft:medium_amethyst_bud":1,"immersive_weathering:spruce_leaf_pile":115,"supplementaries:timber_cross_brace":2,"createloveandwar:sulphur_ore":5,"minecraft:spruce_door":3,"cozy_home:spruce_chair":1,"minecraft:clay":8,"minecraft:crafting_table":4,"minecraft:cornflower":25,"minecraft:torch":2,"minecraft:mangrove_wood":2,"minecraft:mud_brick_stairs":1,"minecraft:warped_roots":3,"minecraft:stone_slab":1,"minecraft:wall_torch":4,"minecraft:purple_bed":3,"minecraft:wheat":7,"minecraft:birch_leaves":2,"minecraft:orange_tulip":1,"minecraft:grass":21,"minecraft:coal_ore":87,"quark:spruce_chest":2,"minecraft:sand":65,"minecraft:dirt":19,"create:andesite_pillar":8,"minecraft:stonecutter":2,"minecraft:polished_andesite":86,"minecraft:oak_leaves":8,"pots_and_mimics:treasure_pot":1,"immersive_weathering:dark_oak_leaf_pile":40,"minecraft:fern":12},"minecraft:picked_up":{"quark:vertical_spruce_planks":7,"minecraft:crafting_table":5,"minecraft:wheat":7,"minecraft:chicken":1,"minecraft:clay_ball":36,"minecraft:stone_slab":1,"minecraft:lead":8,"minecraft:wooden_pickaxe":2,"minecraft:cornflower":53,"minecraft:dark_oak_trapdoor":11,"minecraft:raw_copper":1,"minecraft:smooth_stone_slab":48,"supplementaries:timber_cross_brace":2,"treasure2:milk_crate":1,"minecraft:glass_pane":1,"minecraft:blue_orchid":34,"quark:spruce_chest":4,"farmersdelight:beef_patty":3,"minecraft:spruce_planks":8,"minecraft:egg":2,"minecraft:furnace":6,"minecraft:dark_oak_sapling":14,"minecraft:raw_iron":5,"minecraft:stick":76,"mcwbridges:andesite_bridge_stair":5,"minecraft:torch":6,"minecraft:spruce_fence":1,"create:andesite_pillar":8,"minecraft:porkchop":12,"createloveandwar:raw_sulphur":20,"minecraft:dark_oak_planks":20,"minecraft:arrow":5,"minecraft:rotten_flesh":8,"cnc:cougar_head":1,"create:asurine":1,"wares:sealed_delivery_agreement":1,"wares:cardboard_box":1,"minecraft:iron_bars":2,"minecraft:cobblestone":318,"minecraft:feather":2,"minecraft:andesite":418,"minecraft:leather":1,"minecraft:mud_brick_stairs":1,"minecraft:acacia_wood":57,"create:raw_zinc":10,"minecraft:cobblestone_wall":30,"minecraft:gunpowder":2,"minecraft:lantern":1,"minecraft:dirt":233,"antlers:tomahawkitem":2,"minecraft:glass":2,"minecraft:cooked_mutton":5,"minecraft:bone":4,"minecraft:apple":1,"minecraft:stonecutter":2,"minecraft:orange_tulip":2,"minecraft:wheat_seeds":28,"minecraft:acacia_sapling":12,"immersive_weathering:tallow":18,"cozy_home:spruce_chair":1,"minecraft:cooked_porkchop":12,"minecraft:spyglass":1,"minecraft:sand":62,"create:cut_andesite_bricks":12,"minecraft:stripped_spruce_log":284,"minecraft:spruce_sapling":53,"minecraft:white_bed":3,"minecraft:spruce_log":63,"minecraft:dark_oak_log":68,"minecraft:spruce_door":3,"minecraft:mossy_cobblestone":8,"minecraft:polished_andesite":147,"minecraft:purple_bed":3,"minecraft:spruce_boat":2,"minecraft:mangrove_wood":1,"knightquest:small_essence":7,"minecraft:warped_roots":4,"minecraft:oak_sapling":1,"minecraft:coal":124},"minecraft:killed_by":{"minecraft:skeleton":2,"antlers:wendigo":5},"minecraft:custom":{"minecraft:mob_kills":15,"minecraft:interact_with_crafting_table":67,"minecraft:open_barrel":9,"minecraft:interact_with_campfire":16,"minecraft:leave_game":7,"minecraft:time_since_death":42019,"minecraft:climb_one_cm":1363,"minecraft:sprint_one_cm":402173,"minecraft:damage_blocked_by_shield":40,"minecraft:walk_one_cm":639782,"minecraft:drop":36,"minecraft:talked_to_villager":2,"minecraft:play_time":214216,"minecraft:deaths":7,"minecraft:sneak_time":9158,"minecraft:walk_under_water_one_cm":6930,"minecraft:boat_one_cm":5581,"minecraft:jump":2342,"minecraft:walk_on_water_one_cm":15403,"minecraft:total_world_time":214216,"minecraft:interact_with_furnace":110,"minecraft:interact_with_stonecutter":11,"minecraft:sleep_in_bed":27,"minecraft:time_since_rest":0,"minecraft:damage_taken":1512,"minecraft:damage_dealt":2715,"minecraft:swim_one_cm":42045,"minecraft:fly_one_cm":474063,"minecraft:open_chest":142,"minecraft:crouch_one_cm":23693,"wares:interact_with_delivery_table":1,"minecraft:interact_with_smoker":1,"minecraft:fall_one_cm":53295},"minecraft:used":{"cnc:cookedvenison":5,"minecraft:iron_bars":2,"wares:cardboard_box":6,"minecraft:stone_shovel":255,"minecraft:spruce_planks":13,"cozy_home:large_spruce_stump":4,"minecraft:stone_hoe":7,"cozy_home:spruce_mirror_stand":1,"minecraft:cooked_chicken":1,"minecraft:torch":8,"minecraft:dirt":121,"minecraft:spruce_stairs":4,"minecraft:acacia_sapling":2,"quark:vertical_spruce_planks":1,"minecraft:spruce_fence":3,"minecraft:mud_brick_stairs":1,"minecraft:stripped_spruce_log":215,"create:spruce_window":64,"farmersdelight:beef_patty":3,"minecraft:spruce_boat":3,"minecraft:dark_oak_planks":258,"shieldexp:wooden_shield":1,"quark:spruce_chest":4,"minecraft:blue_orchid":1,"minecraft:iron_axe":347,"cozy_home:spruce_chair":5,"minecraft:iron_helmet":1,"minecraft:dark_oak_wood":22,"create:andesite_pillar":128,"minecraft:oak_sapling":1,"minecraft:furnace":9,"minecraft:egg":2,"mcwbridges:andesite_bridge_stair":7,"minecraft:potato":6,"cnc:cougar_head":1,"minecraft:dark_oak_sapling":4,"minecraft:wheat_seeds":20,"minecraft:cooked_mutton":5,"minecraft:mangrove_wood":1,"minecraft:spruce_door":5,"minecraft:stone_pickaxe":59,"minecraft:polished_andesite":166,"minecraft:composter":1,"minecraft:wooden_pickaxe":6,"treasure2:milk_crate":1,"minecraft:stonecutter":3,"minecraft:warped_roots":2,"cozy_home:spruce_mirror":1,"minecraft:dark_oak_trapdoor":11,"minecraft:crafting_table":5,"minecraft:white_bed":3,"thirst:terracotta_water_bowl":16,"minecraft:cornflower":7,"minecraft:bread":2,"minecraft:iron_pickaxe":378,"create:cut_andesite_bricks":100,"minecraft:stone_slab":1,"minecraft:spruce_trapdoor":8,"create:asurine":1,"minecraft:spruce_sapling":25,"minecraft:stone_axe":209,"minecraft:cobblestone":10,"minecraft:purple_bed":3,"supplementaries:timber_cross_brace":2,"minecraft:andesite":15,"minecraft:glass_pane":33,"minecraft:bone_meal":12},"minecraft:crafted":{"minecraft:brick":1,"cozy_home:spruce_mirror_stand":1,"cnc:cookedvenison":9,"minecraft:stone_shovel":2,"minecraft:iron_nugget":18,"thirst:clay_bowl":36,"minecraft:cooked_chicken":1,"minecraft:furnace":3,"minecraft:dark_oak_trapdoor":12,"minecraft:stone":3,"minecraft:spruce_fence":3,"cozy_home:spruce_mirror":3,"immersive_armors:wooden_chestplate":1,"mcwbridges:andesite_bridge_stair":5,"minecraft:glass_pane":64,"minecraft:glass":58,"minecraft:lantern":2,"minecraft:spruce_stairs":32,"minecraft:iron_axe":1,"minecraft:stone_pickaxe":1,"cozy_home:spruce_plank":24,"minecraft:spruce_boat":1,"minecraft:dark_oak_planks":284,"minecraft:stone_hoe":1,"knightquest:great_essence":1,"cozy_home:large_spruce_stump":4,"minecraft:crafting_table":1,"minecraft:spruce_planks":244,"minecraft:wooden_pickaxe":1,"immersive_armors:wooden_leggings":1,"minecraft:spruce_door":3,"wardrobe:lantern_on_a_stick":1,"supplementaries:timber_cross_brace":1,"cozy_home:spruce_chair":4,"minecraft:copper_ingot":7,"thirst:terracotta_water_bowl":68,"minecraft:stone_axe":2,"minecraft:bread":2,"minecraft:air":0,"immersive_armors:wooden_boots":1,"minecraft:spruce_trapdoor":8,"minecraft:dark_oak_slab":12,"minecraft:stick":4,"minecraft:iron_ingot":7,"shieldexp:wooden_shield":2,"minecraft:iron_pickaxe":1,"minecraft:stonecutter":1,"minecraft:composter":1,"minecraft:torch":4,"create:spruce_window":64,"create:zinc_ingot":10,"minecraft:shears":1,"thirst:terracotta_bowl":14},"minecraft:dropped":{"minecraft:wheat_seeds":2,"minecraft:feather":2,"minecraft:cobblestone":81,"minecraft:lantern":2,"quark:vertical_spruce_planks":3,"minecraft:cornflower":1,"shieldexp:wooden_shield":1,"wares:sealed_delivery_agreement":1,"minecraft:dark_oak_planks":1,"minecraft:raw_copper":1,"minecraft:smooth_stone_slab":48,"minecraft:wheat":1,"minecraft:chicken":1,"minecraft:rotten_flesh":6,"minecraft:clay_ball":9,"thirst:terracotta_water_bowl":10,"minecraft:wooden_pickaxe":2,"minecraft:brick":2}},"DataVersion":3465}