{"stats":{"minecraft:mined":{"minecraft:dark_oak_planks":60,"miners_delight:wild_cave_carrots":2,"minecraft:large_amethyst_bud":2,"minecraft:spruce_planks":18,"minecraft:white_bed":6,"minecraft:farmland":24,"immersive_weathering:acacia_leaf_pile":157,"minecraft:spruce_trapdoor":17,"minecraft:grass_block":296,"minecraft:deepslate_bricks":1,"cozy_home:spruce_grandfather_clock":5,"minecraft:deepslate_tile_stairs":2,"minecraft:composter":2,"minecraft:spawner":1,"minecraft:dark_oak_trapdoor":11,"minecraft:iron_ore":102,"immersive_weathering:mossy_stone":9,"diagonalfences:minecraft/spruce_fence":3,"create:asurine":1,"create:spruce_window":3,"minecraft:small_amethyst_bud":15,"minecraft:iron_bars":2,"minecraft:deepslate_brick_stairs":1,"minecraft:blue_orchid":49,"quark:dark_oak_vertical_slab":21,"minecraft:spruce_slab":21,"quark:cobblestone_bricks_stairs":19,"minecraft:polished_deepslate_stairs":1,"minecraft:medium_amethyst_bud":4,"immersive_weathering:spruce_leaf_pile":179,"minecraft:soul_fire":4,"minecraft:soul_lantern":7,"supplementaries:timber_cross_brace":2,"minecraft:torch":4,"quark:cobblestone_bricks":41,"minecraft:clay":8,"createloveandwar:sulphur_ore":5,"minecraft:mud_brick_stairs":1,"create:scoria":1,"minecraft:cobblestone":2,"shutter:spruce_shutter":2,"minecraft:grindstone":1,"minecraft:sugar_cane":26,"minecraft:wall_torch":17,"spelunkers_charm:rock_pile_3":1,"minecraft:acacia_sapling":1,"farmersdelight:cutting_board":1,"minecraft:wheat":67,"minecraft:orange_tulip":10,"minecraft:grass":152,"minecraft:dirt":552,"minecraft:sand":240,"create:andesite_pillar":10,"minecraft:stonecutter":11,"antlers:bloody_cow":2,"minecraft:oak_leaves":8,"immersive_weathering:dark_oak_leaf_pile":60,"create:zinc_ore":14,"minecraft:deepslate_tiles":2,"minecraft:diamond_ore":6,"mcwbridges:andesite_bridge_stair":17,"farmersdelight:wild_carrots":11,"minecraft:dark_oak_log":4,"antlers:bloody_fox":1,"minecraft:spruce_leaves":16,"create:framed_glass_pane":2,"minecraft:spruce_sapling":1,"minecraft:furnace":6,"minecraft:carrots":2,"minecraft:nether_sprouts":13,"minecraft:acacia_wood":56,"minecraft:andesite":124,"minecraft:stripped_spruce_log":105,"treechop:chopped_log":46,"create:cut_andesite_bricks":12,"minecraft:polished_deepslate":3,"minecraft:potatoes":50,"quark:vertical_spruce_planks":1,"minecraft:stone":590,"minecraft:podzol":2,"treasure2:milk_crate":1,"minecraft:acacia_leaves":20,"minecraft:glass_pane":33,"wares:cardboard_box":1,"minecraft:spruce_door":3,"minecraft:crafting_table":7,"minecraft:cornflower":84,"cozy_home:spruce_chair":1,"minecraft:mangrove_wood":2,"create:framed_glass_door":4,"spelunkers_charm:dead_grass":1,"minecraft:warped_roots":6,"minecraft:stone_slab":1,"minecraft:tall_grass":6,"minecraft:lapis_ore":3,"supplementaries:urn":6,"minecraft:spruce_stairs":24,"minecraft:purple_bed":3,"minecraft:spruce_log":14,"minecraft:birch_leaves":2,"cnc:wendigo_head":1,"minecraft:coal_ore":161,"minecraft:cyan_carpet":1,"quark:spruce_chest":10,"minecraft:gravel":39,"minecraft:polished_andesite":95,"pots_and_mimics:treasure_pot":5,"minecraft:fern":64},"minecraft:crafted":{"minecraft:brick":1,"cozy_home:spruce_mirror_stand":1,"cnc:cookedvenison":9,"minecraft:cooked_chicken":1,"minecraft:stone":3,"immersive_armors:wooden_chestplate":2,"create:framed_glass_door":4,"create:cut_andesite_bricks":24,"minecraft:glass":217,"minecraft:dark_oak_door":3,"immersive_armors:wooden_helmet":1,"minecraft:stone_hoe":1,"knightquest:great_essence":1,"minecraft:emerald":1,"minecraft:crafting_table":2,"minecraft:spruce_planks":584,"minecraft:wooden_pickaxe":1,"minecraft:baked_potato":91,"immersive_armors:wooden_leggings":1,"minecraft:spruce_door":3,"wardrobe:lantern_on_a_stick":1,"cozy_home:spruce_chair":4,"minecraft:copper_ingot":7,"immersive_armors:wooden_boots":1,"minecraft:spruce_trapdoor":30,"minecraft:dark_oak_slab":12,"minecraft:stick":12,"minecraft:iron_pickaxe":4,"shieldexp:wooden_shield":2,"minecraft:iron_ingot":66,"minecraft:stone_sword":2,"minecraft:composter":1,"create:spruce_window":76,"minecraft:shears":1,"thirst:terracotta_bowl":14,"minecraft:stone_shovel":3,"thirst:clay_bowl":36,"minecraft:iron_nugget":18,"minecraft:furnace":3,"minecraft:dark_oak_trapdoor":12,"minecraft:cherry_sapling":2,"minecraft:bone_meal":57,"minecraft:spruce_fence":9,"cozy_home:spruce_mirror":3,"mcwbridges:andesite_bridge_stair":11,"minecraft:glass_pane":64,"minecraft:lantern":2,"minecraft:spruce_stairs":136,"minecraft:iron_axe":3,"minecraft:iron_hoe":1,"minecraft:spruce_slab":210,"minecraft:stone_pickaxe":3,"minecraft:spruce_boat":1,"cozy_home:spruce_plank":24,"create:framed_glass_pane":160,"quark:spruce_chest":3,"minecraft:dark_oak_planks":520,"quark:dark_oak_ladder":8,"cozy_home:large_spruce_stump":4,"minecraft:iron_sword":2,"supplementaries:timber_cross_brace":1,"thirst:terracotta_water_bowl":99,"minecraft:stone_axe":5,"minecraft:bread":14,"minecraft:air":0,"minecraft:iron_shovel":2,"minecraft:stonecutter":1,"minecraft:torch":36,"create:zinc_ingot":10},"minecraft:dropped":{"minecraft:iron_sword":2,"minecraft:glow_ink_sac":4,"minecraft:lantern":2,"minecraft:cornflower":1,"wares:sealed_delivery_agreement":1,"minecraft:iron_pickaxe":1,"minecraft:dark_oak_planks":2,"minecraft:stone_axe":1,"minecraft:wheat":1,"minecraft:rotten_flesh":7,"supplementaries:ash":13,"minecraft:iron_bars":15,"spelunkers_charm:cave_mushroom":2,"createloveandwar:raw_sulphur":5,"minecraft:wheat_seeds":2,"minecraft:feather":2,"minecraft:cobblestone":81,"quark:vertical_spruce_planks":3,"shieldexp:wooden_shield":1,"thirst:terracotta_bowl":3,"minecraft:string":3,"minecraft:polished_deepslate":3,"immersive_weathering:acacia_bark":1,"minecraft:stone_sword":1,"minecraft:raw_copper":1,"minecraft:smooth_stone_slab":48,"minecraft:chicken":1,"minecraft:light_gray_wool":1,"minecraft:clay_ball":9,"thirst:terracotta_water_bowl":18,"minecraft:andesite":10,"minecraft:spider_eye":1,"minecraft:wooden_pickaxe":2,"minecraft:brick":2},"minecraft:picked_up":{"quark:vertical_spruce_planks":7,"minecraft:wheat":114,"minecraft:stone_slab":1,"minecraft:lead":10,"minecraft:enchanted_book":1,"butcher:cowcorpseitem":1,"minecraft:music_disc_cat":1,"minecraft:string":6,"farmersdelight:cutting_board":1,"minecraft:polished_deepslate":3,"minecraft:dark_oak_trapdoor":11,"minecraft:raw_copper":1,"shieldexp:wooden_shield":1,"minecraft:smooth_stone_slab":48,"minecraft:bucket":1,"minecraft:spruce_planks":18,"minecraft:iron_pickaxe":1,"minecraft:furnace":6,"minecraft:stick":168,"mcwbridges:andesite_bridge_stair":17,"minecraft:composter":2,"minecraft:polished_deepslate_stairs":1,"minecraft:torch":34,"minecraft:spruce_stairs":22,"create:andesite_pillar":10,"minecraft:porkchop":12,"createloveandwar:raw_sulphur":51,"minecraft:deepslate_tile_stairs":1,"shutter:spruce_shutter":2,"quark:ancient_tome":1,"cozy_home:spruce_grandfather_clock":10,"minecraft:rotten_flesh":68,"create:scoria":1,"supplementaries:antique_ink":3,"create:asurine":1,"farmersdelight:rope":19,"supplementaries:ash":18,"wares:sealed_delivery_agreement":2,"wares:cardboard_box":1,"minecraft:iron_bars":17,"knightquest:great_essence":1,"minecraft:cobblestone":753,"minecraft:feather":6,"farmersdelight:rice":4,"minecraft:andesite":629,"quark:dark_oak_vertical_slab":69,"minecraft:mud_brick_stairs":1,"minecraft:potato":263,"createloveandwar:em2blueprint":1,"minecraft:flint":6,"create:raw_zinc":14,"minecraft:lapis_lazuli":17,"minecraft:dirt":931,"antlers:tomahawkitem":2,"minecraft:lantern":1,"farmersdelight:iron_knife":1,"butcher:cow_skin":2,"minecraft:glass":4,"minecraft:bone":53,"butcher:raw_ribeye_steak":1,"minecraft:acacia_planks":31,"minecraft:bow":1,"minecraft:stonecutter":11,"minecraft:orange_tulip":12,"minecraft:wheat_seeds":365,"butcher:raw_tbone_steak":1,"minecraft:powered_rail":1,"immersive_weathering:cozy_home/spruce_bark":21,"butcher:cow_headf":1,"immersive_weathering:tallow":18,"miners_delight:gossypium":3,"minecraft:cooked_porkchop":12,"minecraft:poisonous_potato":2,"minecraft:sand":237,"create:cut_andesite_bricks":12,"minecraft:stripped_spruce_log":455,"createloveandwar:stg57blueprint":1,"minecraft:dark_oak_log":102,"minecraft:mossy_cobblestone":8,"minecraft:polished_andesite":155,"quark:cobblestone_bricks_stairs":19,"minecraft:diamond":7,"minecraft:mangrove_wood":1,"minecraft:spruce_boat":2,"minecraft:soul_lantern":7,"knightquest:small_essence":100,"minecraft:golden_apple":1,"minecraft:bone_meal":2,"minecraft:bread":2,"create:framed_glass_door":4,"minecraft:oak_sapling":2,"minecraft:spruce_leaves":48,"minecraft:crafting_table":8,"minecraft:chicken":1,"minecraft:clay_ball":44,"minecraft:brown_mushroom":1,"minecraft:wooden_pickaxe":2,"butcher:raw_sirloin_steak":1,"minecraft:cornflower":162,"supplementaries:timber_cross_brace":2,"treasure2:milk_crate":1,"minecraft:blue_orchid":71,"minecraft:glass_pane":1,"supplementaries:bomb":1,"quark:spruce_chest":12,"farmersdelight:beef_patty":3,"minecraft:detector_rail":3,"minecraft:beef":9,"immersive_armors:wooden_leggings":1,"minecraft:spruce_slab":23,"minecraft:light_gray_wool":1,"minecraft:sugar_cane":41,"minecraft:spruce_trapdoor":9,"minecraft:egg":2,"minecraft:dark_oak_sapling":20,"minecraft:raw_iron":99,"minecraft:orange_dye":12,"minecraft:copper_ingot":3,"immersive_weathering:acacia_bark":1,"minecraft:spruce_fence":4,"createloveandwar:cigarette":1,"spelunkers_charm:cave_mushroom":2,"minecraft:carrot":11,"create:vertical_gearbox":1,"minecraft:dark_oak_planks":155,"immersive_armors:wooden_helmet":1,"minecraft:arrow":46,"cnc:cougar_head":1,"minecraft:beetroot_seeds":2,"minecraft:shears":1,"minecraft:mutton":1,"quark:acacia_ladder":4,"minecraft:rail":4,"minecraft:white_wool":1,"butcher:skinning_knife":1,"butcher:butchers_knife":1,"cnc:wendigo_head":3,"minecraft:glow_ink_sac":4,"minecraft:salmon":1,"minecraft:leather":7,"minecraft:acacia_wood":258,"spelunkers_charm:old_miners_bundle":1,"minecraft:gunpowder":22,"minecraft:cobblestone_wall":30,"minecraft:cooked_mutton":5,"bountiful:bounty":1,"minecraft:apple":3,"thirst:terracotta_water_bowl":4,"minecraft:stone_pickaxe":1,"butcher:raw_chuck_steak":1,"minecraft:iron_sword":2,"minecraft:acacia_sapling":52,"cozy_home:spruce_chair":1,"minecraft:pumpkin":6,"minecraft:spyglass":2,"butcher:raw_rump_steak":1,"minecraft:gravel":33,"minecraft:spruce_sapling":76,"minecraft:white_bed":5,"thirst:terracotta_bowl":6,"minecraft:spruce_log":85,"butcher:cowhoof":4,"netherite_ore_mod:ancientdebrispiece":1,"minecraft:spider_eye":3,"minecraft:spruce_door":3,"quark:cobblestone_bricks":41,"minecraft:pumpkin_seeds":3,"minecraft:purple_bed":3,"minecraft:stone_axe":1,"immersive_armors:wooden_chestplate":1,"minecraft:warped_roots":12,"minecraft:baked_potato":28,"minecraft:coal":199},"minecraft:killed_by":{"cnc:wendigo":3,"minecraft:zombie":1,"minecraft:player":1,"minecraft:spider":1,"minecraft:skeleton":5,"antlers:wendigo":17,"cave_dweller:cave_dweller":1},"minecraft:custom":{"minecraft:animals_bred":21,"minecraft:interact_with_crafting_table":119,"minecraft:open_barrel":25,"minecraft:leave_game":10,"minecraft:time_since_death":18849,"minecraft:sprint_one_cm":1190332,"minecraft:damage_blocked_by_shield":130,"minecraft:drop":67,"minecraft:talked_to_villager":16,"minecraft:play_time":694362,"minecraft:deaths":33,"minecraft:jump":6675,"minecraft:walk_on_water_one_cm":37035,"minecraft:interact_with_furnace":203,"minecraft:traded_with_villager":5,"minecraft:sleep_in_bed":63,"minecraft:damage_dealt":23755,"minecraft:player_kills":3,"minecraft:crouch_one_cm":101087,"wares:interact_with_delivery_table":2,"minecraft:interact_with_smoker":1,"minecraft:mob_kills":85,"minecraft:interact_with_campfire":16,"minecraft:climb_one_cm":31652,"minecraft:walk_one_cm":2366612,"minecraft:sneak_time":42175,"minecraft:walk_under_water_one_cm":23291,"minecraft:boat_one_cm":5581,"minecraft:total_world_time":694362,"minecraft:interact_with_stonecutter":26,"minecraft:time_since_rest":4651,"minecraft:damage_taken":7354,"minecraft:swim_one_cm":117369,"minecraft:fly_one_cm":1067009,"minecraft:open_chest":626,"minecraft:fall_one_cm":140822},"minecraft:broken":{"immersive_armors:wooden_leggings":1,"minecraft:iron_shovel":3,"minecraft:stone_pickaxe":2,"minecraft:stone_axe":5,"minecraft:iron_sword":2,"minecraft:stone_shovel":2,"immersive_armors:wooden_chestplate":1,"immersive_armors:wooden_boots":1,"minecraft:stone_hoe":1,"minecraft:iron_axe":2,"minecraft:iron_pickaxe":5,"minecraft:iron_helmet":1},"minecraft:used":{"minecraft:cherry_sapling":2,"minecraft:iron_shovel":778,"minecraft:spruce_slab":197,"minecraft:iron_sword":553,"cozy_home:spruce_mirror_stand":1,"shutter:spruce_shutter":2,"minecraft:carrot":2,"minecraft:acacia_sapling":22,"quark:vertical_spruce_planks":1,"create:framed_glass_pane":2,"minecraft:stripped_spruce_log":378,"minecraft:polished_deepslate_stairs":1,"minecraft:spruce_boat":3,"minecraft:blue_orchid":12,"cozy_home:spruce_chair":5,"minecraft:dark_oak_wood":22,"create:scoria":1,"minecraft:iron_helmet":1,"create:andesite_pillar":170,"farmersdelight:cutting_board":1,"minecraft:oak_sapling":1,"minecraft:furnace":9,"minecraft:egg":2,"minecraft:potato":162,"cnc:cougar_head":1,"quark:dark_oak_ladder":6,"minecraft:dark_oak_sapling":16,"minecraft:spruce_door":5,"cnc:wendigo_head":3,"minecraft:stone_pickaxe":195,"minecraft:orange_tulip":1,"quark:dark_oak_vertical_slab":41,"minecraft:wooden_pickaxe":6,"minecraft:composter":3,"minecraft:sugar_cane":19,"cozy_home:spruce_mirror":1,"minecraft:dark_oak_trapdoor":11,"minecraft:bread":2,"create:cut_andesite_bricks":288,"quark:cobblestone_bricks_stairs":51,"minecraft:diamond_ore":1,"create:asurine":1,"minecraft:soul_lantern":7,"supplementaries:timber_cross_brace":2,"minecraft:andesite":43,"create:framed_glass_door":6,"cozy_home:spruce_grandfather_clock":7,"minecraft:bone_meal":94,"cnc:cookedvenison":9,"minecraft:iron_bars":2,"minecraft:stone_sword":71,"wares:cardboard_box":6,"minecraft:stone_shovel":389,"minecraft:spruce_planks":66,"cozy_home:large_spruce_stump":4,"minecraft:stone_hoe":149,"minecraft:cooked_chicken":1,"minecraft:torch":55,"minecraft:dirt":582,"minecraft:spruce_stairs":133,"minecraft:spruce_fence":11,"minecraft:mud_brick_stairs":1,"create:spruce_window":76,"farmersdelight:beef_patty":3,"minecraft:iron_hoe":122,"minecraft:dark_oak_planks":586,"shieldexp:wooden_shield":4,"quark:spruce_chest":15,"minecraft:iron_axe":606,"minecraft:acacia_wood":29,"mcwbridges:andesite_bridge_stair":14,"minecraft:wheat_seeds":281,"minecraft:cooked_mutton":5,"minecraft:water_bucket":3,"minecraft:mangrove_wood":1,"quark:cobblestone_bricks":195,"minecraft:polished_andesite":174,"minecraft:baked_potato":32,"treasure2:milk_crate":1,"minecraft:stonecutter":12,"minecraft:warped_roots":6,"minecraft:crafting_table":9,"minecraft:white_bed":5,"minecraft:spruce_log":23,"thirst:terracotta_water_bowl":54,"minecraft:cornflower":49,"minecraft:iron_pickaxe":1159,"minecraft:stone_slab":1,"minecraft:spruce_trapdoor":31,"minecraft:spruce_sapling":26,"minecraft:stone_axe":796,"minecraft:cobblestone":34,"minecraft:purple_bed":3,"minecraft:bucket":3,"minecraft:glass_pane":61},"minecraft:killed":{"cnc:cougar":2,"pots_and_mimics:pot_crab":2,"cnc:wendigo":4,"minecraft:spider":4,"minecraft:skeleton":46,"sleep_tight:bedbug":2,"minecraft:pig":14,"gore:zombie_without_head_and_arm":2,"minecraft:zombie_villager":2,"minecraft:creeper":14,"antlers:wendigomad":2,"minecraft:zombie":44,"minecraft:stray":6,"gore:zombie_without_mouth_and_arm":10,"gore:zombie_without_head":2,"gore:zombie_without_legs":4,"gore:zombiewithoutarms":4,"pots_and_mimics:poison_pot_crab":2,"minecraft:player":2}},"DataVersion":3465}