{"stats":{"minecraft:killed":{"cnc:cougar":2,"pots_and_mimics:pot_crab":2,"cnc:wendigo":6,"minecraft:spider":4,"gore:dismembered_spider_2":2,"minecraft:skeleton":50,"sleep_tight:bedbug":4,"minecraft:pig":14,"gore:zombie_without_head_and_arm":4,"minecraft:zombie_villager":4,"minecraft:salmon":6,"minecraft:creeper":16,"antlers:wendigomad":2,"minecraft:zombie":52,"minecraft:stray":6,"minecraft:cow":2,"gore:zombie_without_mouth_and_arm":10,"naturalist:bass":20,"gore:zombie_without_head":4,"gore:zombie_without_legs":4,"gore:zombiewithoutarms":4,"pots_and_mimics:poison_pot_crab":2,"minecraft:player":2},"minecraft:crafted":{"minecraft:brick":1,"cozy_home:spruce_mirror_stand":1,"minecraft:oak_planks":8,"cnc:cookedvenison":9,"minecraft:barrel":6,"minecraft:polished_deepslate_wall":4,"farmersdelight:canvas":1,"minecraft:chain":1,"minecraft:cooked_chicken":1,"minecraft:stone":3,"automobility:auto_mechanic_table":1,"immersive_armors:wooden_chestplate":3,"create:framed_glass_door":4,"create:cut_andesite_bricks":24,"minecraft:dark_oak_door":3,"minecraft:glass":217,"minecraft:decorated_pot":1,"butcher:jar":1,"minecraft:copper_block":1,"immersive_armors:wooden_helmet":2,"minecraft:stone_hoe":2,"create:cogwheel":1,"minecraft:flower_pot":1,"minecraft:item_frame":7,"knightquest:great_essence":1,"minecraft:wooden_shovel":1,"minecraft:emerald":1,"minecraft:cauldron":1,"minecraft:crafting_table":3,"minecraft:spruce_planks":592,"farmersdelight:cabbage_crate":1,"minecraft:wooden_pickaxe":1,"minecraft:baked_potato":91,"immersive_armors:wooden_leggings":3,"minecraft:spruce_door":3,"wardrobe:lantern_on_a_stick":1,"minecraft:copper_ingot":79,"cozy_home:spruce_chair":4,"farmersdelight:skillet":1,"create:mechanical_mixer":1,"cozy_home:spruce_sink_counter":1,"immersive_armors:wooden_boots":3,"minecraft:spruce_trapdoor":30,"minecraft:dark_oak_slab":12,"minecraft:stick":148,"minecraft:iron_ingot":75,"shieldexp:wooden_shield":2,"minecraft:iron_pickaxe":6,"miners_delight:copper_cup":1,"minecraft:iron_block":1,"minecraft:stone_sword":2,"minecraft:composter":1,"create:spruce_window":78,"minecraft:shears":1,"thirst:terracotta_bowl":14,"minecraft:stone_shovel":3,"minecraft:iron_nugget":45,"thirst:clay_bowl":36,"wardrobe:farmers_hat_helmet":1,"minecraft:furnace":4,"minecraft:stone_button":1,"minecraft:dark_oak_trapdoor":12,"minecraft:cherry_sapling":2,"minecraft:bone_meal":150,"firstaid:plaster":4,"minecraft:spruce_fence":9,"cozy_home:spruce_mirror":3,"mcwbridges:andesite_bridge_stair":11,"minecraft:glass_pane":64,"automobility:automobile_assembler":1,"minecraft:lantern":2,"minecraft:spruce_stairs":136,"minecraft:iron_axe":3,"minecraft:spruce_slab":210,"minecraft:iron_hoe":1,"minecraft:stone_pickaxe":4,"farmersdelight:rice":9,"cozy_home:spruce_plank":48,"minecraft:spruce_boat":1,"create:framed_glass_pane":208,"create:basin":1,"quark:spruce_chest":3,"minecraft:dark_oak_planks":520,"quark:dark_oak_ladder":8,"minecraft:cooked_beef":13,"minecraft:sugar":14,"supplementaries:item_shelf":4,"create:andesite_alloy":8,"cozy_home:large_spruce_stump":4,"create:small_andesite_brick_slab":22,"minecraft:iron_sword":2,"minecraft:bowl":12,"chimes:iron_chimes":1,"supplementaries:timber_cross_brace":1,"farmersdelight:cooking_pot":1,"thirst:terracotta_water_bowl":99,"farmersdelight:spruce_cabinet":4,"minecraft:stone_axe":5,"minecraft:air":0,"minecraft:bread":14,"minecraft:blue_dye":1,"create:whisk":1,"minecraft:iron_shovel":2,"firstaid:bandage":5,"minecraft:stonecutter":1,"minecraft:torch":36,"create:zinc_ingot":10,"cozy_home:spruce_counter":4},"minecraft:killed_by":{"cnc:wendigo":4,"minecraft:cave_spider":7,"minecraft:zombie":1,"antlers:wendigomad":2,"minecraft:player":1,"minecraft:spider":1,"minecraft:skeleton":5,"antlers:wendigo":19,"cave_dweller:cave_dweller":1},"minecraft:used":{"minecraft:beetroot":6,"minecraft:cherry_sapling":2,"minecraft:iron_shovel":839,"minecraft:spruce_slab":197,"farmersdelight:cabbage_seeds":78,"minecraft:decorated_pot":1,"minecraft:iron_sword":646,"cozy_home:spruce_mirror_stand":1,"graveyard:acacia_coffin":1,"shutter:spruce_shutter":8,"minecraft:carrot":2,"minecraft:acacia_sapling":22,"quark:vertical_spruce_planks":1,"create:framed_glass_pane":208,"automobility:automobile_assembler":4,"minecraft:stripped_spruce_log":378,"minecraft:polished_deepslate_stairs":1,"minecraft:spruce_boat":3,"minecraft:glass":1,"minecraft:blue_orchid":20,"cozy_home:spruce_chair":5,"minecraft:dark_oak_wood":22,"create:scoria":1,"minecraft:iron_helmet":1,"minecraft:item_frame":8,"create:andesite_pillar":204,"farmersdelight:cutting_board":1,"minecraft:furnace":9,"minecraft:oak_sapling":1,"minecraft:beetroot_seeds":111,"minecraft:egg":2,"minecraft:potato":211,"cnc:cougar_head":1,"immersive_armors:wooden_helmet":1,"beansbackpacks:backpack":1,"cozy_home:spruce_sink_counter":1,"quark:dark_oak_ladder":6,"minecraft:dark_oak_sapling":16,"create:small_andesite_brick_slab":41,"minecraft:stone_pickaxe":333,"minecraft:spruce_door":5,"minecraft:wooden_pickaxe":6,"quark:dark_oak_vertical_slab":41,"cnc:wendigo_head":4,"minecraft:composter":3,"minecraft:orange_tulip":1,"minecraft:sugar_cane":19,"minecraft:glow_berries":2,"cozy_home:spruce_mirror":1,"minecraft:dark_oak_trapdoor":11,"farmersdelight:rice":7,"wardrobe:farmers_hat_helmet":2,"minecraft:pumpkin_seeds":7,"chimes:iron_chimes":4,"automobility:auto_mechanic_table":2,"minecraft:bread":2,"minecraft:stone_button":1,"create:cut_andesite_bricks":289,"quark:cobblestone_bricks_stairs":259,"minecraft:diamond_ore":1,"create:asurine":1,"minecraft:soul_lantern":7,"create:basin":1,"supplementaries:timber_cross_brace":2,"farmersdelight:spruce_cabinet":4,"create:framed_glass_door":11,"minecraft:andesite":43,"cozy_home:spruce_grandfather_clock":7,"minecraft:bone_meal":179,"miners_delight:gossypium":1,"minecraft:stripped_acacia_wood":1,"cnc:cookedvenison":9,"cozy_home:spruce_counter":6,"minecraft:iron_bars":2,"minecraft:stone_sword":71,"wares:cardboard_box":6,"minecraft:stone_shovel":389,"minecraft:spruce_planks":67,"cozy_home:large_spruce_stump":4,"minecraft:stone_hoe":157,"minecraft:cooked_chicken":1,"minecraft:torch":58,"minecraft:dirt":642,"create:mechanical_mixer":2,"miners_delight:copper_cup":1,"minecraft:spruce_stairs":133,"minecraft:spruce_fence":11,"supplementaries:item_shelf":5,"minecraft:mud_brick_stairs":1,"create:spruce_window":77,"farmersdelight:beef_patty":3,"minecraft:iron_hoe":252,"minecraft:dark_oak_planks":586,"shieldexp:wooden_shield":5,"quark:spruce_chest":17,"minecraft:iron_axe":663,"minecraft:polished_deepslate_wall":20,"farmersdelight:cabbage_crate":2,"minecraft:barrel":10,"butcher:jar":2,"minecraft:golden_carrot":3,"farmersdelight:cooking_pot":1,"minecraft:acacia_wood":31,"tombstone:gift":2,"mcwbridges:andesite_bridge_stair":14,"farmersdelight:tomato_seeds":5,"minecraft:wheat_seeds":674,"minecraft:cooked_mutton":5,"farmersdelight:iron_knife":2,"minecraft:water_bucket":12,"minecraft:mangrove_wood":1,"butcher:butchers_knife":1,"quark:cobblestone_bricks":335,"minecraft:polished_andesite":174,"minecraft:baked_potato":41,"treasure2:milk_crate":1,"minecraft:stonecutter":20,"minecraft:warped_roots":8,"minecraft:cracked_stone_bricks":1,"minecraft:rail":2,"minecraft:crafting_table":11,"minecraft:white_bed":5,"butcher:skinning_knife":1,"minecraft:spruce_log":26,"thirst:terracotta_water_bowl":68,"minecraft:flower_pot":1,"minecraft:cornflower":56,"minecraft:iron_pickaxe":1419,"minecraft:stone_slab":1,"minecraft:spruce_trapdoor":31,"minecraft:spruce_sapling":26,"minecraft:stone_axe":796,"minecraft:cobblestone":45,"minecraft:purple_bed":3,"minecraft:bucket":13,"minecraft:glass_pane":61},"minecraft:mined":{"minecraft:dark_oak_planks":60,"miners_delight:wild_cave_carrots":2,"minecraft:large_amethyst_bud":2,"minecraft:spruce_planks":19,"minecraft:white_bed":6,"minecraft:farmland":32,"immersive_weathering:acacia_leaf_pile":157,"create:andesite_casing":1,"butcher:jar":1,"minecraft:spruce_trapdoor":17,"minecraft:cave_vines_plant":5,"minecraft:grass_block":296,"farmersdelight:budding_tomatoes":4,"minecraft:deepslate_bricks":1,"cozy_home:spruce_grandfather_clock":5,"minecraft:deepslate_tile_stairs":2,"minecraft:composter":2,"automobility:auto_mechanic_table":2,"minecraft:spawner":2,"minecraft:tall_seagrass":1,"minecraft:dark_oak_trapdoor":11,"automobility:automobile_assembler":4,"minecraft:iron_ore":131,"farmersdelight:rice":3,"immersive_weathering:mossy_stone":9,"minecraft:barrel":4,"minecraft:pumpkin":7,"diagonalfences:minecraft/spruce_fence":3,"create:asurine":1,"minecraft:cave_vines":8,"create:spruce_window":4,"minecraft:iron_bars":2,"minecraft:small_amethyst_bud":15,"minecraft:deepslate_brick_stairs":1,"farmersdelight:rice_panicles":1,"minecraft:pink_tulip":14,"minecraft:blue_orchid":49,"quark:dark_oak_vertical_slab":21,"minecraft:spruce_slab":21,"quark:cobblestone_bricks_stairs":142,"create:small_andesite_brick_slab":2,"minecraft:polished_deepslate_stairs":1,"minecraft:medium_amethyst_bud":6,"immersive_weathering:spruce_leaf_pile":179,"minecraft:soul_fire":4,"supplementaries:timber_cross_brace":2,"minecraft:soul_lantern":7,"createloveandwar:sulphur_ore":5,"minecraft:clay":8,"quark:cobblestone_bricks":111,"minecraft:torch":4,"farmersdelight:cabbage_crate":1,"minecraft:mud_brick_stairs":1,"create:scoria":1,"farmersdelight:cabbages":12,"minecraft:glass":1,"minecraft:cobblestone":29,"chimes:iron_chimes":3,"shutter:spruce_shutter":10,"minecraft:grindstone":1,"minecraft:sugar_cane":26,"minecraft:wall_torch":19,"minecraft:seagrass":2,"spelunkers_charm:rock_pile_3":1,"minecraft:acacia_sapling":1,"farmersdelight:cutting_board":2,"minecraft:wheat":178,"create:mechanical_mixer":1,"minecraft:orange_tulip":10,"minecraft:grass":161,"minecraft:oak_log":2,"minecraft:beetroots":37,"minecraft:sand":240,"minecraft:dirt":552,"create:andesite_pillar":20,"cozy_home:spruce_counter":2,"minecraft:stonecutter":20,"antlers:bloody_cow":2,"minecraft:oak_leaves":8,"minecraft:polished_deepslate_wall":5,"immersive_weathering:dark_oak_leaf_pile":60,"create:zinc_ore":14,"realmrpg_skeletons:waterdrop_skeleton":1,"minecraft:deepslate_tiles":2,"minecraft:diamond_ore":6,"mcwbridges:andesite_bridge_stair":17,"graveyard:acacia_coffin":1,"farmersdelight:wild_carrots":11,"minecraft:dark_oak_log":4,"antlers:bloody_fox":1,"minecraft:cobbled_deepslate_slab":1,"minecraft:allium":7,"minecraft:stone_button":1,"farmersdelight:tomatoes":1,"minecraft:spruce_leaves":16,"minecraft:deepslate_brick_slab":1,"minecraft:carrots":2,"minecraft:furnace":6,"minecraft:spruce_sapling":1,"create:framed_glass_pane":20,"minecraft:nether_sprouts":13,"minecraft:acacia_wood":57,"minecraft:andesite":149,"minecraft:stripped_spruce_log":105,"treechop:chopped_log":47,"create:cut_andesite_bricks":13,"minecraft:polished_deepslate":3,"minecraft:potatoes":66,"quark:vertical_spruce_planks":1,"minecraft:stone":600,"farmersdelight:cooking_pot":1,"minecraft:podzol":2,"treasure2:milk_crate":1,"minecraft:acacia_leaves":20,"minecraft:glass_pane":53,"wares:cardboard_box":1,"minecraft:spruce_door":3,"minecraft:crafting_table":9,"minecraft:cornflower":84,"cozy_home:spruce_chair":1,"minecraft:mangrove_wood":2,"supplementaries:item_shelf":1,"create:framed_glass_door":7,"minecraft:warped_roots":6,"spelunkers_charm:dead_grass":1,"minecraft:stone_slab":1,"minecraft:tall_grass":8,"farmersdelight:wild_tomatoes":4,"minecraft:lapis_ore":3,"supplementaries:urn":6,"minecraft:spruce_stairs":24,"minecraft:purple_bed":3,"minecraft:spruce_log":14,"minecraft:birch_leaves":2,"cnc:wendigo_head":1,"minecraft:coal_ore":208,"minecraft:cyan_carpet":1,"quark:spruce_chest":12,"minecraft:gravel":39,"minecraft:cobweb":6,"minecraft:cracked_stone_bricks":2,"minecraft:stripped_acacia_wood":1,"minecraft:polished_andesite":95,"minecraft:mossy_stone_bricks":1,"pots_and_mimics:treasure_pot":5,"minecraft:fern":64},"minecraft:broken":{"immersive_armors:wooden_leggings":1,"minecraft:iron_shovel":4,"minecraft:stone_pickaxe":3,"minecraft:stone_axe":5,"minecraft:iron_sword":2,"minecraft:stone_shovel":2,"minecraft:iron_hoe":1,"immersive_armors:wooden_chestplate":1,"immersive_armors:wooden_boots":1,"minecraft:stone_hoe":1,"minecraft:iron_axe":2,"shieldexp:wooden_shield":1,"minecraft:iron_pickaxe":6,"minecraft:iron_helmet":1},"minecraft:dropped":{"minecraft:iron_sword":2,"minecraft:glow_ink_sac":4,"farmersdelight:cabbage_leaf":7,"minecraft:lantern":2,"minecraft:stone_button":1,"immersive_armors:wooden_leggings":1,"minecraft:cornflower":1,"wares:sealed_delivery_agreement":1,"immersive_armors:wooden_chestplate":1,"minecraft:iron_pickaxe":1,"minecraft:dark_oak_planks":2,"minecraft:wheat":1,"farmersdelight:cabbage":1,"minecraft:stone_axe":1,"immersive_armors:wooden_boots":1,"minecraft:beetroot":7,"minecraft:deepslate_brick_slab":1,"minecraft:rotten_flesh":9,"farmersdelight:cutting_board":1,"supplementaries:ash":13,"farmersdelight:mixed_salad":1,"minecraft:iron_bars":15,"spelunkers_charm:cave_mushroom":2,"createloveandwar:raw_sulphur":5,"minecraft:wheat_seeds":2,"minecraft:feather":2,"minecraft:cobblestone":83,"minecraft:cobweb":5,"quark:vertical_spruce_planks":3,"shieldexp:wooden_shield":1,"thirst:terracotta_bowl":9,"minecraft:stonecutter":1,"minecraft:string":3,"minecraft:polished_deepslate":3,"immersive_weathering:acacia_bark":1,"minecraft:stone_sword":1,"minecraft:raw_copper":1,"minecraft:smooth_stone_slab":48,"minecraft:bowl":1,"minecraft:raw_iron":32,"minecraft:chicken":1,"minecraft:light_gray_wool":1,"minecraft:clay_ball":9,"thirst:terracotta_water_bowl":18,"minecraft:cobbled_deepslate_slab":1,"minecraft:mossy_stone_bricks":1,"minecraft:andesite":10,"minecraft:spider_eye":1,"minecraft:stone_pickaxe":1,"minecraft:wooden_pickaxe":2,"farmersdelight:tomato":8,"immersive_armors:wooden_helmet":1,"minecraft:brick":2},"minecraft:custom":{"minecraft:animals_bred":55,"minecraft:open_barrel":45,"minecraft:interact_with_crafting_table":166,"minecraft:leave_game":11,"minecraft:time_since_death":40223,"minecraft:sprint_one_cm":1537915,"minecraft:damage_blocked_by_shield":160,"minecraft:drop":114,"minecraft:talked_to_villager":16,"minecraft:play_time":984393,"minecraft:deaths":45,"minecraft:jump":8638,"minecraft:walk_on_water_one_cm":47065,"minecraft:interact_with_furnace":218,"minecraft:traded_with_villager":5,"minecraft:sleep_in_bed":81,"minecraft:damage_dealt":26939,"minecraft:player_kills":3,"minecraft:crouch_one_cm":129860,"tombstone:undead_killed":2,"wares:interact_with_delivery_table":2,"minecraft:interact_with_smoker":1,"minecraft:mob_kills":112,"minecraft:interact_with_campfire":16,"minecraft:climb_one_cm":68767,"minecraft:walk_one_cm":3237101,"minecraft:sneak_time":54205,"minecraft:walk_under_water_one_cm":32503,"minecraft:boat_one_cm":5581,"minecraft:total_world_time":984393,"minecraft:pot_flower":1,"minecraft:interact_with_stonecutter":36,"minecraft:time_since_rest":40161,"minecraft:damage_taken":9844,"minecraft:swim_one_cm":152320,"minecraft:fly_one_cm":1368890,"minecraft:open_chest":878,"minecraft:fall_one_cm":191119},"minecraft:picked_up":{"minecraft:wheat":227,"quark:vertical_spruce_planks":7,"minecraft:stone_slab":1,"minecraft:lead":10,"farmersdelight:rice_panicle":13,"minecraft:enchanted_book":1,"butcher:cowcorpseitem":1,"minecraft:polished_deepslate_wall":5,"minecraft:music_disc_cat":1,"minecraft:string":42,"farmersdelight:cutting_board":2,"minecraft:polished_deepslate":3,"minecraft:dark_oak_trapdoor":11,"minecraft:raw_copper":73,"shieldexp:wooden_shield":1,"minecraft:smooth_stone_slab":48,"minecraft:beetroot":38,"minecraft:bucket":2,"farmersdelight:cabbage":31,"minecraft:spruce_planks":19,"minecraft:iron_pickaxe":1,"farmersdelight:cabbage_seeds":72,"minecraft:furnace":6,"minecraft:stick":168,"mcwbridges:andesite_bridge_stair":17,"create:mechanical_mixer":1,"minecraft:composter":2,"minecraft:polished_deepslate_stairs":1,"create:andesite_casing":1,"minecraft:torch":36,"minecraft:spruce_stairs":22,"create:andesite_pillar":20,"minecraft:porkchop":12,"createloveandwar:raw_sulphur":52,"butcher:jar":1,"minecraft:deepslate_tile_stairs":1,"shutter:spruce_shutter":10,"quark:ancient_tome":1,"cozy_home:spruce_grandfather_clock":10,"quark:clear_shard":2,"minecraft:rotten_flesh":75,"create:scoria":1,"supplementaries:antique_ink":3,"create:asurine":1,"farmersdelight:rope":19,"supplementaries:ash":19,"wares:sealed_delivery_agreement":2,"minecraft:iron_bars":17,"wares:cardboard_box":1,"knightquest:great_essence":1,"minecraft:cobblestone":778,"minecraft:feather":6,"farmersdelight:rice":11,"minecraft:water_bucket":1,"minecraft:andesite":654,"quark:dark_oak_vertical_slab":69,"minecraft:mud_brick_stairs":1,"supplementaries:item_shelf":1,"minecraft:potato":313,"minecraft:flint":6,"create:raw_zinc":14,"createloveandwar:em2blueprint":1,"minecraft:dirt":963,"minecraft:lapis_lazuli":17,"minecraft:lantern":1,"farmersdelight:tomato":2,"antlers:tomahawkitem":2,"butcher:raw_ribeye_steak":1,"minecraft:glass":4,"minecraft:bone":54,"butcher:cow_skin":2,"farmersdelight:iron_knife":1,"minecraft:acacia_planks":31,"minecraft:bow":1,"minecraft:stonecutter":20,"minecraft:wheat_seeds":676,"minecraft:orange_tulip":12,"minecraft:deepslate_brick_slab":1,"butcher:raw_tbone_steak":1,"minecraft:cobbled_deepslate_slab":1,"minecraft:mossy_stone_bricks":1,"minecraft:powered_rail":1,"immersive_weathering:cozy_home/spruce_bark":24,"butcher:cow_headf":1,"immersive_weathering:tallow":18,"miners_delight:gossypium":4,"minecraft:cooked_porkchop":12,"minecraft:stripped_acacia_wood":1,"minecraft:poisonous_potato":2,"minecraft:sand":237,"create:cut_andesite_bricks":17,"minecraft:stripped_spruce_log":455,"chimes:iron_chimes":3,"createloveandwar:stg57blueprint":1,"minecraft:dark_oak_log":102,"minecraft:barrel":4,"minecraft:mossy_cobblestone":8,"minecraft:polished_andesite":155,"quark:cobblestone_bricks_stairs":141,"minecraft:diamond":7,"minecraft:mangrove_wood":1,"minecraft:spruce_boat":2,"minecraft:soul_lantern":7,"knightquest:small_essence":107,"minecraft:bone_meal":17,"minecraft:golden_apple":1,"minecraft:bread":2,"create:framed_glass_door":7,"minecraft:oak_sapling":2,"minecraft:spruce_leaves":48,"minecraft:crafting_table":10,"minecraft:allium":7,"graveyard:acacia_coffin":1,"minecraft:chicken":1,"minecraft:clay_ball":44,"minecraft:brown_mushroom":1,"minecraft:wooden_pickaxe":2,"beansbackpacks:backpack":1,"butcher:raw_sirloin_steak":1,"minecraft:cornflower":202,"supplementaries:timber_cross_brace":2,"minecraft:item_frame":1,"treasure2:milk_crate":1,"minecraft:blue_orchid":79,"minecraft:glass_pane":1,"supplementaries:bomb":1,"minecraft:cracked_stone_bricks":1,"quark:spruce_chest":14,"farmersdelight:beef_patty":3,"minecraft:detector_rail":3,"minecraft:beef":14,"farmersdelight:straw":4,"immersive_armors:wooden_leggings":1,"minecraft:spruce_slab":26,"minecraft:light_gray_wool":8,"minecraft:sugar_cane":41,"minecraft:spruce_trapdoor":9,"minecraft:egg":2,"minecraft:dark_oak_sapling":20,"minecraft:raw_iron":128,"minecraft:orange_dye":12,"farmersdelight:minced_beef":4,"immersive_weathering:acacia_bark":2,"minecraft:copper_ingot":3,"farmersdelight:cabbage_crate":1,"minecraft:bowl":12,"minecraft:spruce_fence":4,"automobility:automobile_assembler":4,"createloveandwar:cigarette":1,"farmersdelight:tomato_seeds":9,"minecraft:stone_button":1,"spelunkers_charm:cave_mushroom":2,"minecraft:carrot":11,"create:vertical_gearbox":1,"minecraft:dark_oak_planks":155,"immersive_armors:wooden_helmet":1,"minecraft:arrow":48,"cnc:cougar_head":1,"minecraft:beetroot_seeds":111,"minecraft:shears":1,"minecraft:pink_tulip":14,"minecraft:glow_berries":3,"minecraft:mutton":1,"quark:acacia_ladder":4,"minecraft:white_wool":14,"minecraft:rail":6,"butcher:butchers_knife":1,"butcher:skinning_knife":1,"cnc:wendigo_head":4,"minecraft:glow_ink_sac":4,"minecraft:salmon":4,"minecraft:leather":8,"minecraft:acacia_wood":259,"spelunkers_charm:old_miners_bundle":1,"cozy_home:spruce_counter":2,"minecraft:oak_log":2,"minecraft:cobblestone_wall":30,"minecraft:gunpowder":24,"minecraft:cooked_mutton":5,"naturalist:bass":10,"bountiful:bounty":1,"minecraft:apple":3,"farmersdelight:cooking_pot":1,"automobility:auto_mechanic_table":2,"thirst:terracotta_water_bowl":10,"minecraft:stone_pickaxe":2,"minecraft:cobweb":5,"butcher:raw_chuck_steak":1,"minecraft:iron_sword":2,"minecraft:acacia_sapling":52,"cozy_home:spruce_chair":1,"minecraft:pumpkin":13,"create:small_andesite_brick_slab":17,"minecraft:spyglass":2,"butcher:raw_rump_steak":1,"minecraft:gravel":33,"minecraft:spruce_sapling":76,"minecraft:white_bed":5,"thirst:terracotta_bowl":7,"minecraft:spruce_log":90,"butcher:cowhoof":4,"naturalist:cooked_bass":6,"minecraft:spruce_door":3,"netherite_ore_mod:ancientdebrispiece":1,"minecraft:spider_eye":3,"quark:cobblestone_bricks":112,"minecraft:pumpkin_seeds":4,"minecraft:purple_bed":3,"minecraft:stone_axe":1,"immersive_armors:wooden_chestplate":2,"minecraft:warped_roots":14,"minecraft:baked_potato":28,"minecraft:coal":246}},"DataVersion":3465}