{"stats":{"minecraft:killed":{"cnc:cougar":2,"pots_and_mimics:pot_crab":2,"cnc:wendigo":4,"minecraft:spider":4,"gore:dismembered_spider_2":2,"minecraft:skeleton":50,"minecraft:salmon":6,"sleep_tight:bedbug":4,"minecraft:pig":14,"gore:zombie_without_head_and_arm":4,"minecraft:zombie_villager":4,"minecraft:creeper":16,"antlers:wendigomad":2,"minecraft:zombie":50,"minecraft:stray":6,"minecraft:cow":2,"gore:zombie_without_mouth_and_arm":10,"naturalist:bass":20,"gore:zombie_without_head":4,"gore:zombie_without_legs":4,"gore:zombiewithoutarms":4,"pots_and_mimics:poison_pot_crab":2,"minecraft:player":2},"minecraft:crafted":{"minecraft:brick":1,"cozy_home:spruce_mirror_stand":1,"minecraft:oak_planks":8,"cnc:cookedvenison":9,"minecraft:barrel":6,"minecraft:chain":1,"minecraft:cooked_chicken":1,"minecraft:stone":3,"automobility:auto_mechanic_table":1,"immersive_armors:wooden_chestplate":3,"create:framed_glass_door":4,"create:cut_andesite_bricks":24,"minecraft:dark_oak_door":3,"minecraft:glass":217,"minecraft:decorated_pot":1,"butcher:jar":1,"minecraft:copper_block":1,"immersive_armors:wooden_helmet":2,"minecraft:stone_hoe":2,"create:cogwheel":1,"minecraft:flower_pot":1,"minecraft:item_frame":7,"knightquest:great_essence":1,"minecraft:cauldron":1,"minecraft:emerald":1,"minecraft:crafting_table":3,"minecraft:spruce_planks":584,"minecraft:wooden_pickaxe":1,"minecraft:baked_potato":91,"immersive_armors:wooden_leggings":3,"minecraft:spruce_door":3,"wardrobe:lantern_on_a_stick":1,"minecraft:copper_ingot":79,"cozy_home:spruce_chair":4,"create:mechanical_mixer":1,"cozy_home:spruce_sink_counter":1,"immersive_armors:wooden_boots":3,"minecraft:spruce_trapdoor":30,"minecraft:dark_oak_slab":12,"minecraft:stick":148,"minecraft:iron_pickaxe":5,"minecraft:iron_ingot":75,"shieldexp:wooden_shield":2,"minecraft:iron_block":1,"minecraft:stone_sword":2,"miners_delight:copper_cup":1,"minecraft:composter":1,"create:spruce_window":78,"minecraft:shears":1,"thirst:terracotta_bowl":14,"minecraft:stone_shovel":3,"minecraft:iron_nugget":45,"thirst:clay_bowl":36,"minecraft:furnace":4,"minecraft:stone_button":1,"minecraft:dark_oak_trapdoor":12,"minecraft:cherry_sapling":2,"minecraft:bone_meal":150,"minecraft:spruce_fence":9,"cozy_home:spruce_mirror":3,"mcwbridges:andesite_bridge_stair":11,"minecraft:glass_pane":64,"automobility:automobile_assembler":1,"minecraft:lantern":2,"minecraft:spruce_stairs":136,"minecraft:iron_axe":3,"minecraft:iron_hoe":1,"minecraft:spruce_slab":210,"minecraft:stone_pickaxe":4,"minecraft:spruce_boat":1,"cozy_home:spruce_plank":48,"create:framed_glass_pane":208,"create:basin":1,"quark:spruce_chest":3,"minecraft:dark_oak_planks":520,"quark:dark_oak_ladder":8,"minecraft:cooked_beef":13,"supplementaries:item_shelf":4,"create:andesite_alloy":8,"cozy_home:large_spruce_stump":4,"minecraft:iron_sword":2,"chimes:iron_chimes":1,"supplementaries:timber_cross_brace":1,"thirst:terracotta_water_bowl":99,"farmersdelight:spruce_cabinet":4,"minecraft:stone_axe":5,"minecraft:bread":14,"minecraft:air":0,"minecraft:blue_dye":1,"create:whisk":1,"minecraft:iron_shovel":2,"minecraft:stonecutter":1,"minecraft:torch":36,"create:zinc_ingot":10,"cozy_home:spruce_counter":4},"minecraft:custom":{"minecraft:animals_bred":33,"minecraft:interact_with_crafting_table":155,"minecraft:open_barrel":36,"minecraft:leave_game":10,"minecraft:time_since_death":20370,"minecraft:sprint_one_cm":1465593,"minecraft:damage_blocked_by_shield":160,"minecraft:drop":95,"minecraft:talked_to_villager":16,"minecraft:play_time":892938,"minecraft:deaths":44,"minecraft:jump":8296,"minecraft:walk_on_water_one_cm":45126,"minecraft:interact_with_furnace":218,"minecraft:traded_with_villager":5,"minecraft:sleep_in_bed":76,"minecraft:damage_dealt":26250,"minecraft:player_kills":3,"minecraft:crouch_one_cm":119668,"wares:interact_with_delivery_table":2,"minecraft:interact_with_smoker":1,"minecraft:mob_kills":110,"minecraft:interact_with_campfire":16,"minecraft:climb_one_cm":59925,"minecraft:walk_one_cm":2963535,"minecraft:sneak_time":50248,"minecraft:walk_under_water_one_cm":31873,"minecraft:boat_one_cm":5581,"minecraft:total_world_time":892938,"minecraft:pot_flower":1,"minecraft:interact_with_stonecutter":32,"minecraft:time_since_rest":6597,"minecraft:damage_taken":9432,"minecraft:swim_one_cm":148585,"minecraft:fly_one_cm":1315824,"minecraft:open_chest":824,"minecraft:fall_one_cm":179855},"minecraft:mined":{"minecraft:dark_oak_planks":60,"miners_delight:wild_cave_carrots":2,"minecraft:large_amethyst_bud":2,"minecraft:spruce_planks":19,"minecraft:white_bed":6,"minecraft:farmland":32,"immersive_weathering:acacia_leaf_pile":157,"create:andesite_casing":1,"butcher:jar":1,"minecraft:spruce_trapdoor":17,"minecraft:grass_block":296,"minecraft:deepslate_bricks":1,"cozy_home:spruce_grandfather_clock":5,"minecraft:deepslate_tile_stairs":2,"minecraft:composter":2,"automobility:auto_mechanic_table":2,"minecraft:spawner":2,"minecraft:tall_seagrass":1,"farmersdelight:rice":3,"minecraft:dark_oak_trapdoor":11,"automobility:automobile_assembler":4,"minecraft:iron_ore":131,"immersive_weathering:mossy_stone":9,"minecraft:barrel":4,"diagonalfences:minecraft/spruce_fence":3,"create:asurine":1,"create:spruce_window":3,"minecraft:small_amethyst_bud":15,"minecraft:iron_bars":2,"farmersdelight:rice_panicles":1,"minecraft:deepslate_brick_stairs":1,"minecraft:pink_tulip":14,"minecraft:blue_orchid":49,"quark:dark_oak_vertical_slab":21,"minecraft:spruce_slab":21,"quark:cobblestone_bricks_stairs":142,"minecraft:polished_deepslate_stairs":1,"immersive_weathering:spruce_leaf_pile":179,"minecraft:medium_amethyst_bud":4,"minecraft:soul_fire":4,"supplementaries:timber_cross_brace":2,"minecraft:soul_lantern":7,"createloveandwar:sulphur_ore":5,"quark:cobblestone_bricks":111,"minecraft:clay":8,"minecraft:torch":4,"minecraft:mud_brick_stairs":1,"create:scoria":1,"farmersdelight:cabbages":12,"minecraft:glass":1,"minecraft:cobblestone":6,"shutter:spruce_shutter":2,"minecraft:grindstone":1,"minecraft:sugar_cane":26,"chimes:iron_chimes":3,"minecraft:wall_torch":19,"minecraft:seagrass":2,"spelunkers_charm:rock_pile_3":1,"minecraft:acacia_sapling":1,"farmersdelight:cutting_board":2,"minecraft:wheat":124,"create:mechanical_mixer":1,"minecraft:orange_tulip":10,"minecraft:grass":161,"minecraft:oak_log":2,"minecraft:beetroots":28,"minecraft:sand":240,"minecraft:dirt":552,"create:andesite_pillar":10,"cozy_home:spruce_counter":2,"minecraft:stonecutter":17,"antlers:bloody_cow":2,"minecraft:oak_leaves":8,"immersive_weathering:dark_oak_leaf_pile":60,"realmrpg_skeletons:waterdrop_skeleton":1,"create:zinc_ore":14,"minecraft:deepslate_tiles":2,"minecraft:diamond_ore":6,"mcwbridges:andesite_bridge_stair":17,"graveyard:acacia_coffin":1,"farmersdelight:wild_carrots":11,"minecraft:dark_oak_log":4,"antlers:bloody_fox":1,"minecraft:cobbled_deepslate_slab":1,"minecraft:allium":7,"minecraft:stone_button":1,"minecraft:spruce_leaves":16,"minecraft:deepslate_brick_slab":1,"minecraft:carrots":2,"minecraft:furnace":6,"minecraft:spruce_sapling":1,"create:framed_glass_pane":20,"minecraft:nether_sprouts":13,"minecraft:acacia_wood":57,"minecraft:andesite":124,"minecraft:stripped_spruce_log":105,"treechop:chopped_log":47,"create:cut_andesite_bricks":12,"minecraft:polished_deepslate":3,"minecraft:potatoes":65,"quark:vertical_spruce_planks":1,"minecraft:stone":600,"minecraft:podzol":2,"treasure2:milk_crate":1,"minecraft:acacia_leaves":20,"minecraft:glass_pane":53,"wares:cardboard_box":1,"minecraft:spruce_door":3,"minecraft:crafting_table":9,"minecraft:cornflower":84,"cozy_home:spruce_chair":1,"minecraft:mangrove_wood":2,"supplementaries:item_shelf":1,"create:framed_glass_door":4,"spelunkers_charm:dead_grass":1,"minecraft:warped_roots":6,"minecraft:stone_slab":1,"minecraft:tall_grass":8,"farmersdelight:wild_tomatoes":4,"minecraft:lapis_ore":3,"supplementaries:urn":6,"minecraft:spruce_stairs":24,"minecraft:purple_bed":3,"minecraft:spruce_log":14,"minecraft:birch_leaves":2,"cnc:wendigo_head":1,"minecraft:coal_ore":208,"minecraft:cyan_carpet":1,"quark:spruce_chest":12,"minecraft:gravel":39,"minecraft:cobweb":6,"minecraft:cracked_stone_bricks":2,"minecraft:stripped_acacia_wood":1,"minecraft:polished_andesite":95,"minecraft:mossy_stone_bricks":1,"pots_and_mimics:treasure_pot":5,"minecraft:fern":64},"minecraft:killed_by":{"cnc:wendigo":3,"minecraft:cave_spider":7,"minecraft:zombie":1,"antlers:wendigomad":2,"minecraft:player":1,"minecraft:spider":1,"minecraft:skeleton":5,"antlers:wendigo":19,"cave_dweller:cave_dweller":1},"minecraft:broken":{"immersive_armors:wooden_leggings":1,"minecraft:iron_shovel":4,"minecraft:stone_pickaxe":2,"minecraft:stone_axe":5,"minecraft:iron_sword":2,"minecraft:stone_shovel":2,"minecraft:iron_hoe":1,"immersive_armors:wooden_chestplate":1,"immersive_armors:wooden_boots":1,"minecraft:stone_hoe":1,"minecraft:iron_axe":2,"shieldexp:wooden_shield":1,"minecraft:iron_pickaxe":6,"minecraft:iron_helmet":1},"minecraft:dropped":{"minecraft:iron_sword":2,"minecraft:glow_ink_sac":4,"farmersdelight:cabbage_leaf":3,"minecraft:lantern":2,"minecraft:stone_button":1,"minecraft:cornflower":1,"immersive_armors:wooden_leggings":1,"wares:sealed_delivery_agreement":1,"minecraft:iron_pickaxe":1,"immersive_armors:wooden_chestplate":1,"minecraft:dark_oak_planks":2,"farmersdelight:cabbage":1,"minecraft:stone_axe":1,"minecraft:wheat":1,"immersive_armors:wooden_boots":1,"minecraft:beetroot":3,"minecraft:deepslate_brick_slab":1,"minecraft:rotten_flesh":9,"farmersdelight:cutting_board":1,"supplementaries:ash":13,"minecraft:iron_bars":15,"spelunkers_charm:cave_mushroom":2,"createloveandwar:raw_sulphur":5,"minecraft:wheat_seeds":2,"minecraft:feather":2,"minecraft:cobblestone":81,"minecraft:cobweb":5,"quark:vertical_spruce_planks":3,"shieldexp:wooden_shield":1,"thirst:terracotta_bowl":7,"minecraft:string":3,"minecraft:polished_deepslate":3,"immersive_weathering:acacia_bark":1,"minecraft:stone_sword":1,"minecraft:raw_copper":1,"minecraft:smooth_stone_slab":48,"minecraft:raw_iron":32,"minecraft:chicken":1,"minecraft:light_gray_wool":1,"minecraft:clay_ball":9,"thirst:terracotta_water_bowl":18,"minecraft:cobbled_deepslate_slab":1,"minecraft:mossy_stone_bricks":1,"minecraft:andesite":10,"minecraft:spider_eye":1,"minecraft:stone_pickaxe":1,"minecraft:wooden_pickaxe":2,"farmersdelight:tomato":4,"immersive_armors:wooden_helmet":1,"minecraft:brick":2},"minecraft:picked_up":{"minecraft:wheat":173,"quark:vertical_spruce_planks":7,"minecraft:lead":10,"minecraft:stone_slab":1,"farmersdelight:rice_panicle":5,"minecraft:enchanted_book":1,"butcher:cowcorpseitem":1,"minecraft:music_disc_cat":1,"minecraft:string":14,"farmersdelight:cutting_board":2,"minecraft:polished_deepslate":3,"minecraft:dark_oak_trapdoor":11,"minecraft:raw_copper":73,"shieldexp:wooden_shield":1,"minecraft:smooth_stone_slab":48,"minecraft:beetroot":29,"farmersdelight:cabbage":17,"minecraft:bucket":2,"minecraft:spruce_planks":19,"minecraft:iron_pickaxe":1,"farmersdelight:cabbage_seeds":45,"minecraft:furnace":6,"minecraft:stick":168,"create:mechanical_mixer":1,"mcwbridges:andesite_bridge_stair":17,"minecraft:composter":2,"create:andesite_casing":1,"minecraft:polished_deepslate_stairs":1,"minecraft:torch":36,"minecraft:spruce_stairs":22,"create:andesite_pillar":10,"minecraft:porkchop":12,"createloveandwar:raw_sulphur":52,"butcher:jar":1,"minecraft:deepslate_tile_stairs":1,"shutter:spruce_shutter":2,"quark:ancient_tome":1,"cozy_home:spruce_grandfather_clock":10,"quark:clear_shard":2,"minecraft:rotten_flesh":75,"create:scoria":1,"supplementaries:antique_ink":3,"create:asurine":1,"farmersdelight:rope":19,"supplementaries:ash":19,"wares:sealed_delivery_agreement":2,"minecraft:iron_bars":17,"wares:cardboard_box":1,"knightquest:great_essence":1,"minecraft:cobblestone":767,"minecraft:feather":6,"farmersdelight:rice":7,"farmersdelight:tomato":2,"minecraft:water_bucket":1,"minecraft:andesite":629,"quark:dark_oak_vertical_slab":69,"minecraft:mud_brick_stairs":1,"minecraft:potato":300,"supplementaries:item_shelf":1,"minecraft:flint":6,"create:raw_zinc":14,"minecraft:lantern":1,"createloveandwar:em2blueprint":1,"minecraft:lapis_lazuli":17,"minecraft:dirt":963,"antlers:tomahawkitem":2,"minecraft:acacia_planks":31,"minecraft:glass":4,"minecraft:bone":54,"butcher:cow_skin":2,"farmersdelight:iron_knife":1,"butcher:raw_ribeye_steak":1,"minecraft:bow":1,"minecraft:stonecutter":17,"minecraft:orange_tulip":12,"minecraft:wheat_seeds":526,"minecraft:deepslate_brick_slab":1,"butcher:raw_tbone_steak":1,"minecraft:cobbled_deepslate_slab":1,"minecraft:mossy_stone_bricks":1,"minecraft:powered_rail":1,"immersive_weathering:cozy_home/spruce_bark":24,"butcher:cow_headf":1,"immersive_weathering:tallow":18,"miners_delight:gossypium":4,"minecraft:cooked_porkchop":12,"minecraft:stripped_acacia_wood":1,"minecraft:poisonous_potato":2,"minecraft:sand":237,"create:cut_andesite_bricks":12,"minecraft:stripped_spruce_log":455,"chimes:iron_chimes":3,"minecraft:barrel":4,"createloveandwar:stg57blueprint":1,"minecraft:dark_oak_log":102,"minecraft:mossy_cobblestone":8,"minecraft:polished_andesite":155,"quark:cobblestone_bricks_stairs":141,"minecraft:diamond":7,"minecraft:mangrove_wood":1,"minecraft:spruce_boat":2,"minecraft:soul_lantern":7,"knightquest:small_essence":107,"minecraft:bone_meal":11,"minecraft:golden_apple":1,"minecraft:bread":2,"create:framed_glass_door":4,"minecraft:oak_sapling":2,"graveyard:acacia_coffin":1,"minecraft:spruce_leaves":48,"minecraft:allium":7,"minecraft:crafting_table":10,"minecraft:chicken":1,"minecraft:clay_ball":44,"minecraft:brown_mushroom":1,"minecraft:wooden_pickaxe":2,"beansbackpacks:backpack":1,"butcher:raw_sirloin_steak":1,"minecraft:cornflower":178,"supplementaries:timber_cross_brace":2,"minecraft:item_frame":1,"treasure2:milk_crate":1,"minecraft:blue_orchid":71,"minecraft:glass_pane":1,"supplementaries:bomb":1,"minecraft:cracked_stone_bricks":1,"quark:spruce_chest":14,"farmersdelight:beef_patty":3,"minecraft:detector_rail":3,"minecraft:beef":11,"immersive_armors:wooden_leggings":1,"minecraft:light_gray_wool":1,"minecraft:spruce_slab":23,"minecraft:sugar_cane":41,"minecraft:spruce_trapdoor":9,"minecraft:egg":2,"minecraft:dark_oak_sapling":20,"minecraft:raw_iron":128,"minecraft:orange_dye":12,"immersive_weathering:acacia_bark":2,"minecraft:copper_ingot":3,"minecraft:spruce_fence":4,"automobility:automobile_assembler":4,"createloveandwar:cigarette":1,"farmersdelight:tomato_seeds":4,"minecraft:stone_button":1,"spelunkers_charm:cave_mushroom":2,"minecraft:carrot":11,"create:vertical_gearbox":1,"minecraft:dark_oak_planks":155,"immersive_armors:wooden_helmet":1,"minecraft:arrow":48,"cnc:cougar_head":1,"minecraft:beetroot_seeds":84,"minecraft:shears":1,"minecraft:pink_tulip":14,"minecraft:mutton":1,"quark:acacia_ladder":4,"minecraft:rail":6,"minecraft:white_wool":1,"butcher:butchers_knife":1,"butcher:skinning_knife":1,"cnc:wendigo_head":3,"minecraft:glow_ink_sac":4,"minecraft:salmon":4,"minecraft:leather":8,"minecraft:acacia_wood":259,"spelunkers_charm:old_miners_bundle":1,"cozy_home:spruce_counter":2,"minecraft:oak_log":2,"minecraft:gunpowder":24,"minecraft:cobblestone_wall":30,"naturalist:bass":10,"minecraft:cooked_mutton":5,"bountiful:bounty":1,"minecraft:apple":3,"automobility:auto_mechanic_table":2,"thirst:terracotta_water_bowl":9,"minecraft:stone_pickaxe":2,"minecraft:cobweb":5,"butcher:raw_chuck_steak":1,"minecraft:iron_sword":2,"minecraft:acacia_sapling":52,"cozy_home:spruce_chair":1,"minecraft:pumpkin":6,"minecraft:spyglass":2,"minecraft:gravel":33,"butcher:raw_rump_steak":1,"naturalist:cooked_bass":6,"minecraft:spruce_sapling":76,"minecraft:white_bed":5,"thirst:terracotta_bowl":6,"minecraft:spruce_log":90,"butcher:cowhoof":4,"minecraft:spider_eye":3,"netherite_ore_mod:ancientdebrispiece":1,"minecraft:spruce_door":3,"quark:cobblestone_bricks":112,"minecraft:pumpkin_seeds":3,"minecraft:purple_bed":3,"minecraft:stone_axe":1,"immersive_armors:wooden_chestplate":2,"minecraft:warped_roots":13,"minecraft:baked_potato":28,"minecraft:coal":246},"minecraft:used":{"minecraft:beetroot":6,"minecraft:cherry_sapling":2,"minecraft:iron_shovel":839,"minecraft:spruce_slab":197,"farmersdelight:cabbage_seeds":51,"minecraft:decorated_pot":1,"minecraft:iron_sword":635,"cozy_home:spruce_mirror_stand":1,"graveyard:acacia_coffin":1,"shutter:spruce_shutter":2,"minecraft:carrot":2,"minecraft:acacia_sapling":22,"quark:vertical_spruce_planks":1,"create:framed_glass_pane":208,"automobility:automobile_assembler":4,"minecraft:stripped_spruce_log":378,"minecraft:polished_deepslate_stairs":1,"minecraft:spruce_boat":3,"minecraft:glass":1,"minecraft:blue_orchid":12,"cozy_home:spruce_chair":5,"minecraft:dark_oak_wood":22,"create:scoria":1,"minecraft:iron_helmet":1,"minecraft:item_frame":8,"create:andesite_pillar":170,"farmersdelight:cutting_board":1,"minecraft:furnace":9,"minecraft:oak_sapling":1,"minecraft:beetroot_seeds":84,"minecraft:egg":2,"cnc:cougar_head":1,"minecraft:potato":199,"beansbackpacks:backpack":1,"cozy_home:spruce_sink_counter":1,"quark:dark_oak_ladder":6,"minecraft:dark_oak_sapling":16,"minecraft:spruce_door":5,"minecraft:stone_pickaxe":268,"cnc:wendigo_head":3,"minecraft:orange_tulip":1,"minecraft:wooden_pickaxe":6,"quark:dark_oak_vertical_slab":41,"minecraft:composter":3,"minecraft:sugar_cane":19,"cozy_home:spruce_mirror":1,"minecraft:dark_oak_trapdoor":11,"farmersdelight:rice":7,"minecraft:pumpkin_seeds":6,"chimes:iron_chimes":4,"automobility:auto_mechanic_table":2,"minecraft:bread":2,"minecraft:stone_button":1,"create:cut_andesite_bricks":288,"quark:cobblestone_bricks_stairs":259,"minecraft:diamond_ore":1,"create:asurine":1,"minecraft:soul_lantern":7,"create:basin":1,"supplementaries:timber_cross_brace":2,"farmersdelight:spruce_cabinet":4,"create:framed_glass_door":6,"minecraft:andesite":43,"cozy_home:spruce_grandfather_clock":7,"minecraft:bone_meal":173,"miners_delight:gossypium":1,"minecraft:stripped_acacia_wood":1,"cnc:cookedvenison":9,"cozy_home:spruce_counter":6,"minecraft:iron_bars":2,"minecraft:stone_sword":71,"wares:cardboard_box":6,"minecraft:stone_shovel":389,"minecraft:spruce_planks":67,"cozy_home:large_spruce_stump":4,"minecraft:stone_hoe":153,"minecraft:cooked_chicken":1,"minecraft:torch":57,"minecraft:dirt":642,"create:mechanical_mixer":2,"miners_delight:copper_cup":1,"minecraft:spruce_stairs":133,"minecraft:spruce_fence":11,"supplementaries:item_shelf":5,"minecraft:mud_brick_stairs":1,"create:spruce_window":77,"farmersdelight:beef_patty":3,"minecraft:iron_hoe":252,"minecraft:dark_oak_planks":586,"shieldexp:wooden_shield":5,"quark:spruce_chest":17,"minecraft:iron_axe":645,"minecraft:barrel":10,"butcher:jar":2,"minecraft:golden_carrot":1,"minecraft:acacia_wood":31,"mcwbridges:andesite_bridge_stair":14,"farmersdelight:tomato_seeds":4,"minecraft:wheat_seeds":524,"minecraft:cooked_mutton":5,"farmersdelight:iron_knife":1,"minecraft:water_bucket":11,"minecraft:mangrove_wood":1,"quark:cobblestone_bricks":335,"minecraft:polished_andesite":174,"butcher:butchers_knife":1,"minecraft:baked_potato":41,"treasure2:milk_crate":1,"minecraft:stonecutter":17,"minecraft:cracked_stone_bricks":1,"minecraft:warped_roots":7,"minecraft:rail":2,"minecraft:crafting_table":11,"minecraft:white_bed":5,"minecraft:spruce_log":26,"thirst:terracotta_water_bowl":67,"minecraft:flower_pot":1,"minecraft:cornflower":56,"minecraft:iron_pickaxe":1408,"minecraft:stone_slab":1,"minecraft:spruce_trapdoor":31,"minecraft:spruce_sapling":26,"minecraft:stone_axe":796,"minecraft:cobblestone":45,"minecraft:purple_bed":3,"minecraft:bucket":12,"minecraft:glass_pane":61}},"DataVersion":3465}