{"stats":{"minecraft:picked_up":{"minecraft:iron_chestplate":9,"quark:vertical_spruce_planks":7,"minecraft:chainmail_boots":1,"minecraft:stone_slab":1,"minecraft:smithing_table":1,"minecraft:lead":10,"farmersdelight:rice_panicle":27,"minecraft:oak_stairs":2,"minecraft:enchanted_book":1,"automobility:front_attachment":3,"butcher:cowcorpseitem":1,"minecraft:polished_deepslate_wall":5,"minecraft:amethyst_block":1,"farmersdelight:cutting_board":2,"minecraft:polished_deepslate":3,"minecraft:music_disc_cat":1,"minecraft:string":71,"minecraft:dark_oak_trapdoor":32,"shieldexp:wooden_shield":1,"minecraft:beetroot":53,"minecraft:cobbled_deepslate":39,"minecraft:spruce_planks":19,"minecraft:golden_helmet":5,"mcwbridges:andesite_bridge_stair":17,"minecraft:jukebox":1,"minecraft:composter":2,"create:andesite_casing":1,"create:andesite_pillar":20,"createloveandwar:raw_sulphur":76,"minecraft:honeycomb_block":6,"minecraft:cherry_log":182,"minecraft:deepslate_tile_stairs":1,"minecraft:golden_chestplate":1,"automobility:automobile_frame":9,"cozy_home:spruce_grandfather_clock":10,"quark:clear_shard":4,"create:scoria":1,"farmersdelight:onion":66,"minecraft:carved_pumpkin":1,"farmersdelight:rope":20,"supplementaries:ash":34,"minecraft:blaze_rod":5,"wares:cardboard_box":1,"minecraft:iron_bars":38,"minecraft:snowball":444,"mcwbridges:spruce_log_bridge_middle":23,"minecraft:feather":6,"farmersdelight:rice":26,"minecraft:water_bucket":1,"immersive_weathering:silt":1,"minecraft:flint":8,"minecraft:cherry_fence":2,"farmersdelight:tomato":5,"luckys_armory:heavy_golden_armor_open_helmet":1,"minecraft:lantern":1,"supplementaries:doormat":1,"farmersdelight:mutton_chops":4,"butcher:cow_skin":2,"supplementaries:goblet":1,"supplementaries:flag_magenta":3,"minecraft:stonecutter":26,"butcher:raw_tbone_steak":1,"minecraft:glowstone_dust":27,"butcher:cow_headf":1,"immersive_weathering:tallow":18,"miners_delight:gossypium":6,"endrem:lost_eye":1,"minecraft:stripped_acacia_wood":37,"tombstone:scroll_of_feather_fall":1,"automobility:automobile_engine":9,"create:cut_andesite_bricks":19,"minecraft:stripped_spruce_log":463,"minecraft:ink_sac":4,"chimes:iron_chimes":4,"minecraft:dark_oak_log":227,"minecraft:barrel":4,"minecraft:bundle":2,"minecraft:polished_andesite":217,"minecraft:cherry_hanging_sign":3,"knightquest:small_essence":352,"minecraft:bread":2,"minecraft:chainmail_helmet":1,"create:framed_glass_door":7,"minecraft:cherry_slab":51,"minecraft:bricks":3,"create_sa:slime_boots":1,"minecraft:spruce_leaves":48,"minecraft:crafting_table":18,"minecraft:coarse_dirt":3,"graveyard:acacia_coffin":1,"minecraft:clay_ball":47,"minecraft:golden_pickaxe":1,"minecraft:leather_leggings":5,"minecraft:stripped_cherry_log":5,"beansbackpacks:backpack":2,"tombstone:scroll_of_preservation":1,"butcher:raw_sirloin_steak":1,"minecraft:cornflower":224,"immersive_armors:steampunk_leggings":1,"minecraft:acacia_door":1,"minecraft:white_carpet":2,"create:redstone_link":1,"minecraft:glass_pane":1,"supplementaries:bomb":1,"minecraft:cracked_stone_bricks":9,"quark:spruce_chest":14,"farmersdelight:beef_patty":35,"minecraft:beef":81,"immersive_armors:wooden_leggings":1,"minecraft:spruce_slab":28,"minecraft:minecart":1,"luckys_armory:heavy_golden_armor_leggings":1,"minecraft:chest":3,"minecraft:cherry_button":1,"minecraft:egg":2,"immersive_weathering:acacia_bark":2,"farmersdelight:cabbage_crate":1,"farmersdelight:minced_beef":66,"minecraft:spruce_fence":4,"farmersdelight:tomato_seeds":10,"minecraft:carrot":30,"minecraft:redstone":97,"create:vertical_gearbox":1,"minecraft:tnt":2,"immersive_armors:wooden_helmet":1,"cnc:cougar_head":1,"minecraft:beetroot_seeds":144,"supplementaries:sconce":4,"minecraft:shears":4,"handcrafted:fancy_painting":21,"minecraft:hay_block":1,"minecraft:gold_ingot":65,"firstaid:bandage":3,"minecraft:polished_blackstone":64,"minecraft:glow_berries":5,"minecraft:mutton":12,"quark:acacia_ladder":5,"minecraft:white_wool":84,"minecraft:rail":6,"copperntraps:undeployed":6,"cnc:wendigo_head":8,"minecraft:acacia_wood":311,"spelunkers_charm:old_miners_bundle":2,"graveyard:small_light_gray_urn":1,"minecraft:oak_log":10,"quark:paper_wall_sakura":4,"minecraft:golden_boots":3,"minecraft:white_banner":2,"automobility:automobile_wheel":28,"bountiful:bounty":1,"minecraft:light_blue_banner":4,"minecraft:apple":12,"minecraft:stone_bricks":6,"farmersdelight:cooking_pot":1,"minecraft:kelp":13,"automobility:auto_mechanic_table":4,"thirst:terracotta_water_bowl":14,"minecraft:stone_pickaxe":2,"quark:paper_lantern_sakura":8,"minecraft:cobweb":5,"minecraft:iron_ore":2,"butcher:raw_chuck_steak":1,"minecraft:gray_bed":3,"minecraft:iron_sword":2,"minecraft:polished_andesite_stairs":1,"create:cut_andesite_brick_wall":20,"cozy_home:spruce_chair":1,"immersive_weathering:soot":15,"minecraft:spyglass":2,"minecraft:torchflower_seeds":1,"butcher:raw_rump_steak":1,"minecraft:gravel":132,"minecraft:spruce_sapling":85,"thirst:terracotta_bowl":11,"minecraft:spruce_log":131,"naturalist:cooked_bass":6,"netherite_ore_mod:ancientdebrispiece":3,"farmersdelight:cabbage_leaf":2,"quark:cobblestone_bricks":112,"minecraft:purple_bed":3,"minecraft:slime_ball":96,"minecraft:stone_axe":1,"quark:paper_wall":34,"minecraft:diamond_axe":1,"minecraft:warped_roots":17,"minecraft:baked_potato":31,"immersive_weathering:cozy_home/cherry_bark":36,"minecraft:wheat":387,"minecraft:redstone_block":2,"quark:music_disc_drips":1,"minecraft:potion":1,"minecraft:stone_brick_stairs":1,"shutter:cherry_shutter":13,"minecraft:raw_copper":93,"minecraft:smooth_stone_slab":48,"minecraft:iron_leggings":6,"minecraft:zombie_head":1,"farmersdelight:cabbage":53,"minecraft:bucket":2,"luckys_armory:heavy_golden_armor_chestplate":1,"minecraft:azalea":1,"minecraft:calcite":122,"minecraft:iron_pickaxe":2,"farmersdelight:cabbage_seeds":114,"minecraft:iron_boots":1,"minecraft:furnace":6,"minecraft:tipped_arrow":18,"minecraft:stick":324,"create:mechanical_mixer":1,"minecraft:polished_deepslate_stairs":1,"minecraft:torch":84,"minecraft:spruce_stairs":24,"minecraft:porkchop":12,"butcher:jar":1,"tombstone:grave_dust":18,"minecraft:diorite":45,"supplementaries:flax":11,"shutter:spruce_shutter":11,"quark:ancient_tome":1,"minecraft:cactus":3,"minecraft:rotten_flesh":199,"farmersdelight:tree_bark":70,"quark:violet_corundum_cluster":9,"supplementaries:antique_ink":3,"create:asurine":33,"wares:sealed_delivery_agreement":2,"minecraft:spruce_hanging_sign":3,"minecraft:cobblestone":887,"knightquest:great_essence":1,"minecraft:leather_chestplate":4,"minecraft:cherry_planks":40,"minecraft:andesite":2139,"quark:dark_oak_vertical_slab":243,"minecraft:mud_brick_stairs":1,"minecraft:potato":375,"supplementaries:item_shelf":1,"minecraft:tuff":26,"create:raw_zinc":17,"supplementaries:flax_seeds":17,"graveyard:dark_iron_door":1,"minecraft:acacia_boat":5,"createloveandwar:em2blueprint":1,"minecraft:lapis_lazuli":17,"minecraft:dirt":1265,"antlers:tomahawkitem":16,"luckys_armory:heavy_golden_armor_boots":1,"minecraft:leather_boots":1,"minecraft:glass":5,"minecraft:bone":162,"minecraft:acacia_planks":31,"butcher:raw_ribeye_steak":1,"farmersdelight:iron_knife":1,"minecraft:bow":9,"minecraft:wheat_seeds":1048,"minecraft:orange_tulip":13,"minecraft:deepslate_brick_slab":1,"minecraft:raw_gold":16,"minecraft:cobbled_deepslate_slab":1,"minecraft:bamboo":554,"minecraft:mossy_stone_bricks":14,"minecraft:powered_rail":1,"immersive_weathering:cozy_home/spruce_bark":38,"minecraft:mossy_stone_brick_stairs":1,"firstaid:plaster":8,"minecraft:cooked_porkchop":12,"minecraft:poisonous_potato":2,"automobility:rear_attachment":5,"minecraft:sand":237,"createloveandwar:stg57blueprint":1,"blocky_siege:reinforced_bamboo_door":1,"farmersdelight:cooked_mutton_chops":4,"minecraft:mossy_cobblestone":23,"quark:cobblestone_bricks_stairs":141,"minecraft:diamond":27,"minecraft:mangrove_wood":1,"minecraft:spruce_boat":6,"minecraft:soul_lantern":7,"tombstone:tablet_of_recall":1,"minecraft:bone_meal":24,"minecraft:golden_apple":1,"minecraft:oak_sapling":2,"minecraft:cocoa_beans":40,"minecraft:allium":19,"minecraft:chicken":1,"minecraft:brown_mushroom":4,"minecraft:wooden_pickaxe":2,"spelunkers_charm:deepslate_rock":3,"minecraft:brick":3,"minecraft:shield":5,"minecraft:oak_trapdoor":1,"supplementaries:timber_cross_brace":2,"miners_delight:cave_carrot":4,"minecraft:item_frame":2,"cold_sweat:thermometer":2,"treasure2:milk_crate":1,"minecraft:blackstone":55,"minecraft:blue_orchid":93,"graveyard:corruption":4,"minecraft:detector_rail":3,"farmersdelight:straw":19,"minecraft:oak_boat":2,"monster_hunter_villager:hunters_table":1,"minecraft:light_gray_wool":36,"minecraft:sugar_cane":103,"minecraft:spruce_trapdoor":9,"minecraft:phantom_membrane":6,"minecraft:dark_oak_sapling":53,"minecraft:raw_iron":161,"minecraft:orange_dye":12,"minecraft:cherry_stairs":23,"quark:violet_corundum":4,"minecraft:copper_ingot":3,"minecraft:bowl":12,"automobility:automobile_assembler":8,"createloveandwar:cigarette":1,"minecraft:stone_button":1,"spelunkers_charm:cave_mushroom":2,"minecraft:dark_oak_planks":283,"minecraft:purple_candle":12,"minecraft:arrow":149,"create_sa:slime_helmet":1,"minecraft:pink_tulip":14,"quark:bamboo_mat":101,"minecraft:brick_stairs":3,"minecraft:cracked_deepslate_tiles":1,"butcher:butchers_knife":1,"butcher:skinning_knife":1,"minecraft:glow_ink_sac":4,"minecraft:salmon":4,"minecraft:leather":43,"cozy_home:spruce_counter":2,"minecraft:chainmail_chestplate":4,"minecraft:cobblestone_wall":30,"minecraft:gunpowder":40,"farmersdelight:tatami":1,"naturalist:bass":10,"minecraft:cooked_mutton":5,"handcrafted:spruce_table":1,"handcrafted:bamboo_fancy_bed":6,"minecraft:iron_ingot":43,"minecraft:acacia_sapling":52,"immersive_armors:steampunk_helmet":1,"minecraft:book":12,"minecraft:scaffolding":76,"minecraft:black_candle":1,"minecraft:pumpkin":18,"create:small_andesite_brick_slab":17,"minecraft:white_bed":7,"butcher:cowhoof":4,"minecraft:spruce_door":3,"minecraft:spider_eye":12,"minecraft:pumpkin_seeds":17,"minecraft:honey_block":4,"immersive_armors:wooden_chestplate":2,"minecraft:chainmail_leggings":2,"minecraft:iron_helmet":4,"minecraft:cherry_sapling":121,"tombstone:magic_scroll":7,"spelunkers_charm:rock":2,"minecraft:coal":343},"minecraft:killed":{"minecraft:cave_spider":4,"cnc:wendigo":8,"graveyard:wraith":4,"minecraft:skeleton":110,"gore:zombie_without_mouth":2,"gore:zombie_without_legs_and_arm":6,"minecraft:salmon":6,"minecraft:pillager":2,"minecraft:zombie":178,"minecraft:cow":64,"gore:zombie_without_mouth_and_arms":2,"gore:zombie_without_mouth_and_arm":16,"gore:zombie_without_head":10,"gore:zombie_without_legs":4,"gore:zombiewithoutarms":6,"cnc:cougar":2,"pots_and_mimics:pot_crab":4,"minecraft:spider":30,"gore:dismembered_spider_2":2,"sleep_tight:bedbug":4,"minecraft:pig":14,"gore:zombie_without_head_and_arm":6,"minecraft:zombie_villager":4,"minecraft:creeper":20,"minecraft:sheep":22,"antlers:wendigomad":2,"minecraft:stray":62,"graveyard:corrupted_pillager":6,"minecraft:blaze":2,"minecraft:slime":242,"naturalist:bass":20,"minecraft:drowned":2,"minecraft:squid":4,"pots_and_mimics:poison_pot_crab":4,"minecraft:player":2},"minecraft:mined":{"minecraft:dark_oak_planks":139,"createloveandwar:deepslate_sulphur_ore":1,"supplementaries:goblet":1,"minecraft:white_bed":8,"create:andesite_casing":9,"minecraft:cherry_log":10,"butcher:jar":1,"minecraft:carved_pumpkin":1,"minecraft:deepslate_bricks":1,"immersive_weathering:dune_grass":1,"minecraft:deepslate_tile_stairs":2,"automobility:auto_mechanic_table":4,"supplementaries:sconce_wall":4,"minecraft:spawner":18,"minecraft:tall_seagrass":4,"minecraft:magma_block":1,"minecraft:dark_oak_trapdoor":32,"minecraft:barrel":4,"immersive_weathering:mossy_stone":9,"minecraft:cobbled_deepslate":1,"minecraft:fire":8,"minecraft:pumpkin":12,"minecraft:sculk_shrieker":1,"minecraft:cave_vines":14,"minecraft:small_amethyst_bud":17,"minecraft:deepslate_brick_stairs":1,"farmersdelight:rice_panicles":1,"minecraft:pink_tulip":14,"minecraft:blue_orchid":49,"quark:dark_oak_vertical_slab":180,"create:small_andesite_brick_slab":2,"minecraft:brown_mushroom":2,"copperntraps:undeployed":2,"immersive_weathering:spruce_leaf_pile":211,"minecraft:soul_fire":10,"supplementaries:timber_cross_brace":2,"create:cut_andesite_brick_wall":14,"createloveandwar:sulphur_ore":8,"minecraft:torch":13,"farmersdelight:cabbage_crate":1,"minecraft:mud_brick_stairs":1,"create:scoria":1,"quark:paper_wall_sakura":4,"minecraft:glass":1,"farmersdelight:cabbages":12,"minecraft:sugar_cane":76,"minecraft:cherry_slab":45,"minecraft:wheat":231,"create:mechanical_mixer":1,"minecraft:torchflower_crop":1,"minecraft:pumpkin_stem":5,"mcwbridges:spruce_log_bridge_middle":23,"minecraft:stone_brick_stairs":1,"minecraft:grass":217,"minecraft:cherry_button":1,"minecraft:dark_oak_sapling":5,"create:andesite_pillar":20,"cozy_home:spruce_counter":2,"minecraft:stonecutter":25,"antlers:bloody_cow":2,"minecraft:deepslate":42,"minecraft:attached_pumpkin_stem":1,"create:zinc_ore":14,"minecraft:deepslate_tiles":2,"mcwbridges:andesite_bridge_stair":17,"minecraft:mossy_cobblestone":7,"farmersdelight:wild_carrots":11,"minecraft:dark_oak_log":5,"minecraft:cherry_sapling":1,"antlers:bloody_fox":1,"minecraft:purple_candle":4,"minecraft:cobbled_deepslate_slab":1,"minecraft:allium":7,"amendments:ceiling_banner_light_blue":1,"farmersdelight:wild_onions":5,"supplementaries:flax":1,"minecraft:snow":103,"minecraft:acacia_wood":63,"minecraft:andesite":389,"minecraft:mossy_stone_brick_stairs":1,"minecraft:potatoes":90,"minecraft:vine":2,"quark:vertical_spruce_planks":1,"minecraft:bamboo":211,"minecraft:glass_pane":53,"minecraft:cherry_planks":40,"monster_hunter_villager:hunters_table":1,"minecraft:cornflower":84,"cozy_home:spruce_chair":1,"minecraft:mangrove_wood":2,"supplementaries:item_shelf":1,"create:framed_glass_door":7,"minecraft:warped_roots":7,"spelunkers_charm:dead_grass":1,"minecraft:tall_grass":12,"minecraft:copper_ore":1,"minecraft:deepslate_gold_ore":16,"farmersdelight:wild_tomatoes":4,"minecraft:diorite":42,"minecraft:purple_bed":3,"minecraft:coarse_dirt":1,"quark:paper_wall":31,"minecraft:cherry_wall_hanging_sign":2,"supplementaries:doormat":1,"minecraft:white_carpet":2,"minecraft:spruce_log":40,"minecraft:birch_leaves":2,"scarecrowsterritory:primitive_scarecrow":1,"cnc:wendigo_head":4,"minecraft:gravel":71,"minecraft:cobweb":17,"minecraft:stone_bricks":2,"minecraft:fern":73,"miners_delight:wild_cave_carrots":4,"minecraft:large_amethyst_bud":4,"create:deepslate_zinc_ore":1,"copperntraps:triggered_bear_trap":3,"minecraft:spruce_planks":19,"minecraft:farmland":32,"immersive_weathering:acacia_leaf_pile":160,"minecraft:sculk_vein":4,"blocky_siege:reinforced_bamboo_door":1,"minecraft:cave_vines_plant":9,"minecraft:spruce_trapdoor":17,"minecraft:grass_block":470,"graveyard:dark_iron_door":1,"cozy_home:spruce_grandfather_clock":5,"farmersdelight:budding_tomatoes":5,"minecraft:composter":2,"copperntraps:bear_trap":1,"automobility:automobile_assembler":8,"farmersdelight:rice":3,"minecraft:iron_ore":155,"handcrafted:bamboo_fancy_bed":6,"shutter:cherry_shutter":11,"diagonalfences:minecraft/spruce_fence":3,"create:asurine":29,"create:spruce_window":4,"minecraft:flowering_azalea_leaves":1,"minecraft:cherry_hanging_sign":1,"minecraft:iron_bars":24,"minecraft:spruce_slab":23,"quark:violet_corundum":4,"quark:cobblestone_bricks_stairs":142,"minecraft:deepslate_redstone_ore":21,"minecraft:polished_deepslate_stairs":1,"minecraft:medium_amethyst_bud":9,"minecraft:soul_lantern":7,"minecraft:clay":8,"quark:cobblestone_bricks":111,"minecraft:calcite":37,"minecraft:chest":2,"supplementaries:wild_flax":1,"minecraft:cobblestone":121,"minecraft:honeycomb_block":6,"shutter:spruce_shutter":11,"minecraft:grindstone":1,"chimes:iron_chimes":3,"minecraft:wall_torch":26,"minecraft:spruce_wall_hanging_sign":3,"minecraft:seagrass":4,"spelunkers_charm:rock_pile_3":1,"minecraft:acacia_sapling":1,"farmersdelight:cutting_board":2,"minecraft:blue_ice":2,"minecraft:orange_tulip":10,"minecraft:cracked_deepslate_tiles":1,"graveyard:creeper_skeleton":1,"minecraft:oak_log":5,"minecraft:beetroots":48,"minecraft:sand":240,"minecraft:dirt":597,"handcrafted:spruce_table":1,"immersive_weathering:dark_oak_leaf_pile":114,"minecraft:polished_deepslate_wall":5,"minecraft:oak_leaves":8,"realmrpg_skeletons:waterdrop_skeleton":1,"minecraft:diamond_ore":6,"minecraft:tuff":26,"farmersdelight:onions":9,"minecraft:deepslate_diamond_ore":18,"graveyard:acacia_coffin":1,"minecraft:stripped_cherry_log":5,"minecraft:chiseled_bookshelf":1,"minecraft:stone_button":1,"farmersdelight:tomatoes":1,"minecraft:spruce_leaves":26,"quark:bamboo_mat":100,"supplementaries:flag_magenta":3,"minecraft:deepslate_brick_slab":1,"minecraft:light_blue_wall_banner":2,"minecraft:oak_trapdoor":1,"create:framed_glass_pane":20,"minecraft:spruce_sapling":1,"minecraft:furnace":6,"minecraft:carrots":4,"minecraft:nether_sprouts":14,"minecraft:stripped_spruce_log":111,"treechop:chopped_log":67,"create:cut_andesite_bricks":14,"minecraft:polished_deepslate":3,"minecraft:bookshelf":2,"minecraft:deepslate_iron_ore":8,"minecraft:stone":609,"minecraft:cherry_stairs":22,"farmersdelight:cooking_pot":1,"minecraft:podzol":3,"treasure2:milk_crate":1,"minecraft:acacia_leaves":21,"minecraft:scaffolding":48,"quark:paper_lantern_sakura":8,"wares:cardboard_box":1,"minecraft:snow_block":53,"minecraft:spruce_door":3,"graveyard:small_light_gray_urn":1,"quark:spruce_bookshelf":1,"minecraft:crafting_table":17,"minecraft:honey_block":4,"minecraft:sculk_sensor":3,"minecraft:stone_slab":1,"minecraft:lapis_ore":3,"supplementaries:urn":16,"minecraft:spruce_stairs":24,"immersive_weathering:cherry_leaf_pile":329,"spelunkers_charm:deepslate_rock_pile_3":1,"minecraft:gray_bed":3,"diagonalfences:minecraft/cherry_fence":2,"farmersdelight:tatami":1,"minecraft:coal_ore":215,"minecraft:cocoa":15,"quark:spruce_chest":12,"minecraft:cyan_carpet":1,"minecraft:cracked_stone_bricks":4,"minecraft:stripped_acacia_wood":1,"minecraft:polished_andesite":157,"minecraft:mossy_stone_bricks":4,"quark:violet_corundum_cluster":5,"pots_and_mimics:treasure_pot":8},"minecraft:crafted":{"minecraft:black_dye":4,"minecraft:polished_deepslate_wall":4,"create_sa:copper_chestplate":1,"minecraft:chain":5,"automobility:auto_mechanic_table":1,"shutter:cherry_shutter":16,"cozy_home:cherry_grandfather_clock":1,"quark:acacia_bookshelf":5,"create:framed_glass_door":4,"shutter:spruce_shutter":4,"create:cut_andesite_bricks":24,"quark:dark_oak_vertical_slab":324,"minecraft:glass":217,"minecraft:decorated_pot":1,"create:cut_andesite_brick_stairs":3,"minecraft:black_wool":4,"supplementaries:flute":1,"minecraft:magenta_dye":12,"create:cogwheel":1,"quark:paper_wall":30,"minecraft:flower_pot":1,"knightquest:great_essence":1,"automobility:crowbar":1,"minecraft:wooden_shovel":1,"minecraft:emerald":1,"minecraft:diamond_axe":1,"farmersdelight:cabbage_crate":1,"minecraft:spruce_door":3,"wardrobe:lantern_on_a_stick":1,"minecraft:clock":1,"cozy_home:spruce_chair":4,"minecraft:copper_ingot":88,"minecraft:hay_block":1,"create:mechanical_mixer":1,"cozy_home:spruce_sink_counter":1,"minecraft:painting":3,"minecraft:bamboo_planks":14,"minecraft:iron_pickaxe":8,"minecraft:iron_block":3,"minecraft:composter":1,"naturalist:bug_net":1,"thirst:terracotta_bowl":14,"minecraft:magenta_wool":6,"minecraft:stone_shovel":3,"minecraft:iron_nugget":63,"thirst:clay_bowl":36,"wardrobe:farmers_hat_helmet":1,"minecraft:bone_meal":168,"minecraft:spruce_fence":45,"minecraft:pink_dye":10,"cozy_home:spruce_mirror":3,"mcwbridges:andesite_bridge_stair":11,"create_sa:copper_shovel":1,"minecraft:cherry_trapdoor":4,"minecraft:lantern":2,"minecraft:spruce_stairs":136,"supplementaries:sconce":2,"minecraft:spruce_slab":252,"minecraft:cherry_stairs":84,"minecraft:stone_pickaxe":4,"farmersdelight:rice":9,"minecraft:spruce_boat":1,"minecraft:redstone_block":2,"quark:spruce_chest":13,"minecraft:dark_oak_planks":876,"quark:dark_oak_ladder":48,"cozy_home:large_spruce_stump":4,"minecraft:light_blue_wool":6,"handcrafted:bamboo_fancy_bed":2,"quark:paper_lantern_sakura":6,"supplementaries:timber_cross_brace":1,"farmersdelight:cooking_pot":1,"handcrafted:blue_sheet":1,"farmersdelight:spruce_cabinet":4,"mcwbridges:spruce_log_bridge_middle":48,"quark:paper_lantern":6,"quark:bamboo_mat":80,"minecraft:iron_shovel":3,"handcrafted:spruce_side_table":2,"handcrafted:fancy_painting":3,"minecraft:brick":1,"wardrobe:pink_scarf":1,"cozy_home:spruce_mirror_stand":1,"minecraft:oak_planks":20,"cnc:cookedvenison":9,"minecraft:barrel":6,"minecraft:cherry_slab":162,"minecraft:spruce_hanging_sign":6,"farmersdelight:canvas":2,"minecraft:cooked_chicken":1,"minecraft:stone":3,"quark:cherry_chest":2,"minecraft:bamboo_door":3,"minecraft:light_blue_banner":1,"immersive_armors:wooden_chestplate":3,"minecraft:bamboo_block":7,"minecraft:dark_oak_door":3,"supplementaries:goblet":1,"butcher:jar":1,"minecraft:copper_block":12,"immersive_armors:wooden_helmet":2,"minecraft:stone_hoe":2,"minecraft:cherry_fence":9,"create_sa:copper_axe":1,"minecraft:item_frame":7,"minecraft:cauldron":1,"minecraft:crafting_table":5,"minecraft:spruce_planks":880,"minecraft:iron_helmet":1,"minecraft:wooden_pickaxe":1,"minecraft:baked_potato":91,"immersive_armors:wooden_leggings":3,"minecraft:cherry_button":1,"minecraft:gold_block":2,"handcrafted:magenta_sheet":1,"farmersdelight:skillet":1,"farmersdelight:tatami":2,"immersive_armors:wooden_boots":3,"minecraft:spruce_trapdoor":30,"minecraft:dark_oak_slab":378,"minecraft:book":15,"minecraft:paper":69,"minecraft:pink_wool":10,"minecraft:stick":300,"minecraft:light_blue_dye":64,"minecraft:iron_ingot":79,"shieldexp:wooden_shield":2,"miners_delight:copper_cup":1,"minecraft:stone_sword":2,"create:spruce_window":78,"minecraft:shears":1,"cozy_home:bamboo_plank":3,"wardrobe:breathing_reed":1,"minecraft:cherry_planks":380,"quark:paper_wall_sakura":2,"minecraft:stone_button":1,"minecraft:furnace":6,"supplementaries:doormat":1,"minecraft:dark_oak_trapdoor":12,"minecraft:cherry_sapling":2,"firstaid:plaster":4,"minecraft:glass_pane":64,"minecraft:flint_and_steel":1,"automobility:automobile_assembler":1,"minecraft:scaffolding":12,"quark:acacia_chest":2,"minecraft:iron_axe":7,"supplementaries:flag_magenta":1,"minecraft:iron_hoe":1,"supplementaries:candle_holder_purple":4,"minecraft:chiseled_bookshelf":1,"cozy_home:spruce_plank":48,"create:framed_glass_pane":208,"create:basin":1,"minecraft:cooked_beef":13,"minecraft:sugar":14,"supplementaries:item_shelf":4,"create:andesite_alloy":8,"create:small_andesite_brick_slab":22,"minecraft:iron_sword":3,"minecraft:bowl":12,"chimes:iron_chimes":1,"thirst:terracotta_water_bowl":99,"minecraft:stone_axe":5,"minecraft:bread":14,"minecraft:air":0,"minecraft:blue_dye":67,"handcrafted:spruce_table":2,"cozy_home:cherry_plank":8,"minecraft:oak_boat":1,"quark:spruce_bookshelf":3,"create:whisk":1,"shutter:dark_oak_shutter":4,"handcrafted:blue_cushion":1,"firstaid:bandage":5,"create_sa:copper_sword":1,"minecraft:stonecutter":1,"minecraft:acacia_planks":68,"minecraft:torch":44,"handcrafted:magenta_cushion":1,"blocky_siege:reinforced_bamboo_door":1,"scarecrowsterritory:primitive_scarecrow":1,"create:zinc_ingot":10,"cozy_home:spruce_counter":4},"minecraft:killed_by":{"cnc:wendigo":6,"minecraft:zombie":10,"minecraft:stray":5,"minecraft:slime":6,"minecraft:warden":5,"graveyard:corrupted_pillager":2,"cave_dweller:cave_dweller":1,"minecraft:cave_spider":7,"minecraft:blaze":1,"graveyard:wraith":5,"antlers:wendigomad":2,"minecraft:player":4,"minecraft:spider":4,"minecraft:skeleton":10,"antlers:wendigo":37},"minecraft:broken":{"immersive_armors:wooden_leggings":1,"minecraft:iron_boots":2,"minecraft:iron_chestplate":2,"create_sa:copper_axe":2,"minecraft:iron_sword":3,"create_sa:copper_chestplate":1,"minecraft:iron_hoe":1,"create_sa:slime_boots":1,"immersive_armors:wooden_chestplate":2,"minecraft:stone_hoe":1,"immersive_armors:wooden_helmet":1,"minecraft:iron_axe":6,"shieldexp:wooden_shield":1,"minecraft:iron_pickaxe":9,"minecraft:iron_helmet":3,"create_sa:slime_helmet":1,"minecraft:iron_shovel":5,"create_sa:copper_shovel":1,"minecraft:stone_pickaxe":3,"immersive_armors:steampunk_leggings":1,"minecraft:stone_axe":5,"minecraft:stone_shovel":2,"create_sa:copper_sword":1,"immersive_armors:wooden_boots":1,"minecraft:leather_chestplate":1,"luckys_armory:heavy_golden_armor_chestplate":1,"minecraft:golden_pickaxe":1},"minecraft:used":{"minecraft:beetroot":6,"mcwbridges:spruce_log_bridge_middle":23,"minecraft:spruce_slab":199,"farmersdelight:cabbage_seeds":96,"quark:bamboo_mat":181,"graveyard:acacia_coffin":1,"quark:cherry_chest":2,"shutter:cherry_shutter":26,"cozy_home:cherry_grandfather_clock":1,"shutter:spruce_shutter":10,"minecraft:cracked_deepslate_tiles":1,"minecraft:acacia_sapling":22,"minecraft:snowball":420,"create:framed_glass_pane":208,"automobility:automobile_assembler":9,"minecraft:stripped_spruce_log":380,"minecraft:spruce_boat":7,"minecraft:polished_andesite_stairs":1,"cozy_home:spruce_chair":5,"quark:paper_lantern_sakura":14,"minecraft:cherry_button":2,"minecraft:stone_brick_stairs":1,"minecraft:bow":25,"minecraft:oak_sapling":1,"minecraft:furnace":9,"minecraft:egg":2,"minecraft:potato":239,"beansbackpacks:backpack":1,"cozy_home:spruce_sink_counter":1,"minecraft:mossy_stone_bricks":6,"minecraft:diorite":23,"minecraft:spruce_door":5,"create:cut_andesite_brick_wall":207,"supplementaries:flute":1,"create:small_andesite_brick_slab":41,"minecraft:orange_tulip":2,"minecraft:wooden_pickaxe":6,"minecraft:mossy_stone_brick_stairs":1,"quark:dark_oak_vertical_slab":386,"minecraft:composter":3,"minecraft:golden_apple":2,"minecraft:glow_berries":4,"minecraft:dark_oak_trapdoor":38,"farmersdelight:tatami":3,"farmersdelight:rice":12,"wardrobe:farmers_hat_helmet":2,"minecraft:pumpkin_seeds":7,"quark:paper_wall":58,"chimes:iron_chimes":5,"minecraft:cherry_hanging_sign":4,"create:cut_andesite_brick_stairs":3,"automobility:auto_mechanic_table":5,"minecraft:zombie_head":1,"create_sa:copper_sword":140,"minecraft:stone_button":1,"minecraft:diamond_ore":1,"minecraft:soul_lantern":7,"graveyard:dark_iron_door":1,"supplementaries:flax_seeds":19,"minecraft:diamond_sword":501,"create:basin":1,"farmersdelight:spruce_cabinet":4,"minecraft:oak_boat":2,"create_sa:copper_chestplate":1,"miners_delight:gossypium":1,"minecraft:stripped_acacia_wood":1,"minecraft:iron_bars":14,"minecraft:stone_sword":71,"handcrafted:fancy_painting":24,"quark:spruce_bookshelf":3,"minecraft:torch":142,"handcrafted:spruce_side_table":2,"minecraft:mud_brick_stairs":1,"create:spruce_window":78,"farmersdelight:beef_patty":26,"supplementaries:doormat":2,"minecraft:iron_axe":1679,"minecraft:cherry_slab":167,"minecraft:brick_stairs":3,"minecraft:polished_deepslate_wall":20,"farmersdelight:cabbage_crate":2,"minecraft:barrel":10,"minecraft:bamboo":27,"farmersdelight:cooking_pot":2,"minecraft:acacia_wood":36,"tombstone:gift":12,"farmersdelight:tomato_seeds":12,"minecraft:cherry_fence":9,"minecraft:cobbled_deepslate":5,"minecraft:cherry_log":74,"minecraft:wheat_seeds":901,"farmersdelight:iron_knife":9,"minecraft:chiseled_bookshelf":1,"minecraft:water_bucket":23,"minecraft:mangrove_wood":1,"quark:cobblestone_bricks":335,"butcher:butchers_knife":1,"minecraft:cherry_planks":158,"minecraft:mossy_cobblestone":7,"minecraft:cracked_stone_bricks":3,"minecraft:rail":2,"minecraft:crafting_table":22,"minecraft:white_bed":5,"immersive_weathering:silt":1,"butcher:skinning_knife":1,"quark:paper_wall_sakura":5,"minecraft:spruce_log":41,"thirst:terracotta_water_bowl":104,"minecraft:oak_log":5,"minecraft:cornflower":59,"blocky_siege:reinforced_bamboo_door":2,"minecraft:iron_pickaxe":2244,"tombstone:magic_scroll":2,"minecraft:spruce_trapdoor":31,"minecraft:spruce_sapling":26,"minecraft:cobblestone":125,"minecraft:potion":4,"minecraft:purple_bed":3,"minecraft:glass_pane":61,"minecraft:black_candle":1,"minecraft:cherry_sapling":21,"minecraft:light_blue_banner":5,"minecraft:purple_candle":8,"minecraft:iron_shovel":1095,"minecraft:decorated_pot":1,"minecraft:shield":4,"minecraft:iron_sword":1108,"cozy_home:spruce_mirror_stand":1,"minecraft:iron_chestplate":7,"minecraft:carrot":7,"minecraft:tuff":26,"quark:vertical_spruce_planks":1,"minecraft:polished_deepslate_stairs":1,"minecraft:glass":1,"minecraft:bricks":3,"minecraft:blue_orchid":28,"minecraft:dark_oak_wood":22,"create:scoria":1,"minecraft:iron_helmet":1,"supplementaries:goblet":2,"minecraft:stone_bricks":3,"minecraft:item_frame":9,"minecraft:spruce_hanging_sign":7,"create:andesite_pillar":204,"farmersdelight:cutting_board":1,"minecraft:scaffolding":78,"minecraft:gray_bed":2,"minecraft:beetroot_seeds":144,"cnc:cougar_head":1,"immersive_armors:wooden_helmet":2,"quark:dark_oak_ladder":25,"minecraft:dark_oak_sapling":45,"minecraft:stone_pickaxe":333,"cnc:wendigo_head":5,"minecraft:diamond_axe":490,"copperntraps:undeployed":5,"minecraft:sugar_cane":38,"minecraft:white_wool":3,"cozy_home:spruce_mirror":1,"create_sa:copper_axe":198,"graveyard:small_light_gray_urn":1,"minecraft:shears":3,"minecraft:dark_oak_log":1,"minecraft:bread":2,"create:cut_andesite_bricks":321,"quark:cobblestone_bricks_stairs":259,"supplementaries:flag_magenta":4,"create:asurine":1,"create_sa:copper_shovel":129,"supplementaries:timber_cross_brace":2,"create:framed_glass_door":11,"minecraft:andesite":228,"minecraft:stripped_cherry_log":5,"cozy_home:spruce_grandfather_clock":7,"minecraft:coarse_dirt":3,"minecraft:bone_meal":206,"minecraft:golden_pickaxe":3,"minecraft:experience_bottle":2,"cnc:cookedvenison":9,"cozy_home:spruce_counter":6,"minecraft:flint_and_steel":4,"wares:cardboard_box":6,"minecraft:stone_shovel":389,"minecraft:spruce_planks":67,"cozy_home:large_spruce_stump":4,"shutter:dark_oak_shutter":4,"minecraft:stone_hoe":245,"minecraft:cooked_chicken":1,"supplementaries:sconce":6,"minecraft:dirt":1100,"create:mechanical_mixer":2,"minecraft:white_carpet":2,"miners_delight:copper_cup":1,"minecraft:spruce_stairs":135,"minecraft:spruce_fence":11,"supplementaries:item_shelf":5,"handcrafted:spruce_table":3,"minecraft:iron_hoe":252,"minecraft:dark_oak_planks":759,"shieldexp:wooden_shield":5,"quark:spruce_chest":25,"minecraft:oak_stairs":1,"minecraft:cherry_trapdoor":4,"scarecrowsterritory:primitive_scarecrow":1,"butcher:jar":2,"quark:acacia_ladder":3,"minecraft:golden_carrot":3,"farmersdelight:cooked_mutton_chops":14,"mcwbridges:andesite_bridge_stair":14,"minecraft:cooked_beef":2,"minecraft:pumpkin":1,"minecraft:cooked_mutton":5,"minecraft:acacia_boat":7,"minecraft:iron_ore":2,"minecraft:polished_andesite":174,"minecraft:baked_potato":55,"treasure2:milk_crate":1,"minecraft:stonecutter":26,"minecraft:warped_roots":9,"farmersdelight:onion":19,"quark:acacia_chest":2,"minecraft:spider_eye":1,"handcrafted:bamboo_fancy_bed":8,"minecraft:flower_pot":1,"minecraft:stone_slab":1,"supplementaries:candle_holder_purple":4,"minecraft:stone_axe":796,"minecraft:cherry_stairs":92,"minecraft:bucket":23},"minecraft:custom":{"minecraft:interact_with_crafting_table":303,"minecraft:open_barrel":95,"minecraft:eat_cake_slice":7,"minecraft:leave_game":27,"minecraft:time_since_death":0,"minecraft:damage_blocked_by_shield":235,"minecraft:play_time":1961591,"minecraft:deaths":127,"minecraft:jump":17038,"minecraft:interact_with_furnace":224,"minecraft:traded_with_villager":5,"minecraft:sleep_in_bed":124,"tombstone:sneak_grave":9,"minecraft:damage_dealt":64363,"tombstone:undead_killed":136,"wares:interact_with_delivery_table":2,"minecraft:interact_with_smoker":19,"minecraft:sneak_time":119883,"minecraft:total_world_time":1961591,"tombstone:raider_killed":1,"minecraft:interact_with_stonecutter":44,"minecraft:time_since_rest":26,"minecraft:swim_one_cm":271365,"minecraft:fly_one_cm":2627016,"minecraft:open_chest":1382,"minecraft:fall_one_cm":336908,"minecraft:animals_bred":126,"minecraft:sprint_one_cm":2750256,"minecraft:drop":400,"minecraft:talked_to_villager":17,"minecraft:walk_on_water_one_cm":111345,"minecraft:player_kills":3,"minecraft:crouch_one_cm":298790,"minecraft:mob_kills":458,"minecraft:interact_with_campfire":16,"minecraft:damage_dealt_resisted":0,"minecraft:climb_one_cm":206600,"minecraft:walk_one_cm":5804896,"minecraft:walk_under_water_one_cm":88511,"minecraft:boat_one_cm":24074,"minecraft:pot_flower":1,"minecraft:damage_taken":25995},"minecraft:dropped":{"minecraft:iron_sword":2,"minecraft:glow_ink_sac":4,"minecraft:diamond":3,"minecraft:glass_bottle":3,"farmersdelight:cabbage_leaf":9,"quark:violet_corundum":4,"minecraft:cracked_stone_bricks":3,"minecraft:red_mushroom":3,"firstaid:bandage":7,"minecraft:stone_button":1,"wares:sealed_delivery_agreement":1,"minecraft:phantom_membrane":6,"minecraft:iron_pickaxe":3,"beansbackpacks:backpack":2,"minecraft:dark_oak_planks":51,"farmersdelight:mutton_chops":2,"minecraft:bone":29,"minecraft:stone_axe":1,"minecraft:golden_chestplate":1,"minecraft:wheat":8,"immersive_armors:wooden_boots":1,"farmersdelight:cabbage":2,"minecraft:deepslate_brick_slab":1,"minecraft:rotten_flesh":78,"create:asurine":32,"supplementaries:flax_seeds":1,"minecraft:tipped_arrow":11,"farmersdelight:mixed_salad":1,"minecraft:leather_leggings":4,"farmersdelight:rope":1,"minecraft:golden_boots":2,"minecraft:wheat_seeds":7,"minecraft:tnt":2,"minecraft:feather":2,"minecraft:cobblestone":115,"minecraft:iron_helmet":3,"minecraft:book":1,"minecraft:apple":9,"quark:acacia_bookshelf":5,"minecraft:coal":1,"minecraft:cobweb":5,"quark:vertical_spruce_planks":3,"shieldexp:wooden_shield":1,"thirst:terracotta_bowl":14,"minecraft:oak_stairs":1,"minecraft:white_banner":1,"minecraft:chainmail_leggings":2,"minecraft:string":18,"minecraft:stone_sword":1,"minecraft:smooth_stone_slab":48,"minecraft:bowl":4,"minecraft:chicken":1,"minecraft:clay_ball":12,"luckys_armory:heavy_golden_armor_boots":1,"minecraft:cobbled_deepslate_slab":1,"minecraft:shears":3,"minecraft:hay_block":1,"minecraft:potato":1,"minecraft:bundle":1,"minecraft:stone_bricks":2,"minecraft:spider_eye":7,"knightquest:small_essence":194,"minecraft:bow":4,"farmersdelight:tomato":11,"minecraft:diamond_axe":1,"minecraft:baked_potato":2,"minecraft:lantern":2,"minecraft:leather":14,"minecraft:flint":2,"minecraft:cornflower":2,"immersive_armors:wooden_leggings":1,"immersive_armors:wooden_chestplate":1,"minecraft:acacia_door":1,"minecraft:gold_ingot":61,"immersive_armors:heavy_leggings":1,"minecraft:beetroot":10,"minecraft:chainmail_chestplate":4,"farmersdelight:cutting_board":1,"minecraft:leather_chestplate":3,"supplementaries:ash":17,"minecraft:gunpowder":12,"spelunkers_charm:rock":2,"minecraft:chest":1,"minecraft:chainmail_boots":1,"minecraft:iron_bars":20,"minecraft:arrow":33,"spelunkers_charm:cave_mushroom":2,"handcrafted:wood_plate":1,"immersive_weathering:soot":15,"createloveandwar:raw_sulphur":11,"minecraft:bread":10,"minecraft:golden_helmet":4,"minecraft:mossy_cobblestone":8,"minecraft:minecart":1,"farmersdelight:tree_bark":37,"minecraft:tropical_fish":6,"immersive_armors:steampunk_helmet":1,"tombstone:magic_scroll":1,"tombstone:grave_dust":11,"minecraft:iron_leggings":6,"minecraft:stonecutter":2,"minecraft:cactus":1,"cold_sweat:thermometer":1,"minecraft:polished_deepslate":3,"immersive_weathering:acacia_bark":1,"minecraft:blaze_rod":5,"minecraft:raw_copper":1,"minecraft:raw_iron":32,"minecraft:light_gray_wool":1,"thirst:terracotta_water_bowl":18,"minecraft:shield":4,"create:redstone_link":1,"minecraft:iron_chestplate":8,"minecraft:andesite":10,"minecraft:mossy_stone_bricks":8,"minecraft:slime_ball":102,"minecraft:stone_pickaxe":1,"minecraft:raw_gold":1,"minecraft:wooden_pickaxe":2,"firstaid:plaster":10,"immersive_armors:wooden_helmet":1,"minecraft:brick":2}},"DataVersion":3465}