{"stats":{"minecraft:custom":{"minecraft:interact_with_crafting_table":312,"minecraft:open_barrel":97,"minecraft:eat_cake_slice":7,"minecraft:leave_game":34,"minecraft:time_since_death":3740,"minecraft:damage_blocked_by_shield":280,"minecraft:play_time":2193921,"minecraft:deaths":156,"minecraft:jump":19235,"minecraft:interact_with_furnace":224,"minecraft:play_record":4,"minecraft:traded_with_villager":5,"minecraft:sleep_in_bed":136,"tombstone:sneak_grave":9,"minecraft:damage_dealt":77625,"tombstone:undead_killed":169,"wares:interact_with_delivery_table":2,"minecraft:interact_with_smoker":19,"minecraft:sneak_time":138016,"minecraft:total_world_time":2193921,"tombstone:raider_killed":1,"minecraft:interact_with_stonecutter":44,"minecraft:time_since_rest":3442,"minecraft:swim_one_cm":622967,"minecraft:fly_one_cm":3003472,"minecraft:open_chest":1500,"minecraft:fall_one_cm":395880,"minecraft:animals_bred":126,"minecraft:sprint_one_cm":3084785,"minecraft:drop":563,"minecraft:talked_to_villager":17,"minecraft:walk_on_water_one_cm":189859,"minecraft:player_kills":3,"minecraft:crouch_one_cm":330277,"minecraft:mob_kills":505,"minecraft:interact_with_campfire":16,"minecraft:damage_dealt_resisted":0,"minecraft:climb_one_cm":245328,"minecraft:walk_one_cm":6258976,"minecraft:walk_under_water_one_cm":249334,"minecraft:boat_one_cm":131633,"minecraft:pot_flower":1,"minecraft:damage_taken":32161},"minecraft:broken":{"immersive_armors:wooden_leggings":1,"minecraft:diamond_helmet":1,"minecraft:iron_boots":2,"minecraft:iron_chestplate":2,"create_sa:copper_axe":2,"minecraft:iron_sword":4,"create_sa:copper_chestplate":1,"minecraft:iron_hoe":1,"create_sa:slime_boots":1,"immersive_armors:wooden_chestplate":2,"minecraft:stone_hoe":1,"immersive_armors:wooden_helmet":1,"minecraft:iron_axe":6,"shieldexp:wooden_shield":1,"minecraft:iron_pickaxe":10,"minecraft:iron_helmet":3,"create_sa:slime_helmet":1,"minecraft:golden_helmet":1,"minecraft:iron_shovel":5,"create_sa:copper_shovel":1,"minecraft:stone_pickaxe":3,"immersive_armors:steampunk_leggings":1,"minecraft:diamond_boots":1,"minecraft:chainmail_chestplate":1,"minecraft:stone_axe":5,"minecraft:stone_shovel":2,"minecraft:golden_chestplate":1,"create_sa:copper_sword":1,"immersive_armors:wooden_boots":1,"minecraft:leather_chestplate":1,"luckys_armory:heavy_golden_armor_chestplate":1,"minecraft:golden_pickaxe":1},"minecraft:picked_up":{"minecraft:iron_chestplate":11,"quark:vertical_spruce_planks":7,"minecraft:chainmail_boots":1,"minecraft:lead":10,"minecraft:smithing_table":1,"minecraft:stone_slab":1,"minecraft:diamond_sword":1,"farmersdelight:rice_panicle":31,"minecraft:oak_stairs":2,"minecraft:enchanted_book":1,"automobility:front_attachment":3,"butcher:cowcorpseitem":1,"minecraft:polished_deepslate_wall":5,"minecraft:amethyst_block":1,"farmersdelight:cutting_board":2,"minecraft:polished_deepslate":3,"minecraft:music_disc_cat":1,"minecraft:string":76,"minecraft:dark_oak_trapdoor":32,"shieldexp:wooden_shield":1,"minecraft:beetroot":57,"minecraft:cobbled_deepslate":39,"minecraft:spruce_planks":19,"minecraft:golden_helmet":6,"mcwbridges:andesite_bridge_stair":17,"minecraft:jukebox":2,"minecraft:composter":2,"create:andesite_casing":1,"create:andesite_pillar":20,"createloveandwar:raw_sulphur":79,"minecraft:honeycomb_block":6,"minecraft:cherry_log":182,"minecraft:deepslate_tile_stairs":1,"minecraft:golden_chestplate":2,"treasure2:wither_log":2,"automobility:automobile_frame":9,"cozy_home:spruce_grandfather_clock":10,"quark:clear_shard":4,"create:scoria":1,"farmersdelight:onion":90,"minecraft:carved_pumpkin":1,"farmersdelight:rope":35,"supplementaries:ash":34,"minecraft:blaze_rod":5,"minecraft:blackstone_stairs":1,"minecraft:iron_bars":48,"wares:cardboard_box":1,"minecraft:snowball":444,"mcwbridges:spruce_log_bridge_middle":23,"minecraft:magma_block":2,"minecraft:feather":6,"farmersdelight:rice":28,"minecraft:water_bucket":1,"immersive_weathering:silt":1,"minecraft:flint":11,"minecraft:cherry_fence":2,"luckys_armory:heavy_golden_armor_open_helmet":1,"minecraft:lantern":1,"farmersdelight:tomato":19,"supplementaries:doormat":1,"farmersdelight:mutton_chops":4,"butcher:cow_skin":2,"supplementaries:goblet":1,"supplementaries:flag_magenta":3,"minecraft:stonecutter":26,"butcher:raw_tbone_steak":1,"minecraft:diamond_helmet":1,"minecraft:glowstone_dust":27,"minecraft:moss_block":29,"immersive_weathering:tallow":18,"butcher:cow_headf":1,"endrem:lost_eye":2,"miners_delight:gossypium":6,"minecraft:warped_wart_block":1,"minecraft:stripped_acacia_wood":37,"tombstone:scroll_of_feather_fall":1,"automobility:automobile_engine":9,"create:cut_andesite_bricks":19,"minecraft:stripped_spruce_log":463,"minecraft:ink_sac":4,"chimes:iron_chimes":4,"minecraft:dark_oak_log":227,"minecraft:barrel":4,"minecraft:bundle":3,"minecraft:polished_andesite":217,"supplementaries:bamboo_spikes":1,"createloveandwar:robot_dog_valkyrie_skin":2,"minecraft:cherry_hanging_sign":3,"knightquest:small_essence":399,"minecraft:chainmail_helmet":1,"minecraft:bread":5,"create:framed_glass_door":7,"minecraft:cherry_slab":51,"minecraft:bricks":3,"create_sa:slime_boots":1,"minecraft:diamond_pickaxe":1,"minecraft:spruce_leaves":48,"minecraft:crafting_table":18,"minecraft:coarse_dirt":3,"graveyard:acacia_coffin":1,"minecraft:clay_ball":47,"minecraft:golden_pickaxe":1,"minecraft:leather_leggings":5,"minecraft:stripped_cherry_log":5,"beansbackpacks:backpack":2,"tombstone:scroll_of_preservation":1,"butcher:raw_sirloin_steak":1,"immersive_armors:steampunk_leggings":1,"minecraft:cornflower":225,"minecraft:acacia_door":1,"minecraft:white_carpet":2,"create:redstone_link":1,"minecraft:glass_pane":1,"supplementaries:bomb":1,"minecraft:cracked_stone_bricks":10,"quark:spruce_chest":14,"farmersdelight:beef_patty":35,"minecraft:beef":81,"immersive_armors:wooden_leggings":1,"minecraft:spruce_slab":28,"minecraft:minecart":1,"minecraft:chest":3,"minecraft:cherry_button":1,"luckys_armory:heavy_golden_armor_leggings":1,"minecraft:egg":2,"minecraft:sandstone":21,"immersive_weathering:acacia_bark":2,"farmersdelight:cabbage_crate":1,"farmersdelight:minced_beef":66,"minecraft:spruce_fence":4,"farmersdelight:tomato_seeds":12,"minecraft:carrot":40,"minecraft:redstone":104,"create:vertical_gearbox":1,"minecraft:tnt":2,"immersive_armors:wooden_helmet":1,"cnc:cougar_head":2,"minecraft:beetroot_seeds":152,"minecraft:diamond_boots":1,"supplementaries:sconce":4,"minecraft:shears":4,"handcrafted:fancy_painting":21,"minecraft:hay_block":1,"minecraft:tube_coral_block":2,"minecraft:gold_ingot":66,"beansbackpacks:metal_backpack":2,"firstaid:bandage":3,"minecraft:polished_blackstone":64,"minecraft:glow_berries":6,"minecraft:mutton":12,"quark:acacia_ladder":5,"minecraft:white_wool":84,"minecraft:rail":18,"copperntraps:undeployed":6,"cnc:wendigo_head":9,"minecraft:acacia_wood":311,"spelunkers_charm:old_miners_bundle":4,"graveyard:small_light_gray_urn":1,"minecraft:oak_log":23,"quark:paper_wall_sakura":4,"minecraft:golden_boots":3,"minecraft:white_banner":2,"automobility:automobile_wheel":28,"minecraft:light_blue_banner":4,"bountiful:bounty":1,"minecraft:apple":12,"minecraft:stone_bricks":6,"farmersdelight:cooking_pot":1,"minecraft:kelp":25,"automobility:auto_mechanic_table":4,"minecraft:stone_pickaxe":2,"thirst:terracotta_water_bowl":14,"quark:paper_lantern_sakura":8,"minecraft:iron_ore":2,"minecraft:cobweb":5,"minecraft:glass_bottle":2,"butcher:raw_chuck_steak":1,"minecraft:gray_bed":3,"minecraft:iron_sword":3,"minecraft:flowering_azalea":1,"minecraft:polished_andesite_stairs":1,"create:cut_andesite_brick_wall":20,"cozy_home:spruce_chair":1,"immersive_weathering:soot":15,"minecraft:spyglass":2,"minecraft:torchflower_seeds":1,"butcher:raw_rump_steak":1,"minecraft:gravel":144,"minecraft:spruce_sapling":91,"thirst:terracotta_bowl":11,"minecraft:spruce_log":143,"netherite_ore_mod:ancientdebrispiece":3,"farmersdelight:cabbage_leaf":2,"naturalist:cooked_bass":6,"quark:cobblestone_bricks":112,"minecraft:purple_bed":3,"minecraft:slime_ball":96,"minecraft:stone_axe":1,"quark:paper_wall":34,"minecraft:diamond_axe":1,"minecraft:warped_roots":17,"minecraft:baked_potato":31,"immersive_weathering:cozy_home/cherry_bark":36,"minecraft:ender_pearl":1,"minecraft:wheat":470,"minecraft:redstone_block":2,"quark:music_disc_drips":1,"minecraft:potion":1,"minecraft:brain_coral_block":1,"firstaid:morphine":2,"minecraft:stone_brick_stairs":1,"shutter:cherry_shutter":13,"minecraft:raw_copper":93,"minecraft:smooth_stone_slab":52,"minecraft:iron_leggings":8,"minecraft:zombie_head":1,"farmersdelight:cabbage":56,"minecraft:bucket":2,"luckys_armory:heavy_golden_armor_chestplate":1,"minecraft:white_tulip":1,"minecraft:cobblestone_slab":1,"minecraft:redstone_torch":1,"minecraft:calcite":122,"minecraft:azalea":1,"minecraft:iron_pickaxe":3,"farmersdelight:cabbage_seeds":123,"minecraft:furnace":6,"minecraft:iron_boots":1,"minecraft:tipped_arrow":36,"minecraft:stick":333,"createloveandwar:mas62blueprint":1,"create:mechanical_mixer":1,"farmersdelight:rotten_tomato":1,"minecraft:polished_deepslate_stairs":1,"minecraft:torch":135,"minecraft:spruce_stairs":24,"minecraft:porkchop":17,"butcher:jar":1,"tombstone:grave_dust":24,"minecraft:diorite":65,"supplementaries:flax":20,"shutter:spruce_shutter":11,"quark:ancient_tome":1,"minecraft:cactus":3,"minecraft:rotten_flesh":274,"farmersdelight:tree_bark":70,"quark:violet_corundum_cluster":9,"supplementaries:antique_ink":3,"create:asurine":33,"wares:sealed_delivery_agreement":2,"minecraft:spruce_hanging_sign":3,"knightquest:great_essence":1,"minecraft:cobblestone":984,"minecraft:leather_chestplate":4,"minecraft:cherry_planks":40,"minecraft:andesite":2139,"quark:dark_oak_vertical_slab":243,"immersive_weathering:sandy_dirt":3,"minecraft:mud_brick_stairs":1,"supplementaries:item_shelf":1,"minecraft:potato":389,"minecraft:tuff":26,"create:raw_zinc":17,"supplementaries:flax_seeds":29,"graveyard:dark_iron_door":1,"minecraft:acacia_boat":5,"createloveandwar:em2blueprint":1,"minecraft:dirt":1275,"minecraft:lapis_lazuli":17,"antlers:tomahawkitem":16,"luckys_armory:heavy_golden_armor_boots":1,"minecraft:leather_boots":1,"minecraft:glass":5,"minecraft:bone":211,"farmersdelight:iron_knife":1,"minecraft:acacia_planks":32,"butcher:raw_ribeye_steak":1,"minecraft:bow":9,"minecraft:orange_tulip":13,"minecraft:wheat_seeds":1207,"minecraft:deepslate_brick_slab":1,"minecraft:raw_gold":16,"minecraft:cobbled_deepslate_slab":1,"minecraft:bamboo":562,"minecraft:powered_rail":2,"minecraft:mossy_stone_bricks":16,"immersive_weathering:cozy_home/spruce_bark":38,"minecraft:mossy_stone_brick_stairs":2,"firstaid:plaster":10,"minecraft:cooked_porkchop":12,"minecraft:poisonous_potato":2,"automobility:rear_attachment":5,"minecraft:sand":286,"createloveandwar:stg57blueprint":1,"blocky_siege:reinforced_bamboo_door":1,"farmersdelight:cooked_mutton_chops":4,"minecraft:mossy_cobblestone":33,"quark:cobblestone_bricks_stairs":141,"minecraft:diamond":28,"minecraft:mangrove_wood":1,"minecraft:spruce_boat":10,"minecraft:soul_lantern":7,"tombstone:tablet_of_recall":1,"minecraft:golden_apple":2,"minecraft:bone_meal":32,"minecraft:bubble_coral_block":1,"minecraft:oak_sapling":2,"minecraft:cocoa_beans":40,"minecraft:allium":19,"minecraft:chicken":1,"minecraft:brown_mushroom":5,"minecraft:wooden_pickaxe":2,"spelunkers_charm:deepslate_rock":4,"cnc:wolverine_head":1,"minecraft:shield":7,"minecraft:brick":3,"quark:light_blue_shard":7,"minecraft:oak_trapdoor":1,"supplementaries:timber_cross_brace":2,"miners_delight:cave_carrot":4,"minecraft:item_frame":2,"cold_sweat:thermometer":2,"treasure2:milk_crate":1,"minecraft:blackstone":59,"minecraft:blue_orchid":93,"graveyard:corruption":4,"minecraft:detector_rail":3,"farmersdelight:straw":19,"minecraft:oak_boat":2,"minecraft:player_head":3,"monster_hunter_villager:hunters_table":1,"minecraft:light_gray_wool":36,"minecraft:sugar_cane":150,"minecraft:spruce_trapdoor":9,"minecraft:phantom_membrane":6,"minecraft:dark_oak_sapling":53,"minecraft:orange_dye":12,"minecraft:raw_iron":163,"minecraft:cherry_stairs":23,"quark:violet_corundum":4,"minecraft:copper_ingot":5,"minecraft:bowl":13,"automobility:automobile_assembler":8,"createloveandwar:cigarette":3,"minecraft:stone_button":1,"spelunkers_charm:cave_mushroom":2,"minecraft:stone_pressure_plate":3,"minecraft:dark_oak_planks":283,"minecraft:purple_candle":12,"minecraft:arrow":163,"create_sa:slime_helmet":1,"minecraft:nether_bricks":8,"minecraft:pink_tulip":15,"quark:bamboo_mat":101,"miners_delight:bat_wing":1,"minecraft:brick_stairs":3,"minecraft:cracked_deepslate_tiles":1,"butcher:butchers_knife":1,"butcher:skinning_knife":1,"minecraft:glow_ink_sac":4,"minecraft:salmon":4,"minecraft:leather":45,"createloveandwar:robot_dog_bubblegum_skin":1,"cozy_home:spruce_counter":2,"minecraft:chainmail_chestplate":5,"minecraft:gunpowder":41,"minecraft:cobblestone_wall":30,"farmersdelight:tatami":1,"theft:glove":1,"naturalist:bass":10,"minecraft:cooked_mutton":5,"handcrafted:spruce_table":1,"handcrafted:bamboo_fancy_bed":6,"minecraft:fire_coral_block":2,"minecraft:iron_ingot":47,"minecraft:acacia_sapling":52,"minecraft:soul_sand":1,"immersive_armors:steampunk_helmet":1,"minecraft:book":15,"minecraft:scaffolding":76,"cnc:giant_boar_head":1,"minecraft:black_candle":1,"minecraft:pumpkin":18,"create:small_andesite_brick_slab":17,"minecraft:dandelion":1,"minecraft:white_bed":20,"butcher:cowhoof":4,"minecraft:spruce_door":3,"minecraft:spider_eye":20,"minecraft:pumpkin_seeds":21,"minecraft:honey_block":4,"immersive_armors:wooden_chestplate":2,"minecraft:chainmail_leggings":2,"minecraft:iron_helmet":4,"minecraft:cherry_sapling":121,"tombstone:magic_scroll":7,"spelunkers_charm:rock":5,"minecraft:coal":344},"minecraft:dropped":{"minecraft:iron_sword":2,"minecraft:glow_ink_sac":4,"minecraft:diamond":3,"minecraft:glass_bottle":7,"farmersdelight:cabbage_leaf":14,"quark:violet_corundum":4,"minecraft:cracked_stone_bricks":4,"minecraft:red_mushroom":3,"firstaid:bandage":7,"minecraft:stone_button":1,"minecraft:bubble_coral_block":1,"wares:sealed_delivery_agreement":1,"minecraft:phantom_membrane":6,"minecraft:sand":49,"minecraft:iron_pickaxe":3,"beansbackpacks:backpack":2,"minecraft:dark_oak_planks":51,"farmersdelight:mutton_chops":2,"minecraft:bone":93,"minecraft:stone_axe":1,"minecraft:golden_chestplate":1,"minecraft:wheat":8,"immersive_armors:wooden_boots":1,"farmersdelight:cabbage":7,"minecraft:deepslate_brick_slab":1,"minecraft:rotten_flesh":121,"create:asurine":32,"supplementaries:flax_seeds":1,"minecraft:tipped_arrow":21,"farmersdelight:mixed_salad":2,"minecraft:leather_leggings":4,"farmersdelight:rope":1,"minecraft:warped_wart_block":1,"minecraft:golden_boots":2,"minecraft:wheat_seeds":9,"minecraft:tnt":2,"minecraft:feather":2,"minecraft:cobblestone":123,"minecraft:iron_helmet":3,"minecraft:book":1,"minecraft:apple":9,"quark:acacia_bookshelf":5,"minecraft:coal":7,"minecraft:cobweb":5,"quark:vertical_spruce_planks":3,"beansbackpacks:metal_backpack":4,"shieldexp:wooden_shield":1,"thirst:terracotta_bowl":14,"minecraft:oak_stairs":1,"minecraft:golden_hoe":1,"minecraft:white_banner":1,"treasure2:wither_log":2,"minecraft:chainmail_leggings":2,"minecraft:string":24,"minecraft:pink_tulip":1,"minecraft:stone_sword":1,"minecraft:smooth_stone_slab":52,"minecraft:bowl":12,"minecraft:chicken":1,"minecraft:clay_ball":12,"luckys_armory:heavy_golden_armor_boots":1,"minecraft:cobbled_deepslate_slab":1,"minecraft:shears":3,"minecraft:hay_block":1,"minecraft:potato":1,"miners_delight:bat_wing":1,"minecraft:bundle":1,"minecraft:diamond_pickaxe":1,"minecraft:fire_coral_block":1,"minecraft:stone_bricks":2,"minecraft:spider_eye":14,"minecraft:bamboo":2,"knightquest:small_essence":229,"minecraft:sandstone":21,"cnc:cougar_head":1,"minecraft:bow":4,"farmersdelight:tomato":20,"minecraft:moss_block":4,"minecraft:diamond_axe":2,"minecraft:oak_log":13,"minecraft:baked_potato":2,"minecraft:tube_coral_block":2,"minecraft:lantern":3,"minecraft:leather":14,"minecraft:flint":5,"minecraft:cornflower":2,"immersive_armors:wooden_leggings":1,"immersive_armors:wooden_chestplate":1,"minecraft:acacia_door":1,"minecraft:gold_ingot":61,"minecraft:gravel":12,"minecraft:white_tulip":1,"immersive_armors:heavy_leggings":1,"minecraft:blackstone":4,"minecraft:beetroot":20,"minecraft:chainmail_chestplate":4,"farmersdelight:cutting_board":1,"minecraft:leather_chestplate":3,"supplementaries:ash":17,"minecraft:gunpowder":12,"spelunkers_charm:rock":5,"minecraft:chest":1,"minecraft:chainmail_boots":1,"minecraft:iron_bars":20,"minecraft:arrow":52,"spelunkers_charm:cave_mushroom":2,"handcrafted:wood_plate":1,"immersive_weathering:soot":15,"createloveandwar:raw_sulphur":13,"minecraft:bread":10,"minecraft:golden_helmet":5,"minecraft:mossy_cobblestone":15,"minecraft:minecart":1,"farmersdelight:tree_bark":37,"minecraft:copper_ingot":2,"minecraft:tropical_fish":6,"spelunkers_charm:deepslate_rock":1,"minecraft:stick":1,"minecraft:diorite":1,"immersive_armors:steampunk_helmet":1,"tombstone:magic_scroll":1,"minecraft:torch":2,"tombstone:grave_dust":15,"minecraft:iron_leggings":8,"minecraft:stonecutter":2,"minecraft:cactus":1,"cold_sweat:thermometer":1,"minecraft:dandelion":1,"minecraft:polished_deepslate":3,"immersive_weathering:acacia_bark":1,"minecraft:kelp":6,"minecraft:blaze_rod":5,"minecraft:raw_copper":1,"minecraft:raw_iron":32,"minecraft:light_gray_wool":1,"thirst:terracotta_water_bowl":18,"quark:light_blue_shard":7,"minecraft:filled_map":1,"minecraft:shield":6,"create:redstone_link":1,"minecraft:iron_chestplate":8,"minecraft:andesite":10,"minecraft:mossy_stone_bricks":10,"minecraft:slime_ball":102,"minecraft:stone_pickaxe":1,"minecraft:raw_gold":1,"minecraft:wooden_pickaxe":2,"firstaid:plaster":10,"immersive_armors:wooden_helmet":1,"minecraft:brick":2},"minecraft:killed_by":{"cnc:wendigo":7,"minecraft:zombie":19,"minecraft:stray":6,"minecraft:slime":6,"minecraft:warden":5,"graveyard:corrupted_pillager":2,"cave_dweller:cave_dweller":1,"minecraft:drowned":8,"minecraft:cave_spider":8,"minecraft:blaze":1,"graveyard:wraith":5,"antlers:wendigomad":2,"minecraft:player":7,"minecraft:spider":7,"minecraft:skeleton":11,"antlers:wendigo":37},"minecraft:mined":{"minecraft:dark_oak_planks":139,"createloveandwar:deepslate_sulphur_ore":1,"supplementaries:goblet":1,"minecraft:blackstone_stairs":1,"minecraft:white_bed":21,"create:andesite_casing":9,"minecraft:cherry_log":10,"minecraft:jungle_leaves":1,"butcher:jar":1,"minecraft:carved_pumpkin":1,"minecraft:deepslate_bricks":1,"immersive_weathering:dune_grass":1,"minecraft:deepslate_tile_stairs":2,"supplementaries:sconce_wall":4,"automobility:auto_mechanic_table":4,"minecraft:spawner":32,"minecraft:light_blue_stained_glass":2,"minecraft:tall_seagrass":8,"minecraft:magma_block":1,"minecraft:dark_oak_trapdoor":32,"minecraft:barrel":4,"immersive_weathering:mossy_stone":9,"minecraft:cobbled_deepslate":1,"minecraft:fire":8,"minecraft:pumpkin":12,"minecraft:sculk_shrieker":1,"minecraft:cave_vines":16,"minecraft:small_amethyst_bud":17,"minecraft:deepslate_brick_stairs":1,"farmersdelight:rice_panicles":1,"minecraft:pink_tulip":14,"treasure2:wither_log":1,"minecraft:blue_orchid":49,"quark:dark_oak_vertical_slab":180,"minecraft:player_head":1,"treasure2:skull_chest":1,"create:small_andesite_brick_slab":2,"minecraft:brown_mushroom":2,"copperntraps:undeployed":2,"immersive_weathering:spruce_leaf_pile":230,"minecraft:soul_fire":10,"supplementaries:timber_cross_brace":2,"create:cut_andesite_brick_wall":14,"createloveandwar:sulphur_ore":8,"minecraft:torch":14,"farmersdelight:cabbage_crate":1,"minecraft:mud_brick_stairs":1,"create:scoria":1,"quark:paper_wall_sakura":4,"minecraft:glass":1,"farmersdelight:cabbages":12,"minecraft:sugar_cane":107,"minecraft:cherry_slab":45,"minecraft:wheat":248,"create:mechanical_mixer":1,"minecraft:torchflower_crop":1,"minecraft:jukebox":1,"minecraft:pumpkin_stem":5,"mcwbridges:spruce_log_bridge_middle":23,"minecraft:stone_brick_stairs":1,"minecraft:grass":219,"minecraft:cherry_button":1,"minecraft:dark_oak_sapling":5,"create:andesite_pillar":20,"cozy_home:spruce_counter":2,"minecraft:stonecutter":25,"antlers:bloody_cow":2,"minecraft:deepslate":42,"minecraft:attached_pumpkin_stem":1,"create:zinc_ore":14,"minecraft:deepslate_tiles":2,"mcwbridges:andesite_bridge_stair":17,"minecraft:mossy_cobblestone":16,"farmersdelight:wild_carrots":11,"minecraft:dark_oak_log":5,"minecraft:cherry_sapling":1,"antlers:bloody_fox":1,"minecraft:purple_candle":4,"minecraft:nether_bricks":8,"minecraft:cobbled_deepslate_slab":1,"minecraft:allium":7,"amendments:ceiling_banner_light_blue":1,"minecraft:moss_block":47,"farmersdelight:wild_onions":5,"supplementaries:bamboo_spikes":1,"supplementaries:flax":1,"minecraft:snow":103,"minecraft:acacia_wood":63,"minecraft:andesite":389,"minecraft:mossy_stone_brick_stairs":2,"minecraft:potatoes":93,"minecraft:cobblestone_slab":1,"minecraft:vine":7,"minecraft:brain_coral_wall_fan":1,"quark:vertical_spruce_planks":1,"minecraft:bamboo":213,"minecraft:glass_pane":53,"minecraft:cherry_planks":40,"minecraft:soul_sand":1,"monster_hunter_villager:hunters_table":1,"minecraft:cornflower":85,"cozy_home:spruce_chair":1,"minecraft:mangrove_wood":2,"supplementaries:item_shelf":1,"create:framed_glass_door":7,"minecraft:warped_roots":7,"spelunkers_charm:dead_grass":1,"minecraft:brain_coral_fan":1,"minecraft:tall_grass":13,"minecraft:copper_ore":1,"minecraft:deepslate_gold_ore":16,"farmersdelight:wild_tomatoes":4,"minecraft:diorite":60,"minecraft:warped_wart_block":2,"minecraft:purple_bed":3,"minecraft:coarse_dirt":1,"quark:paper_wall":31,"minecraft:cherry_wall_hanging_sign":2,"supplementaries:doormat":1,"minecraft:white_carpet":2,"minecraft:spruce_log":40,"minecraft:birch_leaves":2,"minecraft:red_wall_banner":1,"scarecrowsterritory:primitive_scarecrow":1,"cnc:wendigo_head":4,"minecraft:gravel":79,"minecraft:cobweb":17,"minecraft:acacia_planks":2,"minecraft:stone_bricks":2,"minecraft:fern":73,"miners_delight:wild_cave_carrots":4,"minecraft:large_amethyst_bud":4,"create:deepslate_zinc_ore":1,"copperntraps:triggered_bear_trap":3,"minecraft:spruce_planks":19,"minecraft:farmland":32,"immersive_weathering:acacia_leaf_pile":160,"minecraft:sculk_vein":4,"blocky_siege:reinforced_bamboo_door":1,"minecraft:cave_vines_plant":10,"minecraft:spruce_trapdoor":17,"minecraft:grass_block":470,"graveyard:dark_iron_door":1,"cozy_home:spruce_grandfather_clock":5,"farmersdelight:budding_tomatoes":5,"minecraft:composter":2,"copperntraps:bear_trap":1,"automobility:automobile_assembler":8,"farmersdelight:rice":3,"minecraft:iron_ore":157,"handcrafted:bamboo_fancy_bed":6,"shutter:cherry_shutter":11,"diagonalfences:minecraft/spruce_fence":3,"create:asurine":29,"create:spruce_window":4,"minecraft:flowering_azalea_leaves":1,"minecraft:cherry_hanging_sign":1,"minecraft:iron_bars":31,"minecraft:spruce_slab":23,"quark:violet_corundum":4,"quark:cobblestone_bricks_stairs":142,"minecraft:deepslate_redstone_ore":21,"minecraft:blackstone":7,"minecraft:polished_deepslate_stairs":1,"minecraft:medium_amethyst_bud":9,"minecraft:soul_lantern":7,"minecraft:clay":8,"quark:cobblestone_bricks":111,"minecraft:calcite":37,"minecraft:chest":2,"supplementaries:wild_flax":1,"minecraft:cobblestone":215,"minecraft:honeycomb_block":6,"shutter:spruce_shutter":11,"minecraft:grindstone":1,"chimes:iron_chimes":3,"minecraft:wall_torch":26,"minecraft:spruce_wall_hanging_sign":3,"minecraft:seagrass":7,"spelunkers_charm:rock_pile_3":1,"minecraft:acacia_sapling":1,"farmersdelight:cutting_board":2,"minecraft:blue_ice":2,"minecraft:orange_tulip":10,"minecraft:smooth_stone_slab":2,"minecraft:cracked_deepslate_tiles":1,"graveyard:creeper_skeleton":1,"minecraft:oak_log":12,"minecraft:beetroots":48,"minecraft:sand":260,"minecraft:dirt":600,"handcrafted:spruce_table":1,"structure_gel:dynamic_spawner":10,"immersive_weathering:dark_oak_leaf_pile":114,"minecraft:polished_deepslate_wall":5,"minecraft:oak_leaves":8,"realmrpg_skeletons:waterdrop_skeleton":1,"minecraft:diamond_ore":7,"minecraft:tuff":26,"farmersdelight:onions":9,"minecraft:deepslate_diamond_ore":18,"graveyard:acacia_coffin":1,"minecraft:stripped_cherry_log":5,"minecraft:chiseled_bookshelf":1,"minecraft:stone_button":1,"farmersdelight:tomatoes":3,"minecraft:spruce_leaves":27,"quark:bamboo_mat":100,"minecraft:sandstone":21,"supplementaries:flag_magenta":3,"minecraft:deepslate_brick_slab":1,"minecraft:light_blue_wall_banner":2,"minecraft:oak_trapdoor":1,"create:framed_glass_pane":20,"minecraft:spruce_sapling":1,"minecraft:furnace":6,"minecraft:carrots":4,"minecraft:nether_sprouts":14,"minecraft:stripped_spruce_log":111,"treechop:chopped_log":69,"create:cut_andesite_bricks":14,"minecraft:polished_deepslate":3,"minecraft:bookshelf":2,"minecraft:deepslate_iron_ore":8,"minecraft:stone":620,"minecraft:cherry_stairs":22,"farmersdelight:cooking_pot":1,"minecraft:podzol":3,"treasure2:milk_crate":1,"minecraft:acacia_leaves":21,"minecraft:scaffolding":48,"quark:paper_lantern_sakura":8,"wares:cardboard_box":1,"minecraft:snow_block":53,"treasure2:wither_soul_log":1,"minecraft:spruce_door":3,"graveyard:small_light_gray_urn":1,"quark:spruce_bookshelf":2,"minecraft:crafting_table":17,"minecraft:honey_block":4,"minecraft:sculk_sensor":3,"minecraft:stone_slab":1,"minecraft:lapis_ore":3,"supplementaries:urn":16,"minecraft:spruce_stairs":24,"immersive_weathering:cherry_leaf_pile":329,"minecraft:redstone_torch":1,"spelunkers_charm:deepslate_rock_pile_3":1,"minecraft:gray_bed":3,"diagonalfences:minecraft/cherry_fence":2,"farmersdelight:tatami":1,"minecraft:coal_ore":215,"minecraft:cocoa":15,"minecraft:cherry_leaves":1,"quark:spruce_chest":12,"minecraft:cyan_carpet":1,"minecraft:cracked_stone_bricks":5,"minecraft:stripped_acacia_wood":1,"minecraft:polished_andesite":157,"minecraft:mossy_stone_bricks":4,"quark:violet_corundum_cluster":5,"pots_and_mimics:treasure_pot":8},"minecraft:used":{"minecraft:moss_block":25,"minecraft:beetroot":6,"farmersdelight:mixed_salad":2,"mcwbridges:spruce_log_bridge_middle":23,"minecraft:spruce_slab":199,"farmersdelight:cabbage_seeds":102,"quark:bamboo_mat":181,"quark:music_disc_drips":1,"graveyard:acacia_coffin":1,"quark:cherry_chest":2,"shutter:cherry_shutter":26,"cozy_home:cherry_grandfather_clock":1,"shutter:spruce_shutter":10,"minecraft:cracked_deepslate_tiles":1,"minecraft:acacia_sapling":22,"minecraft:snowball":420,"create:framed_glass_pane":208,"automobility:automobile_assembler":9,"minecraft:stripped_spruce_log":380,"minecraft:spruce_boat":12,"minecraft:polished_andesite_stairs":1,"farmersdelight:rotten_tomato":1,"cozy_home:spruce_chair":5,"quark:paper_lantern_sakura":14,"minecraft:cherry_button":2,"minecraft:stone_brick_stairs":1,"minecraft:bow":36,"minecraft:oak_sapling":1,"minecraft:furnace":9,"minecraft:egg":2,"minecraft:potato":239,"beansbackpacks:backpack":1,"cozy_home:spruce_sink_counter":1,"minecraft:mossy_stone_bricks":6,"minecraft:diorite":45,"minecraft:spruce_door":5,"create:cut_andesite_brick_wall":207,"supplementaries:flute":1,"minecraft:blackstone_stairs":1,"minecraft:orange_tulip":2,"create:small_andesite_brick_slab":41,"minecraft:wooden_pickaxe":6,"minecraft:mossy_stone_brick_stairs":2,"quark:dark_oak_vertical_slab":386,"minecraft:composter":3,"minecraft:golden_apple":4,"minecraft:glow_berries":5,"minecraft:dark_oak_trapdoor":38,"farmersdelight:tatami":3,"farmersdelight:rice":12,"wardrobe:farmers_hat_helmet":2,"minecraft:pumpkin_seeds":7,"quark:paper_wall":58,"chimes:iron_chimes":5,"minecraft:cherry_hanging_sign":4,"create:cut_andesite_brick_stairs":3,"automobility:auto_mechanic_table":5,"minecraft:zombie_head":1,"create_sa:copper_sword":140,"minecraft:stone_button":1,"minecraft:diamond_ore":1,"minecraft:soul_lantern":7,"graveyard:dark_iron_door":1,"supplementaries:flax_seeds":31,"minecraft:diamond_sword":740,"create:basin":1,"farmersdelight:spruce_cabinet":4,"supplementaries:bamboo_spikes":1,"minecraft:oak_boat":2,"create_sa:copper_chestplate":1,"miners_delight:gossypium":1,"minecraft:stripped_acacia_wood":1,"cnc:wolverine_head":1,"minecraft:iron_bars":15,"minecraft:stone_sword":71,"handcrafted:fancy_painting":24,"quark:spruce_bookshelf":11,"minecraft:torch":159,"handcrafted:spruce_side_table":2,"minecraft:mud_brick_stairs":1,"create:spruce_window":78,"farmersdelight:beef_patty":26,"supplementaries:doormat":2,"minecraft:flowering_azalea":1,"minecraft:iron_axe":1679,"minecraft:cherry_slab":167,"minecraft:brick_stairs":3,"minecraft:polished_deepslate_wall":20,"farmersdelight:cabbage_crate":2,"minecraft:barrel":10,"minecraft:bamboo":29,"minecraft:diamond_chestplate":1,"farmersdelight:cooking_pot":2,"minecraft:acacia_wood":36,"tombstone:gift":14,"farmersdelight:tomato_seeds":14,"minecraft:cherry_fence":9,"minecraft:acacia_planks":37,"minecraft:cobbled_deepslate":5,"minecraft:cherry_log":74,"minecraft:wheat_seeds":1058,"farmersdelight:iron_knife":9,"minecraft:chiseled_bookshelf":1,"minecraft:water_bucket":33,"cnc:giant_boar_head":1,"minecraft:mangrove_wood":1,"minecraft:tube_coral_block":1,"quark:cobblestone_bricks":335,"butcher:butchers_knife":1,"minecraft:cherry_planks":158,"immersive_weathering:sandy_dirt":3,"minecraft:mossy_cobblestone":7,"minecraft:cracked_stone_bricks":4,"minecraft:rail":2,"minecraft:crafting_table":22,"minecraft:white_bed":18,"immersive_weathering:silt":1,"butcher:skinning_knife":1,"quark:paper_wall_sakura":5,"minecraft:spruce_log":41,"thirst:terracotta_water_bowl":113,"minecraft:oak_log":5,"minecraft:cornflower":59,"blocky_siege:reinforced_bamboo_door":2,"minecraft:iron_pickaxe":2470,"tombstone:magic_scroll":2,"minecraft:spruce_trapdoor":31,"minecraft:spruce_sapling":32,"minecraft:cobblestone":275,"minecraft:potion":6,"minecraft:purple_bed":3,"minecraft:glass_pane":61,"minecraft:black_candle":1,"minecraft:jukebox":2,"minecraft:cherry_sapling":21,"minecraft:light_blue_banner":5,"minecraft:purple_candle":8,"minecraft:iron_shovel":1095,"minecraft:decorated_pot":1,"minecraft:shield":5,"minecraft:iron_sword":1230,"minecraft:player_head":3,"cozy_home:spruce_mirror_stand":1,"minecraft:iron_chestplate":8,"minecraft:carrot":7,"minecraft:nether_bricks":3,"minecraft:tuff":26,"quark:vertical_spruce_planks":1,"minecraft:music_disc_13":1,"minecraft:milk_bucket":1,"minecraft:polished_deepslate_stairs":1,"minecraft:glass":1,"minecraft:bricks":3,"minecraft:blue_orchid":28,"minecraft:dark_oak_wood":22,"create:scoria":1,"minecraft:iron_helmet":1,"supplementaries:goblet":2,"minecraft:stone_bricks":3,"minecraft:item_frame":9,"minecraft:spruce_hanging_sign":7,"create:andesite_pillar":204,"farmersdelight:cutting_board":1,"minecraft:scaffolding":78,"minecraft:gray_bed":2,"minecraft:beetroot_seeds":152,"cnc:cougar_head":1,"immersive_armors:wooden_helmet":2,"quark:dark_oak_ladder":25,"minecraft:dark_oak_sapling":45,"minecraft:stone_pickaxe":333,"cnc:wendigo_head":6,"minecraft:diamond_axe":527,"copperntraps:undeployed":5,"minecraft:sugar_cane":38,"minecraft:white_wool":3,"cozy_home:spruce_mirror":1,"create_sa:copper_axe":198,"minecraft:golden_hoe":2,"graveyard:small_light_gray_urn":1,"dungeons_plus:warped_axe":98,"minecraft:shears":3,"minecraft:dark_oak_log":1,"minecraft:bread":2,"create:cut_andesite_bricks":321,"quark:cobblestone_bricks_stairs":259,"create:asurine":1,"supplementaries:flag_magenta":4,"minecraft:torchflower_seeds":1,"create_sa:copper_shovel":203,"supplementaries:timber_cross_brace":2,"create:framed_glass_door":11,"minecraft:andesite":228,"minecraft:stripped_cherry_log":5,"cozy_home:spruce_grandfather_clock":7,"minecraft:coarse_dirt":3,"minecraft:bone_meal":214,"minecraft:golden_pickaxe":3,"minecraft:experience_bottle":2,"cnc:cookedvenison":9,"minecraft:trident":1,"cozy_home:spruce_counter":6,"minecraft:flint_and_steel":4,"wares:cardboard_box":6,"minecraft:stone_shovel":389,"minecraft:spruce_planks":67,"cozy_home:large_spruce_stump":4,"shutter:dark_oak_shutter":4,"minecraft:stone_hoe":245,"minecraft:cooked_chicken":1,"supplementaries:sconce":6,"minecraft:dirt":1110,"create:mechanical_mixer":2,"minecraft:white_carpet":2,"miners_delight:copper_cup":1,"minecraft:spruce_stairs":135,"supplementaries:item_shelf":5,"minecraft:spruce_fence":11,"handcrafted:spruce_table":3,"minecraft:iron_hoe":252,"minecraft:dark_oak_planks":759,"shieldexp:wooden_shield":5,"quark:spruce_chest":25,"minecraft:oak_stairs":1,"minecraft:cherry_trapdoor":4,"scarecrowsterritory:primitive_scarecrow":1,"butcher:jar":2,"quark:acacia_ladder":3,"minecraft:golden_carrot":3,"minecraft:stone_pressure_plate":3,"farmersdelight:cooked_mutton_chops":14,"mcwbridges:andesite_bridge_stair":14,"minecraft:cooked_beef":2,"minecraft:pumpkin":1,"minecraft:brain_coral_block":1,"minecraft:cooked_mutton":5,"minecraft:acacia_boat":7,"minecraft:iron_ore":2,"minecraft:polished_andesite":174,"minecraft:baked_potato":66,"minecraft:brown_mushroom":1,"treasure2:milk_crate":1,"minecraft:stonecutter":26,"minecraft:cobblestone_slab":1,"minecraft:warped_roots":9,"farmersdelight:onion":19,"minecraft:music_disc_cat":2,"quark:acacia_chest":2,"minecraft:spider_eye":1,"handcrafted:bamboo_fancy_bed":8,"minecraft:flower_pot":1,"minecraft:stone_slab":1,"supplementaries:candle_holder_purple":4,"minecraft:stone_axe":796,"minecraft:fire_coral_block":1,"miners_delight:cave_carrot":7,"minecraft:cherry_stairs":92,"minecraft:bucket":33},"minecraft:killed":{"minecraft:cave_spider":8,"cnc:wendigo":10,"graveyard:wraith":4,"minecraft:skeleton":120,"gore:zombie_without_mouth":2,"gore:zombie_without_legs_and_arm":6,"minecraft:salmon":6,"minecraft:pillager":2,"minecraft:zombie":186,"minecraft:cow":64,"gore:zombie_without_mouth_and_arms":2,"gore:zombie_without_mouth_and_arm":16,"gore:zombie_without_head":10,"gore:zombie_without_legs":6,"gore:zombiewithoutarms":6,"minecraft:enderman":2,"cnc:cougar":4,"pots_and_mimics:pot_crab":4,"minecraft:spider":34,"gore:dismembered_spider_2":2,"sleep_tight:bedbug":4,"minecraft:pig":14,"gore:zombie_without_head_and_arm":6,"minecraft:zombie_villager":4,"minecraft:creeper":24,"minecraft:sheep":22,"antlers:wendigomad":2,"minecraft:stray":64,"graveyard:corrupted_pillager":6,"minecraft:blaze":2,"minecraft:slime":242,"naturalist:bass":20,"cnc:giant_boar":2,"cnc:skinwalker":2,"minecraft:drowned":44,"minecraft:squid":4,"pots_and_mimics:poison_pot_crab":6,"minecraft:player":2},"minecraft:crafted":{"minecraft:black_dye":4,"minecraft:polished_deepslate_wall":4,"create_sa:copper_chestplate":1,"minecraft:chain":5,"automobility:auto_mechanic_table":1,"shutter:cherry_shutter":16,"cozy_home:cherry_grandfather_clock":1,"quark:acacia_bookshelf":5,"create:framed_glass_door":4,"shutter:spruce_shutter":4,"create:cut_andesite_bricks":24,"quark:dark_oak_vertical_slab":324,"minecraft:glass":217,"minecraft:decorated_pot":1,"create:cut_andesite_brick_stairs":3,"minecraft:black_wool":4,"supplementaries:flute":1,"minecraft:magenta_dye":12,"create:cogwheel":1,"quark:paper_wall":30,"minecraft:flower_pot":1,"knightquest:great_essence":1,"automobility:crowbar":1,"minecraft:wooden_shovel":1,"minecraft:emerald":1,"minecraft:diamond_axe":1,"farmersdelight:cabbage_crate":1,"minecraft:spruce_door":3,"wardrobe:lantern_on_a_stick":1,"minecraft:clock":1,"cozy_home:spruce_chair":4,"minecraft:copper_ingot":88,"minecraft:hay_block":1,"create:mechanical_mixer":1,"cozy_home:spruce_sink_counter":1,"minecraft:painting":3,"minecraft:bamboo_planks":14,"minecraft:iron_pickaxe":8,"minecraft:iron_block":3,"minecraft:composter":1,"naturalist:bug_net":1,"thirst:terracotta_bowl":14,"minecraft:magenta_wool":6,"minecraft:stone_shovel":3,"minecraft:iron_nugget":63,"thirst:clay_bowl":36,"wardrobe:farmers_hat_helmet":1,"minecraft:bone_meal":168,"minecraft:spruce_fence":45,"minecraft:pink_dye":10,"cozy_home:spruce_mirror":3,"mcwbridges:andesite_bridge_stair":11,"create_sa:copper_shovel":1,"minecraft:cherry_trapdoor":4,"minecraft:lantern":2,"minecraft:spruce_stairs":136,"supplementaries:sconce":2,"minecraft:spruce_slab":252,"minecraft:cherry_stairs":84,"minecraft:stone_pickaxe":4,"farmersdelight:rice":9,"minecraft:spruce_boat":1,"minecraft:redstone_block":2,"quark:spruce_chest":13,"minecraft:dark_oak_planks":876,"quark:dark_oak_ladder":48,"cozy_home:large_spruce_stump":4,"minecraft:light_blue_wool":6,"supplementaries:timber_cross_brace":1,"handcrafted:bamboo_fancy_bed":2,"quark:paper_lantern_sakura":6,"farmersdelight:cooking_pot":1,"handcrafted:blue_sheet":1,"farmersdelight:spruce_cabinet":4,"mcwbridges:spruce_log_bridge_middle":48,"quark:paper_lantern":6,"quark:bamboo_mat":80,"minecraft:iron_shovel":3,"handcrafted:spruce_side_table":2,"handcrafted:fancy_painting":3,"minecraft:golden_hoe":2,"minecraft:brick":1,"wardrobe:pink_scarf":1,"cozy_home:spruce_mirror_stand":1,"minecraft:oak_planks":20,"cnc:cookedvenison":9,"minecraft:barrel":6,"minecraft:cherry_slab":162,"minecraft:spruce_hanging_sign":6,"farmersdelight:canvas":2,"minecraft:cooked_chicken":1,"minecraft:stone":3,"quark:cherry_chest":2,"minecraft:bamboo_door":3,"minecraft:light_blue_banner":1,"immersive_armors:wooden_chestplate":3,"minecraft:bamboo_block":7,"minecraft:dark_oak_door":3,"supplementaries:goblet":1,"butcher:jar":1,"minecraft:copper_block":12,"immersive_armors:wooden_helmet":2,"minecraft:stone_hoe":2,"minecraft:cherry_fence":9,"create_sa:copper_axe":1,"minecraft:item_frame":7,"minecraft:cauldron":1,"minecraft:crafting_table":5,"minecraft:spruce_planks":928,"minecraft:wooden_pickaxe":1,"minecraft:baked_potato":91,"minecraft:iron_helmet":1,"immersive_armors:wooden_leggings":3,"minecraft:cherry_button":1,"minecraft:gold_block":2,"farmersdelight:skillet":1,"farmersdelight:tatami":2,"handcrafted:magenta_sheet":1,"immersive_armors:wooden_boots":3,"minecraft:spruce_trapdoor":30,"minecraft:dark_oak_slab":378,"minecraft:book":18,"minecraft:paper":99,"minecraft:pink_wool":10,"minecraft:stick":300,"minecraft:light_blue_dye":64,"minecraft:iron_ingot":79,"shieldexp:wooden_shield":2,"miners_delight:copper_cup":1,"minecraft:stone_sword":2,"create:spruce_window":78,"minecraft:shears":1,"cozy_home:bamboo_plank":3,"wardrobe:breathing_reed":1,"minecraft:cherry_planks":380,"quark:paper_wall_sakura":2,"minecraft:stone_button":1,"minecraft:furnace":6,"supplementaries:doormat":1,"minecraft:dark_oak_trapdoor":12,"minecraft:cherry_sapling":2,"firstaid:plaster":4,"minecraft:glass_pane":64,"minecraft:flint_and_steel":1,"automobility:automobile_assembler":1,"minecraft:scaffolding":12,"quark:acacia_chest":2,"minecraft:iron_axe":7,"supplementaries:flag_magenta":1,"minecraft:iron_hoe":1,"supplementaries:candle_holder_purple":4,"minecraft:chiseled_bookshelf":1,"cozy_home:spruce_plank":48,"create:framed_glass_pane":208,"create:basin":1,"minecraft:cooked_beef":13,"minecraft:sugar":14,"supplementaries:item_shelf":4,"create:andesite_alloy":8,"create:small_andesite_brick_slab":22,"minecraft:iron_sword":3,"minecraft:bowl":32,"chimes:iron_chimes":1,"thirst:terracotta_water_bowl":99,"minecraft:stone_axe":5,"minecraft:air":0,"minecraft:bread":14,"minecraft:blue_dye":67,"handcrafted:spruce_table":2,"cozy_home:cherry_plank":8,"minecraft:oak_boat":1,"quark:spruce_bookshelf":11,"create:whisk":1,"shutter:dark_oak_shutter":4,"handcrafted:blue_cushion":1,"firstaid:bandage":5,"create_sa:copper_sword":1,"minecraft:stonecutter":1,"minecraft:acacia_planks":68,"minecraft:torch":44,"handcrafted:magenta_cushion":1,"blocky_siege:reinforced_bamboo_door":1,"scarecrowsterritory:primitive_scarecrow":1,"create:zinc_ingot":10,"cozy_home:spruce_counter":4}},"DataVersion":3465}