{"stats":{"minecraft:killed_by":{"minecraft:skeleton":1},"minecraft:dropped":{"minecraft:wheat_seeds":2,"minecraft:feather":2,"minecraft:cobblestone":3,"minecraft:lantern":2,"minecraft:cornflower":1,"shieldexp:wooden_shield":1,"minecraft:wheat":1,"minecraft:chicken":1,"minecraft:rotten_flesh":6,"minecraft:clay_ball":9,"thirst:terracotta_water_bowl":10,"minecraft:wooden_pickaxe":2},"minecraft:picked_up":{"minecraft:crafting_table":4,"minecraft:wheat":7,"minecraft:chicken":1,"minecraft:clay_ball":36,"minecraft:stone_slab":1,"minecraft:lead":1,"minecraft:wooden_pickaxe":2,"minecraft:cornflower":35,"treasure2:milk_crate":1,"minecraft:blue_orchid":33,"quark:spruce_chest":2,"farmersdelight:beef_patty":3,"minecraft:spruce_planks":5,"minecraft:furnace":6,"minecraft:egg":2,"minecraft:stick":40,"minecraft:raw_iron":5,"minecraft:torch":2,"minecraft:porkchop":12,"minecraft:dark_oak_planks":3,"minecraft:arrow":3,"minecraft:rotten_flesh":8,"cnc:cougar_head":1,"create:asurine":1,"minecraft:iron_bars":2,"minecraft:cobblestone":117,"minecraft:feather":2,"minecraft:andesite":340,"minecraft:leather":1,"minecraft:mud_brick_stairs":1,"minecraft:acacia_wood":44,"minecraft:gunpowder":2,"minecraft:dirt":202,"antlers:tomahawkitem":2,"minecraft:lantern":1,"minecraft:cooked_mutton":5,"minecraft:bone":3,"minecraft:stonecutter":1,"minecraft:wheat_seeds":25,"minecraft:orange_tulip":2,"minecraft:acacia_sapling":10,"immersive_weathering:tallow":18,"minecraft:cooked_porkchop":12,"minecraft:spyglass":1,"minecraft:sand":18,"create:cut_andesite_bricks":5,"minecraft:stripped_spruce_log":159,"minecraft:spruce_sapling":18,"minecraft:white_bed":2,"minecraft:spruce_log":63,"minecraft:spruce_door":3,"minecraft:polished_andesite":142,"minecraft:purple_bed":3,"minecraft:mangrove_wood":1,"knightquest:small_essence":5,"minecraft:warped_roots":3,"minecraft:coal":58},"minecraft:killed":{"cnc:cougar":2,"minecraft:skeleton":4,"minecraft:pig":14,"gore:zombie_without_head":2,"minecraft:creeper":2,"minecraft:zombie":4},"minecraft:used":{"minecraft:iron_bars":2,"minecraft:stone_shovel":195,"minecraft:spruce_planks":8,"minecraft:cooked_chicken":1,"minecraft:torch":2,"minecraft:dirt":90,"minecraft:spruce_stairs":4,"minecraft:mud_brick_stairs":1,"minecraft:stripped_spruce_log":133,"farmersdelight:beef_patty":3,"minecraft:spruce_boat":1,"minecraft:dark_oak_planks":115,"minecraft:iron_axe":112,"minecraft:iron_helmet":1,"minecraft:dark_oak_wood":22,"minecraft:furnace":8,"minecraft:egg":2,"cnc:cougar_head":1,"minecraft:wheat_seeds":20,"minecraft:cooked_mutton":5,"minecraft:mangrove_wood":1,"minecraft:spruce_door":5,"minecraft:stone_pickaxe":59,"minecraft:polished_andesite":162,"minecraft:wooden_pickaxe":6,"treasure2:milk_crate":1,"minecraft:stonecutter":2,"minecraft:warped_roots":1,"minecraft:crafting_table":3,"minecraft:white_bed":2,"thirst:terracotta_water_bowl":11,"minecraft:cornflower":5,"minecraft:bread":2,"minecraft:iron_pickaxe":109,"create:cut_andesite_bricks":65,"minecraft:stone_slab":1,"minecraft:spruce_sapling":6,"create:asurine":1,"minecraft:stone_axe":134,"minecraft:cobblestone":10,"minecraft:purple_bed":3,"minecraft:andesite":6,"minecraft:glass_pane":20},"minecraft:broken":{"minecraft:stone_axe":1,"minecraft:stone_shovel":1},"minecraft:crafted":{"minecraft:stone_shovel":2,"thirst:clay_bowl":36,"minecraft:iron_nugget":18,"minecraft:cooked_chicken":1,"minecraft:furnace":2,"minecraft:stone":3,"minecraft:glass_pane":32,"minecraft:glass":18,"minecraft:lantern":2,"minecraft:spruce_stairs":32,"minecraft:iron_axe":1,"minecraft:stone_pickaxe":1,"minecraft:spruce_boat":1,"minecraft:dark_oak_planks":112,"minecraft:crafting_table":1,"minecraft:spruce_planks":80,"minecraft:wooden_pickaxe":1,"minecraft:spruce_door":3,"minecraft:copper_ingot":7,"thirst:terracotta_water_bowl":48,"minecraft:stone_axe":1,"minecraft:bread":2,"minecraft:air":0,"minecraft:stick":4,"shieldexp:wooden_shield":2,"minecraft:iron_ingot":5,"minecraft:stonecutter":1,"minecraft:torch":4,"minecraft:shears":1,"thirst:terracotta_bowl":14},"minecraft:custom":{"minecraft:mob_kills":14,"minecraft:interact_with_crafting_table":26,"minecraft:open_barrel":9,"minecraft:interact_with_campfire":16,"minecraft:leave_game":6,"minecraft:time_since_death":2735,"minecraft:climb_one_cm":1363,"minecraft:sprint_one_cm":236155,"minecraft:walk_one_cm":317010,"minecraft:drop":25,"minecraft:play_time":101564,"minecraft:deaths":1,"minecraft:sneak_time":3067,"minecraft:walk_under_water_one_cm":4411,"minecraft:jump":1384,"minecraft:walk_on_water_one_cm":9504,"minecraft:total_world_time":101564,"minecraft:interact_with_furnace":63,"minecraft:interact_with_stonecutter":5,"minecraft:sleep_in_bed":16,"minecraft:time_since_rest":517,"minecraft:damage_taken":259,"minecraft:damage_dealt":2116,"minecraft:fly_one_cm":371198,"minecraft:swim_one_cm":16080,"minecraft:open_chest":50,"minecraft:crouch_one_cm":7671,"minecraft:interact_with_smoker":1,"minecraft:fall_one_cm":34918},"minecraft:mined":{"minecraft:dark_oak_planks":3,"minecraft:large_amethyst_bud":1,"minecraft:spruce_planks":5,"minecraft:white_bed":3,"immersive_weathering:acacia_leaf_pile":32,"farmersdelight:wild_carrots":2,"antlers:bloody_fox":1,"minecraft:grass_block":167,"minecraft:spruce_leaves":1,"minecraft:furnace":6,"minecraft:nether_sprouts":6,"minecraft:iron_ore":5,"minecraft:andesite":6,"minecraft:stripped_spruce_log":34,"treechop:chopped_log":8,"create:cut_andesite_bricks":5,"create:asurine":1,"minecraft:small_amethyst_bud":6,"minecraft:iron_bars":2,"minecraft:stone":32,"minecraft:blue_orchid":26,"minecraft:podzol":1,"treasure2:milk_crate":1,"minecraft:medium_amethyst_bud":1,"immersive_weathering:spruce_leaf_pile":48,"minecraft:spruce_door":3,"minecraft:torch":2,"minecraft:mangrove_wood":2,"minecraft:crafting_table":4,"minecraft:clay":8,"minecraft:cornflower":25,"minecraft:mud_brick_stairs":1,"minecraft:warped_roots":2,"minecraft:stone_slab":1,"minecraft:purple_bed":3,"minecraft:wheat":7,"minecraft:birch_leaves":2,"minecraft:orange_tulip":1,"minecraft:grass":20,"minecraft:coal_ore":21,"quark:spruce_chest":2,"minecraft:sand":20,"minecraft:dirt":6,"minecraft:stonecutter":1,"minecraft:polished_andesite":81,"pots_and_mimics:treasure_pot":1,"minecraft:fern":12}},"DataVersion":3465}