{"stats":{"minecraft:used":{"minecraft:iron_shovel":541,"minecraft:spruce_slab":197,"minecraft:iron_sword":314,"cozy_home:spruce_mirror_stand":1,"minecraft:carrot":2,"minecraft:acacia_sapling":21,"quark:vertical_spruce_planks":1,"create:framed_glass_pane":2,"minecraft:stripped_spruce_log":377,"minecraft:spruce_boat":3,"minecraft:blue_orchid":12,"create:scoria":1,"minecraft:iron_helmet":1,"minecraft:dark_oak_wood":22,"cozy_home:spruce_chair":5,"create:andesite_pillar":170,"farmersdelight:cutting_board":1,"minecraft:oak_sapling":1,"minecraft:furnace":9,"minecraft:egg":2,"minecraft:potato":162,"cnc:cougar_head":1,"minecraft:dark_oak_sapling":16,"quark:dark_oak_ladder":6,"minecraft:spruce_door":5,"cnc:wendigo_head":3,"minecraft:stone_pickaxe":59,"minecraft:orange_tulip":1,"quark:dark_oak_vertical_slab":14,"minecraft:wooden_pickaxe":6,"minecraft:composter":3,"minecraft:sugar_cane":19,"cozy_home:spruce_mirror":1,"minecraft:dark_oak_trapdoor":11,"minecraft:bread":2,"create:cut_andesite_bricks":185,"quark:cobblestone_bricks_stairs":51,"minecraft:diamond_ore":1,"create:asurine":1,"minecraft:soul_lantern":7,"supplementaries:timber_cross_brace":2,"minecraft:andesite":39,"create:framed_glass_door":6,"minecraft:bone_meal":94,"cnc:cookedvenison":9,"minecraft:iron_bars":2,"minecraft:stone_sword":71,"wares:cardboard_box":6,"minecraft:stone_shovel":389,"minecraft:spruce_planks":35,"cozy_home:large_spruce_stump":4,"minecraft:stone_hoe":149,"minecraft:cooked_chicken":1,"minecraft:torch":38,"minecraft:dirt":491,"minecraft:spruce_stairs":133,"minecraft:spruce_fence":9,"minecraft:mud_brick_stairs":1,"create:spruce_window":76,"farmersdelight:beef_patty":3,"minecraft:iron_hoe":122,"minecraft:dark_oak_planks":491,"shieldexp:wooden_shield":4,"quark:spruce_chest":4,"minecraft:iron_axe":582,"minecraft:acacia_wood":6,"mcwbridges:andesite_bridge_stair":14,"minecraft:wheat_seeds":281,"minecraft:cooked_mutton":5,"minecraft:water_bucket":3,"minecraft:mangrove_wood":1,"quark:cobblestone_bricks":159,"minecraft:polished_andesite":172,"minecraft:baked_potato":25,"treasure2:milk_crate":1,"minecraft:stonecutter":10,"minecraft:warped_roots":6,"minecraft:crafting_table":6,"minecraft:white_bed":5,"minecraft:spruce_log":23,"thirst:terracotta_water_bowl":49,"minecraft:cornflower":49,"minecraft:iron_pickaxe":987,"minecraft:stone_slab":1,"minecraft:spruce_trapdoor":31,"minecraft:spruce_sapling":26,"minecraft:stone_axe":733,"minecraft:cobblestone":31,"minecraft:purple_bed":3,"minecraft:bucket":3,"minecraft:glass_pane":61},"minecraft:crafted":{"minecraft:brick":1,"cozy_home:spruce_mirror_stand":1,"cnc:cookedvenison":9,"minecraft:cooked_chicken":1,"minecraft:stone":3,"immersive_armors:wooden_chestplate":1,"create:framed_glass_door":4,"create:cut_andesite_bricks":24,"minecraft:dark_oak_door":3,"minecraft:glass":217,"minecraft:stone_hoe":1,"knightquest:great_essence":1,"minecraft:emerald":1,"minecraft:crafting_table":1,"minecraft:spruce_planks":532,"minecraft:baked_potato":91,"minecraft:wooden_pickaxe":1,"immersive_armors:wooden_leggings":1,"minecraft:spruce_door":3,"wardrobe:lantern_on_a_stick":1,"cozy_home:spruce_chair":4,"minecraft:copper_ingot":7,"immersive_armors:wooden_boots":1,"minecraft:spruce_trapdoor":30,"minecraft:dark_oak_slab":12,"minecraft:stick":4,"minecraft:iron_pickaxe":3,"shieldexp:wooden_shield":2,"minecraft:iron_ingot":50,"minecraft:stone_sword":2,"minecraft:composter":1,"create:spruce_window":76,"minecraft:shears":1,"thirst:terracotta_bowl":14,"minecraft:stone_shovel":3,"thirst:clay_bowl":36,"minecraft:iron_nugget":18,"minecraft:furnace":3,"minecraft:dark_oak_trapdoor":12,"minecraft:bone_meal":57,"minecraft:spruce_fence":9,"cozy_home:spruce_mirror":3,"mcwbridges:andesite_bridge_stair":11,"minecraft:glass_pane":64,"minecraft:lantern":2,"minecraft:spruce_stairs":136,"minecraft:iron_axe":3,"minecraft:iron_hoe":1,"minecraft:spruce_slab":210,"minecraft:stone_pickaxe":2,"minecraft:spruce_boat":1,"cozy_home:spruce_plank":24,"create:framed_glass_pane":160,"minecraft:dark_oak_planks":520,"quark:dark_oak_ladder":8,"cozy_home:large_spruce_stump":4,"minecraft:iron_sword":1,"supplementaries:timber_cross_brace":1,"thirst:terracotta_water_bowl":99,"minecraft:stone_axe":5,"minecraft:bread":14,"minecraft:air":0,"minecraft:iron_shovel":1,"minecraft:stonecutter":1,"minecraft:torch":20,"create:zinc_ingot":10},"minecraft:picked_up":{"quark:vertical_spruce_planks":7,"minecraft:wheat":113,"minecraft:stone_slab":1,"minecraft:lead":9,"farmersdelight:cutting_board":1,"minecraft:polished_deepslate":3,"minecraft:dark_oak_trapdoor":11,"minecraft:raw_copper":1,"shieldexp:wooden_shield":1,"minecraft:smooth_stone_slab":48,"minecraft:spruce_planks":18,"minecraft:iron_pickaxe":1,"minecraft:furnace":6,"minecraft:stick":167,"mcwbridges:andesite_bridge_stair":17,"minecraft:composter":2,"minecraft:polished_deepslate_stairs":1,"minecraft:torch":20,"minecraft:spruce_stairs":22,"create:andesite_pillar":10,"minecraft:porkchop":12,"createloveandwar:raw_sulphur":22,"minecraft:deepslate_tile_stairs":1,"minecraft:rotten_flesh":19,"create:scoria":1,"create:asurine":1,"supplementaries:ash":5,"wares:sealed_delivery_agreement":1,"wares:cardboard_box":1,"minecraft:iron_bars":17,"minecraft:cobblestone":577,"minecraft:feather":2,"minecraft:andesite":521,"quark:dark_oak_vertical_slab":57,"minecraft:mud_brick_stairs":1,"minecraft:potato":263,"create:raw_zinc":14,"minecraft:dirt":715,"antlers:tomahawkitem":2,"minecraft:lantern":1,"minecraft:glass":4,"minecraft:bone":25,"minecraft:stonecutter":10,"minecraft:orange_tulip":12,"minecraft:wheat_seeds":357,"immersive_weathering:cozy_home/spruce_bark":21,"immersive_weathering:tallow":18,"minecraft:cooked_porkchop":12,"minecraft:poisonous_potato":2,"minecraft:sand":237,"create:cut_andesite_bricks":12,"minecraft:stripped_spruce_log":454,"minecraft:dark_oak_log":102,"minecraft:mossy_cobblestone":8,"minecraft:polished_andesite":147,"quark:cobblestone_bricks_stairs":19,"minecraft:diamond":1,"minecraft:mangrove_wood":1,"minecraft:spruce_boat":2,"minecraft:soul_lantern":7,"knightquest:small_essence":33,"minecraft:bone_meal":2,"create:framed_glass_door":4,"minecraft:oak_sapling":2,"minecraft:crafting_table":6,"minecraft:chicken":1,"minecraft:clay_ball":36,"minecraft:brown_mushroom":1,"minecraft:wooden_pickaxe":2,"minecraft:cornflower":157,"supplementaries:timber_cross_brace":2,"treasure2:milk_crate":1,"minecraft:blue_orchid":70,"minecraft:glass_pane":1,"quark:spruce_chest":4,"farmersdelight:beef_patty":3,"immersive_armors:wooden_leggings":1,"minecraft:light_gray_wool":1,"minecraft:spruce_slab":23,"minecraft:sugar_cane":41,"minecraft:spruce_trapdoor":9,"minecraft:egg":2,"minecraft:dark_oak_sapling":19,"minecraft:raw_iron":14,"minecraft:orange_dye":12,"immersive_weathering:acacia_bark":1,"minecraft:spruce_fence":3,"minecraft:carrot":11,"minecraft:dark_oak_planks":47,"minecraft:arrow":15,"cnc:cougar_head":1,"cnc:wendigo_head":3,"minecraft:salmon":1,"minecraft:leather":1,"minecraft:acacia_wood":217,"minecraft:gunpowder":9,"minecraft:cobblestone_wall":30,"minecraft:cooked_mutton":5,"minecraft:apple":2,"thirst:terracotta_water_bowl":4,"minecraft:stone_pickaxe":1,"minecraft:iron_sword":2,"minecraft:acacia_sapling":51,"cozy_home:spruce_chair":1,"minecraft:spyglass":1,"minecraft:gravel":2,"minecraft:spruce_sapling":76,"minecraft:white_bed":5,"thirst:terracotta_bowl":4,"minecraft:spruce_log":85,"minecraft:spider_eye":1,"minecraft:spruce_door":3,"quark:cobblestone_bricks":41,"minecraft:purple_bed":3,"minecraft:stone_axe":1,"immersive_armors:wooden_chestplate":1,"minecraft:warped_roots":10,"minecraft:baked_potato":28,"minecraft:coal":188},"minecraft:killed_by":{"cnc:wendigo":3,"minecraft:zombie":1,"minecraft:player":1,"minecraft:skeleton":3,"antlers:wendigo":16},"minecraft:broken":{"minecraft:iron_shovel":3,"minecraft:stone_axe":4,"minecraft:iron_sword":1,"minecraft:stone_shovel":2,"immersive_armors:wooden_chestplate":1,"minecraft:stone_hoe":1,"minecraft:iron_axe":2,"minecraft:iron_pickaxe":3,"minecraft:iron_helmet":1},"minecraft:killed":{"cnc:cougar":2,"cnc:wendigo":4,"minecraft:spider":2,"minecraft:skeleton":26,"sleep_tight:bedbug":2,"minecraft:pig":14,"minecraft:zombie_villager":2,"minecraft:creeper":6,"minecraft:zombie":20,"minecraft:stray":6,"gore:zombie_without_mouth_and_arm":8,"gore:zombie_without_head":2,"gore:zombie_without_legs":2,"minecraft:player":1},"minecraft:custom":{"minecraft:animals_bred":15,"minecraft:interact_with_crafting_table":108,"minecraft:open_barrel":18,"minecraft:leave_game":9,"minecraft:time_since_death":12909,"minecraft:sprint_one_cm":1054592,"minecraft:damage_blocked_by_shield":130,"minecraft:drop":55,"minecraft:talked_to_villager":15,"minecraft:play_time":555307,"minecraft:deaths":27,"minecraft:jump":5721,"minecraft:walk_on_water_one_cm":32717,"minecraft:interact_with_furnace":184,"minecraft:traded_with_villager":3,"minecraft:sleep_in_bed":53,"minecraft:damage_dealt":13903,"minecraft:player_kills":2,"minecraft:crouch_one_cm":96042,"wares:interact_with_delivery_table":2,"minecraft:interact_with_smoker":1,"minecraft:mob_kills":48,"minecraft:interact_with_campfire":16,"minecraft:climb_one_cm":11509,"minecraft:walk_one_cm":1970391,"minecraft:sneak_time":39210,"minecraft:walk_under_water_one_cm":22552,"minecraft:boat_one_cm":5581,"minecraft:total_world_time":555307,"minecraft:interact_with_stonecutter":23,"minecraft:time_since_rest":12966,"minecraft:damage_taken":5549,"minecraft:swim_one_cm":115065,"minecraft:fly_one_cm":964657,"minecraft:open_chest":375,"minecraft:fall_one_cm":124398},"minecraft:mined":{"minecraft:dark_oak_planks":47,"minecraft:large_amethyst_bud":2,"minecraft:spruce_planks":18,"minecraft:white_bed":6,"minecraft:farmland":24,"immersive_weathering:acacia_leaf_pile":157,"minecraft:spruce_trapdoor":17,"minecraft:grass_block":295,"minecraft:deepslate_bricks":1,"minecraft:deepslate_tile_stairs":2,"minecraft:composter":2,"minecraft:dark_oak_trapdoor":11,"minecraft:iron_ore":14,"immersive_weathering:mossy_stone":9,"diagonalfences:minecraft/spruce_fence":3,"create:asurine":1,"create:spruce_window":2,"minecraft:small_amethyst_bud":14,"minecraft:iron_bars":2,"minecraft:deepslate_brick_stairs":1,"minecraft:blue_orchid":49,"quark:dark_oak_vertical_slab":12,"minecraft:spruce_slab":21,"quark:cobblestone_bricks_stairs":19,"minecraft:polished_deepslate_stairs":1,"minecraft:medium_amethyst_bud":4,"immersive_weathering:spruce_leaf_pile":179,"minecraft:soul_fire":4,"minecraft:soul_lantern":7,"supplementaries:timber_cross_brace":2,"quark:cobblestone_bricks":41,"minecraft:torch":4,"minecraft:clay":8,"createloveandwar:sulphur_ore":5,"minecraft:mud_brick_stairs":1,"create:scoria":1,"minecraft:cobblestone":2,"minecraft:sugar_cane":26,"minecraft:wall_torch":14,"minecraft:acacia_sapling":1,"farmersdelight:cutting_board":1,"minecraft:wheat":66,"minecraft:orange_tulip":10,"minecraft:grass":150,"minecraft:dirt":352,"minecraft:sand":240,"create:andesite_pillar":10,"minecraft:stonecutter":10,"minecraft:oak_leaves":8,"immersive_weathering:dark_oak_leaf_pile":60,"create:zinc_ore":14,"minecraft:deepslate_tiles":2,"minecraft:diamond_ore":1,"mcwbridges:andesite_bridge_stair":17,"farmersdelight:wild_carrots":11,"minecraft:dark_oak_log":4,"antlers:bloody_fox":1,"minecraft:spruce_leaves":16,"create:framed_glass_pane":2,"minecraft:spruce_sapling":1,"minecraft:furnace":6,"minecraft:carrots":2,"minecraft:nether_sprouts":13,"minecraft:acacia_wood":14,"minecraft:andesite":113,"minecraft:stripped_spruce_log":105,"treechop:chopped_log":46,"create:cut_andesite_bricks":12,"minecraft:polished_deepslate":3,"minecraft:potatoes":50,"quark:vertical_spruce_planks":1,"minecraft:stone":425,"minecraft:podzol":2,"treasure2:milk_crate":1,"minecraft:acacia_leaves":20,"minecraft:glass_pane":33,"minecraft:spruce_door":3,"minecraft:crafting_table":5,"minecraft:cornflower":84,"cozy_home:spruce_chair":1,"minecraft:mangrove_wood":2,"create:framed_glass_door":4,"minecraft:warped_roots":6,"minecraft:stone_slab":1,"supplementaries:urn":2,"minecraft:spruce_stairs":24,"minecraft:purple_bed":3,"minecraft:spruce_log":14,"minecraft:birch_leaves":2,"cnc:wendigo_head":1,"minecraft:coal_ore":151,"quark:spruce_chest":2,"minecraft:gravel":2,"minecraft:polished_andesite":86,"pots_and_mimics:treasure_pot":3,"minecraft:fern":64},"minecraft:dropped":{"minecraft:iron_sword":2,"minecraft:lantern":2,"minecraft:cornflower":1,"wares:sealed_delivery_agreement":1,"minecraft:dark_oak_planks":2,"minecraft:stone_axe":1,"minecraft:wheat":1,"minecraft:rotten_flesh":7,"minecraft:iron_bars":15,"createloveandwar:raw_sulphur":1,"minecraft:wheat_seeds":2,"minecraft:feather":2,"minecraft:cobblestone":81,"quark:vertical_spruce_planks":3,"shieldexp:wooden_shield":1,"thirst:terracotta_bowl":3,"minecraft:polished_deepslate":3,"immersive_weathering:acacia_bark":1,"minecraft:stone_sword":1,"minecraft:raw_copper":1,"minecraft:smooth_stone_slab":48,"minecraft:chicken":1,"minecraft:light_gray_wool":1,"minecraft:clay_ball":9,"thirst:terracotta_water_bowl":18,"minecraft:andesite":10,"minecraft:wooden_pickaxe":2,"minecraft:brick":2}},"DataVersion":3465}