{"stats":{"minecraft:killed_by":{"minecraft:zombie":1,"the_living_nightmare:stalker":1},"minecraft:crafted":{"minecraft:oak_planks":56,"minecraft:stone_shovel":1,"minecraft:iron_nugget":9,"thirst:clay_bowl":4,"butcher:sirloin_steak":1,"minecraft:furnace":2,"minecraft:lantern":1,"minecraft:iron_axe":1,"minecraft:stone_pickaxe":2,"minecraft:wheat":36,"minecraft:cooked_beef":3,"minecraft:crafting_table":2,"minecraft:wooden_pickaxe":1,"minecraft:bowl":4,"butcher:cookedbatmeat":4,"thirst:terracotta_water_bowl":16,"minecraft:stone_axe":1,"minecraft:bread":13,"minecraft:air":0,"butcher:pork_belly":2,"minecraft:stick":12,"quark:oak_chest":1,"shieldexp:wooden_shield":1,"minecraft:iron_pickaxe":1,"minecraft:torch":4,"minecraft:shears":1,"thirst:terracotta_bowl":4},"minecraft:killed":{"minecraft:spider":2,"minecraft:skeleton":2,"minecraft:pillager":2,"minecraft:zombie":2,"knightquest:lizzy":2,"minecraft:cow":1},"minecraft:broken":{"minecraft:stone_pickaxe":1},"minecraft:dropped":{"immersive_weathering:enchanted_golden_moss_clump":1,"farmersdelight:cooked_bacon":6,"minecraft:lantern":2,"butchersdelight:rack":1,"minecraft:leather":21,"immersive_armors:warrior_leggings":1,"minecraft:stick":11,"butcher:batmeat":2,"knightquest:lizzy_scale":1,"minecraft:string":8,"butchersdelight:cow_hide":7,"minecraft:stone_axe":1,"minecraft:bowl":8,"firstaid:morphine":2,"minecraft:rotten_flesh":5,"thirst:terracotta_water_bowl":5,"supplementaries:flax_seeds":3,"minecraft:gunpowder":3,"minecraft:oak_wood":1,"knightquest:small_essence":4,"firstaid:plaster":5,"createloveandwar:em2blueprint":1,"butcher:pork_belly":2,"createloveandwar:raw_sulphur":2},"minecraft:mined":{"minecraft:spruce_planks":1,"butchersdelight:rack":2,"immersive_weathering:birch_leaf_pile":1,"minecraft:dark_oak_fence":1,"minecraft:spruce_leaves":1,"minecraft:mud_brick_wall":6,"minecraft:moss_block":1,"minecraft:hay_block":4,"minecraft:furnace":4,"minecraft:iron_ore":16,"minecraft:fire":9,"minecraft:andesite":24,"treechop:chopped_log":3,"butcher:frogcutopen":1,"minecraft:iron_bars":2,"minecraft:black_candle":1,"minecraft:stone":67,"immersive_weathering:oak_leaf_pile":9,"minecraft:acacia_leaves":3,"minecraft:red_bed":17,"minecraft:cornflower":2,"minecraft:mangrove_wood":1,"minecraft:clay":7,"minecraft:crafting_table":5,"createloveandwar:sulphur_ore":6,"minecraft:oak_wood":1,"minecraft:calcite":12,"minecraft:mud_brick_stairs":8,"immersive_weathering:soot":2,"minecraft:white_stained_glass_pane":5,"minecraft:campfire":4,"minecraft:cobblestone":11,"minecraft:wall_torch":7,"supplementaries:urn":2,"minecraft:birch_planks":3,"minecraft:coarse_dirt":1,"minecraft:dark_oak_slab":1,"minecraft:birch_leaves":1,"antlers:bloody_pig":1,"graveyard:skull_pile":1,"minecraft:grass":1,"minecraft:oak_log":2,"minecraft:coal_ore":54,"minecraft:dirt":26,"pots_and_mimics:treasure_pot":1},"minecraft:used":{"cnc:wolverine_head":1,"minecraft:iron_bars":2,"butcher:sirloin_steak":1,"minecraft:stone_shovel":26,"minecraft:iron_chestplate":1,"minecraft:torch":4,"minecraft:dirt":25,"minecraft:oak_wood":1,"minecraft:mud_brick_stairs":6,"farmersdelight:beef_patty":9,"minecraft:iron_axe":24,"minecraft:birch_sapling":1,"supplementaries:ash":1,"minecraft:oak_sapling":5,"minecraft:furnace":6,"beansbackpacks:backpack":3,"minecraft:calcite":20,"minecraft:mangrove_wood":2,"butcher:raw_tbone_steak":3,"butcher:frogcutopen":1,"minecraft:stone_pickaxe":204,"butcher:villager_meat":1,"minecraft:wooden_pickaxe":13,"butcher:pork_belly":2,"minecraft:crafting_table":7,"minecraft:red_bed":20,"butcher:cookedbatmeat":4,"thirst:terracotta_water_bowl":15,"endrem:corrupted_eye":1,"minecraft:oak_log":4,"minecraft:cornflower":1,"minecraft:iron_pickaxe":15,"minecraft:stone_axe":36,"minecraft:nether_wart_block":2,"farmersdelight:cooked_bacon":2,"minecraft:cobblestone":75,"minecraft:mud_brick_wall":6,"minecraft:dark_oak_fence":1,"minecraft:andesite":14,"minecraft:black_candle":2,"quark:oak_chest":1,"minecraft:coarse_dirt":3,"butchersdelight:rack":1,"minecraft:experience_bottle":1,"minecraft:chainmail_leggings":1},"minecraft:custom":{"minecraft:mob_kills":5,"minecraft:interact_with_crafting_table":32,"minecraft:open_barrel":43,"minecraft:interact_with_campfire":43,"minecraft:leave_game":4,"minecraft:time_since_death":99358,"minecraft:climb_one_cm":5992,"minecraft:sprint_one_cm":314006,"minecraft:walk_one_cm":332454,"minecraft:drop":40,"minecraft:talked_to_villager":1,"minecraft:play_time":138000,"minecraft:deaths":2,"minecraft:sneak_time":8059,"minecraft:walk_under_water_one_cm":1591,"minecraft:jump":1332,"minecraft:walk_on_water_one_cm":6256,"minecraft:total_world_time":138423,"minecraft:interact_with_furnace":49,"minecraft:sleep_in_bed":5,"minecraft:time_since_rest":22172,"minecraft:damage_taken":452,"minecraft:damage_dealt":822,"minecraft:swim_one_cm":7761,"minecraft:fly_one_cm":215230,"minecraft:open_chest":41,"minecraft:crouch_one_cm":19577,"minecraft:interact_with_smoker":10,"minecraft:fall_one_cm":26828},"minecraft:picked_up":{"minecraft:charcoal":8,"minecraft:crafting_table":5,"minecraft:coarse_dirt":3,"minecraft:clay_ball":68,"cnc:wolverine_head":1,"beansbackpacks:backpack":2,"butcher:raw_sirloin_steak":3,"minecraft:cornflower":1,"minecraft:string":8,"minecraft:red_bed":20,"butchersdelight:dead_cow":7,"farmersdelight:beef_patty":9,"minecraft:spruce_planks":1,"minecraft:beef":28,"minecraft:calcite":20,"minecraft:birch_sapling":1,"minecraft:furnace":4,"minecraft:stick":3,"minecraft:raw_iron":16,"minecraft:torch":5,"minecraft:bowl":4,"createloveandwar:raw_sulphur":19,"minecraft:arrow":6,"minecraft:rotten_flesh":8,"minecraft:hay_block":4,"supplementaries:antique_ink":2,"butcher:raw_pork_belly":2,"supplementaries:ash":1,"butcher:frogcutopen":1,"minecraft:iron_bars":2,"minecraft:cobblestone":156,"butcher:villager_meat":1,"minecraft:cooked_beef":17,"immersive_armors:heavy_leggings":1,"minecraft:andesite":28,"minecraft:leather":21,"minecraft:mud_brick_stairs":9,"minecraft:birch_planks":3,"minecraft:packed_mud":2,"minecraft:oak_log":18,"farmersdelight:cooked_bacon":6,"supplementaries:flax_seeds":3,"minecraft:nether_wart_block":2,"minecraft:gunpowder":3,"butchersdelight:rack":4,"minecraft:dirt":27,"antlers:tomahawkitem":3,"minecraft:lantern":2,"knightquest:lizzy_scale":1,"minecraft:cooked_mutton":9,"minecraft:red_carpet":1,"immersive_armors:warrior_leggings":1,"minecraft:bone":23,"farmersdelight:iron_knife":1,"minecraft:raw_gold":1,"butcher:raw_tbone_steak":3,"thirst:terracotta_water_bowl":2,"minecraft:iron_ingot":45,"firstaid:plaster":8,"minecraft:black_candle":2,"minecraft:cooked_porkchop":4,"butchersdelight:cow_hide":13,"butcher:frogsleg":2,"minecraft:mud_brick_wall":6,"thirst:terracotta_bowl":7,"immersive_weathering:cozy_home/oak_bark":1,"minecraft:oak_wood":2,"minecraft:mangrove_wood":2,"minecraft:stone_axe":1,"knightquest:small_essence":11,"minecraft:emerald":4,"minecraft:bread":53,"minecraft:dark_oak_fence":1,"butcher:batmeat":4,"minecraft:oak_sapling":6,"minecraft:coal":113}},"DataVersion":3465}