{"stats":{"minecraft:custom":{"minecraft:animals_bred":5,"minecraft:interact_with_crafting_table":93,"minecraft:open_barrel":16,"minecraft:leave_game":8,"minecraft:time_since_death":16281,"minecraft:sprint_one_cm":774811,"minecraft:damage_blocked_by_shield":40,"minecraft:drop":49,"minecraft:talked_to_villager":15,"minecraft:play_time":408570,"minecraft:deaths":16,"minecraft:jump":3954,"minecraft:walk_on_water_one_cm":18632,"minecraft:interact_with_furnace":160,"minecraft:traded_with_villager":3,"minecraft:sleep_in_bed":44,"minecraft:damage_dealt":9562,"minecraft:player_kills":1,"minecraft:crouch_one_cm":86869,"wares:interact_with_delivery_table":2,"minecraft:interact_with_smoker":1,"minecraft:mob_kills":28,"minecraft:interact_with_campfire":16,"minecraft:climb_one_cm":9004,"minecraft:walk_one_cm":1358550,"minecraft:sneak_time":32234,"minecraft:walk_under_water_one_cm":12370,"minecraft:boat_one_cm":5581,"minecraft:total_world_time":408570,"minecraft:interact_with_stonecutter":18,"minecraft:time_since_rest":222,"minecraft:damage_taken":3211,"minecraft:swim_one_cm":64937,"minecraft:fly_one_cm":682027,"minecraft:open_chest":276,"minecraft:fall_one_cm":88778},"minecraft:dropped":{"minecraft:iron_sword":1,"minecraft:lantern":2,"minecraft:cornflower":1,"wares:sealed_delivery_agreement":1,"minecraft:dark_oak_planks":2,"minecraft:stone_axe":1,"minecraft:wheat":1,"minecraft:rotten_flesh":7,"minecraft:iron_bars":15,"createloveandwar:raw_sulphur":1,"minecraft:wheat_seeds":2,"minecraft:feather":2,"minecraft:cobblestone":81,"quark:vertical_spruce_planks":3,"shieldexp:wooden_shield":1,"thirst:terracotta_bowl":3,"minecraft:polished_deepslate":3,"minecraft:raw_copper":1,"minecraft:smooth_stone_slab":48,"minecraft:chicken":1,"minecraft:clay_ball":9,"thirst:terracotta_water_bowl":16,"minecraft:andesite":10,"minecraft:wooden_pickaxe":2,"minecraft:brick":2},"minecraft:killed_by":{"cnc:wendigo":3,"minecraft:skeleton":2,"antlers:wendigo":9},"minecraft:crafted":{"minecraft:brick":1,"cozy_home:spruce_mirror_stand":1,"cnc:cookedvenison":9,"minecraft:cooked_chicken":1,"minecraft:stone":3,"immersive_armors:wooden_chestplate":1,"create:cut_andesite_bricks":24,"minecraft:glass":62,"minecraft:stone_hoe":1,"knightquest:great_essence":1,"minecraft:emerald":1,"minecraft:crafting_table":1,"minecraft:spruce_planks":532,"minecraft:wooden_pickaxe":1,"minecraft:baked_potato":91,"immersive_armors:wooden_leggings":1,"minecraft:spruce_door":3,"wardrobe:lantern_on_a_stick":1,"minecraft:copper_ingot":7,"cozy_home:spruce_chair":4,"immersive_armors:wooden_boots":1,"minecraft:spruce_trapdoor":30,"minecraft:dark_oak_slab":12,"minecraft:stick":4,"minecraft:iron_pickaxe":2,"minecraft:iron_ingot":26,"shieldexp:wooden_shield":2,"minecraft:stone_sword":2,"minecraft:composter":1,"create:spruce_window":76,"minecraft:shears":1,"thirst:terracotta_bowl":14,"minecraft:stone_shovel":3,"thirst:clay_bowl":36,"minecraft:iron_nugget":18,"minecraft:furnace":3,"minecraft:dark_oak_trapdoor":12,"minecraft:bone_meal":57,"minecraft:spruce_fence":9,"cozy_home:spruce_mirror":3,"mcwbridges:andesite_bridge_stair":11,"minecraft:glass_pane":64,"minecraft:lantern":2,"minecraft:spruce_stairs":136,"minecraft:iron_axe":2,"minecraft:spruce_slab":210,"minecraft:stone_pickaxe":2,"minecraft:spruce_boat":1,"cozy_home:spruce_plank":24,"minecraft:dark_oak_planks":520,"quark:dark_oak_ladder":8,"cozy_home:large_spruce_stump":4,"supplementaries:timber_cross_brace":1,"thirst:terracotta_water_bowl":96,"minecraft:stone_axe":5,"minecraft:bread":14,"minecraft:air":0,"minecraft:stonecutter":1,"minecraft:torch":20,"create:zinc_ingot":10},"minecraft:used":{"minecraft:iron_shovel":207,"minecraft:spruce_slab":197,"minecraft:iron_sword":202,"cozy_home:spruce_mirror_stand":1,"minecraft:carrot":2,"minecraft:acacia_sapling":21,"quark:vertical_spruce_planks":1,"minecraft:stripped_spruce_log":377,"minecraft:spruce_boat":3,"minecraft:blue_orchid":2,"minecraft:dark_oak_wood":22,"cozy_home:spruce_chair":5,"minecraft:iron_helmet":1,"create:andesite_pillar":170,"farmersdelight:cutting_board":1,"minecraft:furnace":9,"minecraft:oak_sapling":1,"minecraft:egg":2,"cnc:cougar_head":1,"minecraft:potato":98,"quark:dark_oak_ladder":6,"minecraft:dark_oak_sapling":16,"minecraft:spruce_door":5,"cnc:wendigo_head":3,"minecraft:stone_pickaxe":59,"minecraft:wooden_pickaxe":6,"minecraft:composter":2,"minecraft:sugar_cane":19,"cozy_home:spruce_mirror":1,"minecraft:dark_oak_trapdoor":11,"minecraft:bread":2,"create:cut_andesite_bricks":185,"minecraft:diamond_ore":1,"create:asurine":1,"minecraft:soul_lantern":6,"supplementaries:timber_cross_brace":2,"minecraft:andesite":16,"minecraft:bone_meal":93,"cnc:cookedvenison":9,"minecraft:iron_bars":2,"minecraft:stone_sword":17,"wares:cardboard_box":6,"minecraft:stone_shovel":323,"minecraft:spruce_planks":35,"cozy_home:large_spruce_stump":4,"minecraft:stone_hoe":88,"minecraft:cooked_chicken":1,"minecraft:torch":35,"minecraft:dirt":336,"minecraft:spruce_stairs":133,"minecraft:spruce_fence":9,"minecraft:mud_brick_stairs":1,"create:spruce_window":76,"farmersdelight:beef_patty":3,"minecraft:dark_oak_planks":491,"shieldexp:wooden_shield":1,"quark:spruce_chest":4,"minecraft:iron_axe":582,"minecraft:acacia_wood":6,"mcwbridges:andesite_bridge_stair":14,"minecraft:wheat_seeds":121,"minecraft:cooked_mutton":5,"minecraft:mangrove_wood":1,"minecraft:polished_andesite":172,"minecraft:baked_potato":13,"treasure2:milk_crate":1,"minecraft:stonecutter":7,"minecraft:warped_roots":3,"minecraft:crafting_table":5,"minecraft:white_bed":5,"minecraft:spruce_log":23,"thirst:terracotta_water_bowl":33,"minecraft:cornflower":11,"minecraft:iron_pickaxe":609,"minecraft:stone_slab":1,"minecraft:spruce_trapdoor":31,"minecraft:spruce_sapling":26,"minecraft:stone_axe":602,"minecraft:cobblestone":21,"minecraft:purple_bed":3,"minecraft:glass_pane":33},"minecraft:picked_up":{"quark:vertical_spruce_planks":7,"minecraft:wheat":53,"minecraft:lead":9,"minecraft:stone_slab":1,"farmersdelight:cutting_board":1,"minecraft:polished_deepslate":3,"minecraft:dark_oak_trapdoor":11,"minecraft:raw_copper":1,"shieldexp:wooden_shield":1,"minecraft:smooth_stone_slab":48,"minecraft:spruce_planks":18,"minecraft:furnace":6,"minecraft:stick":140,"mcwbridges:andesite_bridge_stair":17,"minecraft:composter":1,"minecraft:polished_deepslate_stairs":1,"minecraft:torch":17,"minecraft:spruce_stairs":22,"create:andesite_pillar":10,"minecraft:porkchop":12,"createloveandwar:raw_sulphur":22,"minecraft:deepslate_tile_stairs":1,"minecraft:rotten_flesh":13,"create:asurine":1,"wares:sealed_delivery_agreement":1,"minecraft:iron_bars":17,"wares:cardboard_box":1,"minecraft:cobblestone":403,"minecraft:feather":2,"minecraft:andesite":498,"minecraft:mud_brick_stairs":1,"minecraft:potato":240,"create:raw_zinc":10,"antlers:tomahawkitem":2,"minecraft:dirt":495,"minecraft:lantern":1,"minecraft:glass":2,"minecraft:bone":10,"minecraft:stonecutter":6,"minecraft:orange_tulip":2,"minecraft:wheat_seeds":160,"immersive_weathering:cozy_home/spruce_bark":21,"immersive_weathering:tallow":18,"minecraft:cooked_porkchop":12,"minecraft:poisonous_potato":2,"minecraft:sand":62,"create:cut_andesite_bricks":12,"minecraft:stripped_spruce_log":441,"minecraft:dark_oak_log":102,"minecraft:mossy_cobblestone":8,"minecraft:polished_andesite":147,"minecraft:diamond":1,"minecraft:mangrove_wood":1,"minecraft:spruce_boat":2,"minecraft:soul_lantern":6,"knightquest:small_essence":19,"minecraft:bone_meal":1,"minecraft:oak_sapling":2,"minecraft:crafting_table":5,"minecraft:chicken":1,"minecraft:clay_ball":36,"minecraft:brown_mushroom":1,"minecraft:wooden_pickaxe":2,"minecraft:cornflower":65,"supplementaries:timber_cross_brace":2,"treasure2:milk_crate":1,"minecraft:glass_pane":1,"minecraft:blue_orchid":36,"quark:spruce_chest":4,"farmersdelight:beef_patty":3,"immersive_armors:wooden_leggings":1,"minecraft:spruce_slab":23,"minecraft:sugar_cane":13,"minecraft:spruce_trapdoor":9,"minecraft:egg":2,"minecraft:dark_oak_sapling":19,"minecraft:raw_iron":5,"minecraft:spruce_fence":3,"minecraft:carrot":4,"minecraft:dark_oak_planks":47,"minecraft:arrow":7,"cnc:cougar_head":1,"cnc:wendigo_head":3,"minecraft:salmon":1,"minecraft:leather":1,"minecraft:acacia_wood":160,"minecraft:gunpowder":8,"minecraft:cobblestone_wall":30,"minecraft:cooked_mutton":5,"minecraft:apple":2,"thirst:terracotta_water_bowl":3,"minecraft:iron_sword":1,"minecraft:acacia_sapling":35,"cozy_home:spruce_chair":1,"minecraft:spyglass":1,"minecraft:spruce_sapling":75,"minecraft:white_bed":5,"thirst:terracotta_bowl":4,"minecraft:spruce_log":85,"minecraft:spruce_door":3,"minecraft:purple_bed":3,"minecraft:stone_axe":1,"immersive_armors:wooden_chestplate":1,"minecraft:warped_roots":6,"minecraft:baked_potato":28,"minecraft:coal":145},"minecraft:killed":{"cnc:cougar":2,"cnc:wendigo":4,"minecraft:skeleton":10,"minecraft:pig":14,"minecraft:zombie_villager":2,"minecraft:creeper":6,"minecraft:zombie":12,"minecraft:stray":2,"gore:zombie_without_mouth_and_arm":2,"gore:zombie_without_head":2},"minecraft:mined":{"minecraft:dark_oak_planks":47,"minecraft:large_amethyst_bud":1,"minecraft:spruce_planks":18,"minecraft:white_bed":6,"minecraft:farmland":24,"immersive_weathering:acacia_leaf_pile":102,"minecraft:spruce_trapdoor":17,"minecraft:grass_block":169,"minecraft:deepslate_bricks":1,"minecraft:deepslate_tile_stairs":2,"minecraft:composter":1,"minecraft:dark_oak_trapdoor":11,"immersive_weathering:mossy_stone":9,"minecraft:iron_ore":5,"diagonalfences:minecraft/spruce_fence":3,"create:asurine":1,"create:spruce_window":2,"minecraft:small_amethyst_bud":6,"minecraft:iron_bars":2,"minecraft:deepslate_brick_stairs":1,"minecraft:blue_orchid":29,"minecraft:spruce_slab":21,"minecraft:polished_deepslate_stairs":1,"minecraft:medium_amethyst_bud":1,"immersive_weathering:spruce_leaf_pile":168,"minecraft:soul_fire":2,"supplementaries:timber_cross_brace":2,"minecraft:soul_lantern":6,"minecraft:torch":4,"minecraft:clay":8,"createloveandwar:sulphur_ore":5,"minecraft:mud_brick_stairs":1,"minecraft:cobblestone":2,"minecraft:sugar_cane":6,"minecraft:wall_torch":12,"minecraft:acacia_sapling":1,"farmersdelight:cutting_board":1,"minecraft:wheat":27,"minecraft:orange_tulip":1,"minecraft:grass":117,"minecraft:sand":65,"minecraft:dirt":258,"create:andesite_pillar":10,"minecraft:stonecutter":6,"immersive_weathering:dark_oak_leaf_pile":60,"minecraft:oak_leaves":8,"create:zinc_ore":10,"minecraft:deepslate_tiles":2,"minecraft:diamond_ore":1,"mcwbridges:andesite_bridge_stair":17,"farmersdelight:wild_carrots":4,"minecraft:dark_oak_log":4,"antlers:bloody_fox":1,"minecraft:spruce_leaves":10,"minecraft:furnace":6,"minecraft:spruce_sapling":1,"minecraft:carrots":2,"minecraft:nether_sprouts":7,"minecraft:acacia_wood":14,"minecraft:andesite":95,"minecraft:stripped_spruce_log":105,"treechop:chopped_log":41,"create:cut_andesite_bricks":12,"minecraft:polished_deepslate":3,"minecraft:potatoes":50,"quark:vertical_spruce_planks":1,"minecraft:stone":248,"minecraft:podzol":2,"treasure2:milk_crate":1,"minecraft:acacia_leaves":20,"minecraft:glass_pane":33,"minecraft:spruce_door":3,"minecraft:crafting_table":4,"minecraft:cornflower":30,"cozy_home:spruce_chair":1,"minecraft:mangrove_wood":2,"minecraft:warped_roots":4,"minecraft:stone_slab":1,"minecraft:spruce_stairs":24,"minecraft:purple_bed":3,"minecraft:spruce_log":14,"minecraft:birch_leaves":2,"cnc:wendigo_head":1,"minecraft:coal_ore":108,"quark:spruce_chest":2,"minecraft:polished_andesite":86,"pots_and_mimics:treasure_pot":2,"minecraft:fern":41},"minecraft:broken":{"minecraft:iron_shovel":1,"minecraft:stone_axe":4,"minecraft:iron_sword":1,"minecraft:stone_shovel":1,"minecraft:iron_axe":2,"minecraft:iron_pickaxe":2}},"DataVersion":3465}