{"stats":{"minecraft:killed_by":{"cnc:wolverine":2,"minecraft:zombie":1,"the_living_nightmare:stalker":1},"minecraft:dropped":{"theft:glove":2,"immersive_weathering:enchanted_golden_moss_clump":1,"farmersdelight:cooked_bacon":6,"minecraft:lantern":2,"butchersdelight:rack":1,"antlers:tomahawkitem":16,"minecraft:leather":21,"immersive_armors:warrior_leggings":1,"butcher:batmeat":2,"knightquest:lizzy_scale":1,"minecraft:iron_axe":1,"minecraft:string":8,"butchersdelight:cow_hide":7,"minecraft:stone_axe":1,"minecraft:bowl":8,"firstaid:morphine":2,"cnc:giant_boar_head":1,"minecraft:rotten_flesh":3,"thirst:terracotta_water_bowl":6,"supplementaries:flax_seeds":3,"knightquest:small_essence":4,"firstaid:plaster":5,"createloveandwar:em2blueprint":1,"butcher:pork_belly":2},"minecraft:mined":{"minecraft:spruce_planks":1,"butchersdelight:rack":2,"minecraft:spruce_trapdoor":1,"immersive_weathering:birch_leaf_pile":1,"minecraft:jungle_planks":1,"minecraft:moss_block":1,"minecraft:mud_brick_wall":4,"minecraft:hay_block":4,"minecraft:furnace":4,"minecraft:fire":9,"minecraft:iron_ore":16,"minecraft:andesite":24,"graveyard:ossuary":1,"treechop:chopped_log":3,"butcher:frogcutopen":1,"minecraft:iron_bars":2,"minecraft:black_candle":1,"minecraft:stone":67,"minecraft:bone_block":2,"immersive_weathering:oak_leaf_pile":9,"minecraft:red_bed":13,"createloveandwar:sulphur_ore":6,"minecraft:clay":7,"minecraft:crafting_table":5,"minecraft:mangrove_wood":2,"minecraft:calcite":12,"minecraft:mud_brick_stairs":6,"immersive_weathering:soot":1,"minecraft:campfire":4,"minecraft:cobblestone":8,"minecraft:wall_torch":7,"supplementaries:urn":2,"ecologics:seashell":1,"minecraft:birch_leaves":2,"graveyard:skull_pile":1,"antlers:bloody_pig":1,"minecraft:oak_log":2,"minecraft:coal_ore":54,"minecraft:dirt":21,"minecraft:stone_bricks":1,"pots_and_mimics:treasure_pot":1},"minecraft:broken":{"minecraft:stone_pickaxe":1},"minecraft:picked_up":{"minecraft:charcoal":10,"minecraft:crafting_table":5,"minecraft:coarse_dirt":2,"minecraft:ladder":4,"minecraft:clay_ball":68,"ecologics:seashell":1,"beansbackpacks:backpack":2,"butcher:raw_sirloin_steak":3,"minecraft:string":8,"minecraft:red_bed":15,"minecraft:iron_axe":1,"butchersdelight:dead_cow":7,"farmersdelight:beef_patty":9,"minecraft:spruce_planks":1,"minecraft:beef":28,"minecraft:calcite":20,"minecraft:spruce_slab":2,"minecraft:birch_sapling":1,"minecraft:spruce_trapdoor":1,"minecraft:furnace":4,"minecraft:stick":3,"minecraft:raw_iron":16,"minecraft:stripped_mangrove_wood":1,"minecraft:torch":5,"minecraft:bowl":4,"minecraft:porkchop":5,"createloveandwar:raw_sulphur":17,"minecraft:rotten_flesh":8,"minecraft:hay_block":4,"supplementaries:antique_ink":2,"butcher:raw_pork_belly":2,"supplementaries:ash":1,"butcher:frogcutopen":1,"minecraft:iron_bars":2,"minecraft:bone_block":2,"minecraft:cobblestone":153,"butcher:villager_meat":1,"minecraft:muddy_mangrove_roots":1,"minecraft:cooked_beef":15,"immersive_armors:heavy_leggings":1,"minecraft:andesite":28,"minecraft:leather":23,"minecraft:mud_brick_stairs":7,"minecraft:packed_mud":2,"minecraft:oak_log":18,"farmersdelight:cooked_bacon":6,"supplementaries:flax_seeds":3,"minecraft:nether_wart_block":3,"butchersdelight:rack":4,"minecraft:dirt":20,"antlers:tomahawkitem":1,"minecraft:lantern":2,"knightquest:lizzy_scale":1,"minecraft:cooked_mutton":10,"theft:glove":2,"immersive_armors:warrior_leggings":1,"minecraft:red_carpet":2,"minecraft:bone":19,"farmersdelight:iron_knife":1,"minecraft:raw_gold":1,"butcher:raw_tbone_steak":3,"thirst:terracotta_water_bowl":2,"minecraft:iron_ingot":45,"firstaid:plaster":4,"minecraft:black_candle":2,"cnc:giant_boar_head":1,"minecraft:cooked_porkchop":4,"graveyard:ossuary":1,"butchersdelight:cow_hide":13,"minecraft:jungle_planks":1,"butcher:frogsleg":2,"minecraft:mud_brick_wall":7,"thirst:terracotta_bowl":7,"farmersdelight:cooked_mutton_chops":4,"minecraft:mangrove_wood":2,"minecraft:stone_axe":1,"knightquest:small_essence":7,"minecraft:emerald":4,"minecraft:bread":53,"butcher:batmeat":4,"minecraft:oak_sapling":6,"minecraft:coal":113},"minecraft:killed":{"cnc:giant_boar":2,"variantsandventures:gelid":2,"minecraft:zombie":4,"knightquest:lizzy":2,"minecraft:cow":1},"minecraft:crafted":{"minecraft:oak_planks":56,"minecraft:stone_shovel":1,"minecraft:iron_nugget":9,"thirst:clay_bowl":4,"butcher:sirloin_steak":1,"minecraft:furnace":2,"minecraft:lantern":1,"minecraft:iron_axe":1,"minecraft:stone_pickaxe":2,"minecraft:wheat":36,"minecraft:cooked_beef":3,"minecraft:crafting_table":2,"minecraft:wooden_pickaxe":1,"minecraft:bowl":4,"butcher:cookedbatmeat":4,"thirst:terracotta_water_bowl":16,"minecraft:stone_axe":1,"minecraft:bread":13,"minecraft:air":0,"butcher:pork_belly":2,"minecraft:stick":12,"quark:oak_chest":1,"shieldexp:wooden_shield":1,"minecraft:iron_pickaxe":1,"minecraft:torch":4,"minecraft:shears":1,"thirst:terracotta_bowl":4},"minecraft:used":{"farmersdelight:onion_crate":1,"minecraft:iron_bars":2,"minecraft:iron_shovel":3,"butcher:sirloin_steak":1,"minecraft:spruce_slab":2,"minecraft:stone_shovel":18,"minecraft:iron_sword":14,"minecraft:iron_chestplate":1,"minecraft:torch":4,"minecraft:dirt":20,"ecologics:seashell":1,"minecraft:mud_brick_stairs":5,"farmersdelight:beef_patty":7,"minecraft:iron_axe":28,"minecraft:muddy_mangrove_roots":1,"minecraft:birch_sapling":1,"minecraft:packed_mud":2,"minecraft:red_carpet":2,"minecraft:goat_horn":1,"supplementaries:ash":1,"minecraft:furnace":4,"minecraft:oak_sapling":5,"beansbackpacks:backpack":3,"minecraft:calcite":20,"butcher:raw_tbone_steak":3,"minecraft:mangrove_wood":2,"butcher:frogcutopen":1,"minecraft:stone_pickaxe":204,"butcher:villager_meat":1,"minecraft:wooden_pickaxe":13,"butcher:pork_belly":2,"minecraft:stripped_mangrove_wood":1,"minecraft:crafting_table":7,"minecraft:red_bed":14,"butcher:cookedbatmeat":4,"thirst:terracotta_water_bowl":11,"minecraft:oak_log":4,"minecraft:iron_pickaxe":10,"minecraft:spruce_trapdoor":1,"minecraft:stone_axe":36,"minecraft:nether_wart_block":3,"minecraft:cobblestone":73,"minecraft:mud_brick_wall":7,"minecraft:andesite":5,"minecraft:black_candle":2,"quark:oak_chest":1,"minecraft:coarse_dirt":2,"butchersdelight:rack":1,"minecraft:chainmail_leggings":1},"minecraft:custom":{"minecraft:mob_kills":7,"minecraft:interact_with_crafting_table":32,"minecraft:open_barrel":36,"minecraft:interact_with_campfire":30,"minecraft:leave_game":5,"minecraft:time_since_death":0,"minecraft:climb_one_cm":4244,"minecraft:sprint_one_cm":207110,"minecraft:walk_one_cm":381794,"minecraft:drop":41,"minecraft:talked_to_villager":1,"minecraft:play_time":129740,"minecraft:deaths":4,"minecraft:sneak_time":3974,"minecraft:walk_under_water_one_cm":2975,"minecraft:jump":1085,"minecraft:walk_on_water_one_cm":7977,"minecraft:total_world_time":130163,"minecraft:interact_with_furnace":46,"minecraft:sleep_in_bed":6,"minecraft:time_since_rest":3426,"minecraft:damage_taken":825,"minecraft:damage_dealt":1093,"minecraft:swim_one_cm":20519,"minecraft:fly_one_cm":184991,"minecraft:open_chest":39,"minecraft:crouch_one_cm":9729,"minecraft:interact_with_smoker":10,"minecraft:fall_one_cm":20280}},"DataVersion":3465}