{"stats":{"minecraft:killed":{"minecraft:cave_spider":2,"minecraft:witch":2,"cnc:wendigo":2,"minecraft:skeleton":46,"antlers:wendigo":4,"gore:zombie_without_legs_and_arm":4,"cnc:whitetail":6,"minecraft:creeper":16,"minecraft:sheep":10,"minecraft:zombie":52,"minecraft:stray":2,"minecraft:cow":19,"gore:zombie_without_mouth_and_arms":4,"gore:zombie_without_mouth_and_arm":4,"minecraft:player":1},"minecraft:crafted":{"minecraft:brick":59,"minecraft:smooth_stone":53,"minecraft:barrel":4,"minecraft:chain":3,"minecraft:stone":89,"quark:acacia_ladder":12,"minecraft:iron_bars":16,"create:vertical_gearbox":3,"shutter:spruce_shutter":76,"quark:dark_oak_vertical_slab":132,"minecraft:glass":25,"minecraft:hopper":1,"create:rope_pulley":1,"minecraft:bow":2,"minecraft:iron_boots":1,"create:cart_assembler":1,"create:mechanical_press":1,"minecraft:stone_pressure_plate":1,"create:spout":2,"minecraft:copper_block":1,"blocky_siege:reinforced_spruce_door":1,"minecraft:dried_kelp_block":1,"minecraft:bricks":10,"minecraft:stone_bricks":8,"create:cogwheel":61,"extractinator:extractinator":1,"create:nozzle":3,"farmersdelight:stove":1,"minecraft:glass_bottle":21,"create:depot":3,"create:rose_quartz":1,"minecraft:cauldron":2,"minecraft:crafting_table":5,"minecraft:spruce_planks":424,"minecraft:acacia_slab":72,"create:fluid_pipe":36,"minecraft:wooden_pickaxe":1,"minecraft:spruce_door":3,"supplementaries:cage":1,"minecraft:clock":1,"butcher:skinning_knife":1,"create:sand_paper":1,"minecraft:copper_ingot":4,"minecraft:campfire":1,"create:encased_chain_drive":6,"create:mechanical_mixer":1,"cold_sweat:hearth":1,"create:gearbox":4,"farmersdelight:cutting_board":1,"luckys_armory:heavy_iron_armor_helmet":1,"minecraft:dark_oak_slab":132,"create:water_wheel":2,"minecraft:charcoal":1,"create:super_glue":1,"minecraft:stick":56,"create:mechanical_pump":7,"minecraft:iron_ingot":92,"minecraft:iron_pickaxe":2,"minecraft:iron_block":1,"minecraft:stone_sword":3,"minecraft:gold_ingot":9,"butcher:butchers_knife":1,"create:large_cogwheel":10,"minecraft:spruce_fence_gate":1,"beansbackpacks:backpack":2,"create:empty_blaze_burner":1,"minecraft:polished_andesite":64,"butcher:bloodgrate":1,"minecraft:stone_brick_wall":6,"create:wrench":1,"minecraft:smooth_stone_slab":102,"minecraft:iron_nugget":288,"minecraft:spyglass":2,"create:white_sail":32,"knightquest:great_chalice":1,"minecraft:stone_button":1,"minecraft:piston":1,"minecraft:bone_meal":57,"minecraft:spruce_fence":93,"minecraft:glass_pane":16,"thirst:sand_filter":3,"quark:dark_oak_chest":1,"minecraft:spruce_slab":120,"minecraft:slime_ball":2,"create:millstone":1,"minecraft:stone_pickaxe":6,"create:fluid_tank":4,"minecraft:cobblestone_wall":30,"butcher:emptyskinrack":1,"cozy_home:spruce_plank":8,"minecraft:redstone_block":1,"create:basin":1,"quark:spruce_chest":20,"minecraft:dark_oak_planks":164,"create:belt_connector":3,"create:windmill_bearing":1,"minecraft:cooked_beef":12,"minecraft:coal_block":7,"minecraft:bone_block":1,"create:andesite_alloy":129,"create:hand_crank":1,"minecraft:dried_kelp":13,"create:dough":2,"create:goggles":1,"create:large_water_wheel":2,"create:item_drain":1,"minecraft:bucket":11,"cozy_home:spruce_grandfather_clock":1,"thirst:terracotta_water_bowl":4,"minecraft:stone_axe":5,"minecraft:acacia_boat":1,"minecraft:air":0,"quark:vertical_spruce_planks":3,"create:whisk":1,"minecraft:white_wool":9,"create:blaze_burner":1,"butcher:hook":1,"minecraft:iron_leggings":1,"minecraft:white_bed":2,"create:mechanical_drill":10,"create:shaft":112,"butcher:spitroast":1,"minecraft:acacia_planks":292,"minecraft:torch":56,"create:zinc_ingot":15},"minecraft:custom":{"minecraft:interact_with_crafting_table":209,"minecraft:open_barrel":28,"minecraft:leave_game":5,"minecraft:time_since_death":20609,"minecraft:sprint_one_cm":1729146,"minecraft:damage_blocked_by_shield":45,"minecraft:drop":201,"minecraft:talked_to_villager":6,"minecraft:play_time":886614,"minecraft:deaths":49,"minecraft:jump":8723,"minecraft:walk_on_water_one_cm":99011,"minecraft:interact_with_furnace":165,"minecraft:sleep_in_bed":73,"minecraft:damage_dealt":27841,"minecraft:player_kills":1,"minecraft:crouch_one_cm":16551,"wares:interact_with_delivery_table":5,"minecraft:interact_with_smoker":2,"minecraft:mob_kills":90,"minecraft:interact_with_campfire":8,"minecraft:climb_one_cm":66816,"minecraft:walk_one_cm":2697204,"minecraft:sneak_time":13316,"minecraft:walk_under_water_one_cm":106475,"minecraft:boat_one_cm":123876,"minecraft:total_world_time":886614,"minecraft:interact_with_stonecutter":1,"minecraft:time_since_rest":6597,"minecraft:damage_taken":11234,"minecraft:swim_one_cm":279609,"minecraft:fly_one_cm":1415578,"minecraft:open_chest":591,"minecraft:fall_one_cm":190331},"minecraft:mined":{"minecraft:dark_oak_planks":1,"miners_delight:wild_cave_carrots":2,"minecraft:large_amethyst_bud":2,"minecraft:spruce_planks":40,"minecraft:white_bed":12,"create:copper_casing":3,"immersive_weathering:acacia_leaf_pile":35,"wares:delivery_table":1,"create:andesite_casing":4,"minecraft:grass_block":51,"minecraft:coal_block":3,"cozy_home:spruce_grandfather_clock":3,"minecraft:spawner":2,"minecraft:magma_block":20,"minecraft:sculk_catalyst":1,"minecraft:iron_ore":67,"immersive_weathering:mossy_stone":2,"minecraft:barrel":6,"minecraft:pumpkin":8,"diagonalfences:minecraft/spruce_fence":14,"minecraft:pointed_dripstone":12,"minecraft:polished_deepslate_slab":2,"amendments:wall_lantern":1,"minecraft:small_amethyst_bud":6,"quark:dark_oak_vertical_slab":11,"minecraft:blue_orchid":26,"minecraft:spruce_slab":1,"bountiful:bountyboard":2,"cozy_home:spruce_mirror_stand":1,"minecraft:deepslate_redstone_ore":4,"create:cogwheel":3,"minecraft:blackstone":6,"minecraft:medium_amethyst_bud":1,"immersive_weathering:spruce_leaf_pile":94,"minecraft:clay":21,"quark:cobblestone_bricks":3,"minecraft:torch":1,"minecraft:cobblestone":14,"shutter:spruce_shutter":1,"minecraft:sugar_cane":5,"minecraft:wall_torch":1,"minecraft:cauldron":2,"create:large_water_wheel":1,"minecraft:skeleton_skull":1,"minecraft:seagrass":2,"butcher:spitroast":3,"minecraft:acacia_sapling":1,"thirst:sand_filter":1,"minecraft:wheat":3,"minecraft:blue_ice":1,"minecraft:pumpkin_stem":1,"minecraft:orange_tulip":15,"minecraft:smooth_stone_slab":19,"antlers:bloody_pig":1,"butcher:hanging_cow_corpse":1,"minecraft:grass":82,"minecraft:dark_oak_sapling":1,"minecraft:sand":13,"minecraft:dirt":79,"create:encased_chain_drive":1,"minecraft:stonecutter":1,"antlers:bloody_cow":2,"minecraft:oak_leaves":6,"immersive_weathering:dark_oak_leaf_pile":25,"minecraft:deepslate":24,"create:zinc_ore":11,"minecraft:mossy_cobblestone":1,"minecraft:deepslate_diamond_ore":1,"antlers:bloody_fox":2,"minecraft:cobbled_deepslate_slab":2,"create:large_cogwheel":2,"minecraft:spruce_leaves":76,"minecraft:moss_block":1,"minecraft:large_fern":7,"create:shaft":2,"minecraft:spruce_sapling":5,"minecraft:furnace":3,"miners_delight:gossypium":1,"minecraft:nether_sprouts":5,"blocky_siege:reinforced_spruce_door":1,"minecraft:acacia_wood":4,"spelunkers_charm:deepslate_rock_pile_2":1,"minecraft:andesite":759,"minecraft:stripped_spruce_log":3,"treechop:chopped_log":24,"create:cut_andesite_bricks":4,"goodending:spicy_wildflowers":1,"minecraft:stone":501,"minecraft:podzol":6,"immersive_weathering:icicle":3,"minecraft:soul_sand":1,"cnc:cougar_head":1,"create:fluid_pipe":3,"minecraft:crafting_table":4,"minecraft:cornflower":56,"realmrpg_skeletons:basic_skeleton":1,"supplementaries:item_shelf":3,"spelunkers_charm:dead_grass":1,"minecraft:warped_roots":6,"immersive_weathering:soot":1,"minecraft:copper_ore":25,"minecraft:tall_grass":12,"butcher:cowcorpse":3,"minecraft:blue_bed":2,"supplementaries:cage":3,"supplementaries:urn":8,"create:water_wheel_structure":5,"immersive_weathering:permafrost":10,"butcher:drained_hanging_cow":1,"minecraft:cobblestone_wall":2,"minecraft:spruce_log":3,"butcher:hook_block":1,"minecraft:coal_ore":87,"minecraft:dripstone_block":7,"minecraft:cobweb":50,"minecraft:stripped_acacia_wood":2,"minecraft:spruce_fence_gate":1,"minecraft:polished_andesite":1,"pots_and_mimics:treasure_pot":3,"minecraft:fern":25},"minecraft:killed_by":{"cnc:wendigo":5,"gore:zombie_without_mouth_and_arm":1,"minecraft:cave_spider":3,"minecraft:zombie":3,"antlers:wendigomad":3,"minecraft:player":3,"minecraft:skeleton":8,"antlers:wendigo":9,"cave_dweller:cave_dweller":1},"minecraft:broken":{"minecraft:iron_chestplate":1,"minecraft:iron_leggings":1,"minecraft:stone_pickaxe":5,"minecraft:stone_axe":4,"minecraft:iron_sword":1,"minecraft:stone_sword":1,"minecraft:iron_pickaxe":2},"minecraft:dropped":{"minecraft:clay":2,"minecraft:acacia_wood":12,"minecraft:orange_dye":26,"minecraft:baked_potato":28,"farmersdelight:cabbage_leaf":1,"createloveandwar:cigarette":1,"minecraft:orange_tulip":13,"minecraft:warped_roots":4,"minecraft:lantern":1,"minecraft:cracked_stone_bricks":2,"minecraft:rail":11,"farmersdelight:rice":4,"minecraft:dirt":7,"minecraft:dark_oak_log":2,"quark:dark_oak_vertical_slab":45,"minecraft:cornflower":80,"immersive_armors:wooden_leggings":2,"miners_delight:gossypium":2,"wares:sealed_delivery_agreement":2,"minecraft:bone_meal":2,"minecraft:iron_pickaxe":1,"immersive_armors:wooden_chestplate":2,"beansbackpacks:backpack":2,"minecraft:cauldron":1,"minecraft:cyan_carpet":2,"minecraft:sugar_cane":3,"minecraft:spyglass":1,"minecraft:detector_rail":12,"minecraft:wheat":5,"minecraft:rotten_flesh":7,"shutter:spruce_shutter":1,"minecraft:salmon":1,"minecraft:gunpowder":2,"minecraft:beetroot_seeds":2,"minecraft:acacia_sapling":10,"farmersdelight:rope":10,"minecraft:spruce_slab":4,"minecraft:iron_bars":15,"minecraft:powered_rail":1,"minecraft:glass":4,"createloveandwar:raw_sulphur":4,"minecraft:bread":2,"minecraft:stripped_spruce_log":37,"butcher:skinning_knife":1,"minecraft:wheat_seeds":23,"butcher:butchers_knife":2,"wares:cardboard_box":1,"minecraft:cobblestone":175,"minecraft:lead":1,"quark:spruce_chest":2,"minecraft:copper_ingot":55,"minecraft:spruce_stairs":2,"minecraft:golden_apple":1,"minecraft:coal":3,"minecraft:polished_andesite":65,"minecraft:stick":25,"minecraft:blue_dye":6,"quark:vertical_spruce_planks":4,"thirst:terracotta_bowl":4,"minecraft:bucket":1,"minecraft:acacia_planks":31,"minecraft:spruce_sapling":16,"minecraft:dandelion":1,"minecraft:moss_carpet":6,"immersive_weathering:acacia_bark":4,"minecraft:cobblestone_wall":30,"minecraft:raw_copper":72,"minecraft:smooth_stone_slab":48,"farmersdelight:cabbage_seeds":4,"supplementaries:bomb":1,"minecraft:clay_ball":9,"minecraft:light_gray_wool":1,"thirst:terracotta_water_bowl":13,"minecraft:glass_pane":1,"minecraft:pumpkin_seeds":3,"minecraft:light_blue_dye":8,"minecraft:spruce_trapdoor":6,"create:zinc_ingot":25,"minecraft:andesite":497,"minecraft:oak_sapling":1,"knightquest:small_essence":3,"minecraft:spruce_log":56,"minecraft:blue_orchid":23,"minecraft:stone_pickaxe":1,"minecraft:wooden_pickaxe":1,"createloveandwar:stg57blueprint":1,"immersive_armors:wooden_helmet":1},"minecraft:picked_up":{"minecraft:wheat":6,"quark:vertical_spruce_planks":1,"minecraft:lead":7,"minecraft:enchanted_book":4,"firstaid:morphine":1,"butcher:cowcorpseitem":8,"farmersdelight:cutting_board":2,"minecraft:string":50,"minecraft:raw_copper":99,"minecraft:cooked_salmon":1,"shieldexp:wooden_shield":1,"minecraft:smooth_stone_slab":68,"minecraft:deepslate_tiles":2,"minecraft:cobbled_deepslate":24,"minecraft:spruce_planks":40,"minecraft:iron_pickaxe":1,"minecraft:coal_block":3,"butcher:tbonesteak":1,"farmersdelight:cabbage_seeds":4,"minecraft:furnace":3,"minecraft:tipped_arrow":1,"minecraft:stick":107,"minecraft:torch":32,"create:andesite_casing":4,"minecraft:spruce_stairs":2,"minecraft:dried_kelp":16,"createloveandwar:raw_sulphur":8,"minecraft:pointed_dripstone":26,"minecraft:deepslate_tile_stairs":1,"minecraft:cauldron":3,"shutter:spruce_shutter":2,"create:large_cogwheel":4,"cozy_home:spruce_grandfather_clock":4,"minecraft:rotten_flesh":33,"create:copper_casing":3,"butcher:chicken_corpse_item":1,"farmersdelight:rope":15,"butcher:spitroast":3,"wares:sealed_delivery_agreement":2,"minecraft:deepslate_brick_stairs":1,"minecraft:iron_bars":15,"wares:cardboard_box":1,"minecraft:cobblestone":577,"minecraft:magma_block":20,"minecraft:feather":3,"farmersdelight:rice":4,"cozy_home:spruce_mirror_stand":1,"minecraft:andesite":761,"quark:dark_oak_vertical_slab":19,"supplementaries:item_shelf":3,"minecraft:flint":6,"create:raw_zinc":11,"minecraft:acacia_boat":4,"minecraft:lantern":3,"minecraft:lapis_lazuli":13,"minecraft:dirt":126,"antlers:tomahawkitem":1,"minecraft:name_tag":1,"create:encased_chain_drive":1,"minecraft:bone":41,"butcher:cow_skin":2,"farmersdelight:iron_knife":1,"butcher:raw_ribeye_steak":1,"minecraft:bow":2,"minecraft:stonecutter":1,"minecraft:orange_tulip":15,"minecraft:wheat_seeds":31,"butcher:raw_tbone_steak":1,"minecraft:raw_gold":4,"minecraft:cobbled_deepslate_slab":1,"createloveandwar:robot_dog_racing_skin":1,"minecraft:grindstone":1,"create:shaft":2,"minecraft:powered_rail":2,"minecraft:moss_block":9,"butcher:cow_headf":1,"miners_delight:gossypium":3,"create:cogwheel":5,"goodending:spicy_wildflowers":1,"minecraft:stripped_acacia_wood":2,"minecraft:sand":10,"create:cut_andesite_bricks":4,"minecraft:stripped_spruce_log":77,"minecraft:dark_oak_log":55,"minecraft:lily_of_the_valley":3,"createloveandwar:stg57blueprint":2,"minecraft:barrel":6,"minecraft:mossy_cobblestone":2,"minecraft:polished_andesite":3,"minecraft:spruce_fence_gate":1,"minecraft:clay":4,"minecraft:diamond":3,"minecraft:spruce_boat":1,"wares:delivery_table":1,"minecraft:bone_meal":2,"knightquest:small_essence":45,"minecraft:golden_apple":1,"minecraft:emerald":10,"minecraft:bread":2,"minecraft:oak_sapling":1,"minecraft:spruce_leaves":54,"minecraft:crafting_table":3,"minecraft:chicken":1,"minecraft:clay_ball":89,"thirst:sand_filter":1,"spelunkers_charm:deepslate_rock":6,"beansbackpacks:backpack":2,"butcher:raw_sirloin_steak":1,"minecraft:cornflower":83,"minecraft:moss_carpet":9,"create:fluid_pipe":3,"miners_delight:cave_carrot":4,"minecraft:blackstone":6,"blocky_siege:reinforced_spruce_door":1,"minecraft:cyan_carpet":2,"minecraft:blue_orchid":33,"supplementaries:bomb":1,"minecraft:cracked_stone_bricks":3,"quark:spruce_chest":2,"minecraft:detector_rail":12,"minecraft:beef":15,"immersive_armors:wooden_leggings":2,"minecraft:light_gray_wool":3,"minecraft:spruce_slab":5,"supplementaries:cage":3,"minecraft:sugar_cane":9,"minecraft:spruce_trapdoor":6,"minecraft:dark_oak_sapling":7,"minecraft:raw_iron":104,"minecraft:polished_deepslate_slab":1,"immersive_weathering:acacia_bark":31,"create:golden_sheet":1,"minecraft:spruce_fence":14,"createloveandwar:cigarette":3,"minecraft:redstone":18,"create:hand_crank":1,"minecraft:stone_button":1,"spelunkers_charm:cave_mushroom":2,"minecraft:carrot":2,"immersive_weathering:permafrost":7,"minecraft:dark_oak_planks":3,"immersive_armors:wooden_helmet":1,"minecraft:arrow":19,"cnc:cougar_head":1,"minecraft:beetroot_seeds":2,"bountiful:bountyboard":2,"minecraft:glow_berries":13,"minecraft:mutton":8,"quark:acacia_ladder":3,"minecraft:rail":11,"minecraft:white_wool":20,"butcher:butchers_knife":2,"butcher:skinning_knife":2,"cnc:wendigo_head":1,"minecraft:glow_ink_sac":3,"minecraft:salmon":1,"minecraft:leather":11,"minecraft:acacia_wood":48,"spelunkers_charm:old_miners_bundle":2,"minecraft:gunpowder":8,"minecraft:cobblestone_wall":2,"cnc:whitetail_head":3,"minecraft:blue_bed":2,"minecraft:paper":14,"minecraft:cooked_mutton":4,"theft:glove":1,"minecraft:apple":3,"minecraft:kelp":50,"thirst:terracotta_water_bowl":22,"minecraft:stone_pickaxe":1,"minecraft:iron_ingot":26,"minecraft:soul_sand":1,"butcher:hook_block":1,"butcher:raw_chuck_steak":1,"minecraft:acacia_sapling":13,"minecraft:book":11,"create:large_water_wheel":6,"minecraft:pumpkin":8,"minecraft:quartz":1,"minecraft:dandelion":5,"minecraft:dripstone_block":7,"minecraft:gravel":4,"butcher:raw_rump_steak":1,"farmersdelight:cabbage_leaf":1,"minecraft:spruce_sapling":43,"minecraft:white_bed":13,"thirst:terracotta_bowl":3,"minecraft:spruce_log":207,"naturalist:cooked_bass":4,"butcher:cowhoof":4,"minecraft:spider_eye":2,"quark:cobblestone_bricks":3,"cnc:rawvenison":9,"minecraft:pumpkin_seeds":6,"create:brass_ingot":1,"immersive_armors:wooden_chestplate":2,"minecraft:warped_roots":6,"spelunkers_charm:rock":3,"minecraft:dark_oak_wood":38,"immersive_armors:wooden_boots":1,"minecraft:coal":134},"minecraft:used":{"minecraft:moss_carpet":2,"farmersdelight:stove":1,"minecraft:stone":7,"minecraft:iron_sword":358,"cozy_home:spruce_mirror_stand":1,"minecraft:spruce_leaves":6,"create:fluid_tank":10,"create:cogwheel":105,"create:white_sail":45,"shutter:spruce_shutter":75,"naturalist:cooked_bass":4,"miners_delight:water_cup":2,"create:depot":12,"minecraft:stripped_spruce_log":5,"butcher:emptyskinrack":1,"minecraft:lantern":1,"minecraft:blue_orchid":2,"create:millstone":1,"create:rope_pulley":3,"minecraft:bow":12,"farmersdelight:cutting_board":3,"create:shaft":55,"minecraft:furnace":3,"create:mechanical_drill":10,"cnc:cougar_head":1,"beansbackpacks:backpack":2,"minecraft:dark_oak_sapling":5,"minecraft:stone_pickaxe":825,"cnc:wendigo_head":1,"minecraft:orange_tulip":2,"minecraft:blackstone":4,"minecraft:wooden_pickaxe":3,"quark:dark_oak_vertical_slab":104,"minecraft:blue_bed":2,"create:spout":6,"minecraft:glow_berries":5,"minecraft:sand":1,"minecraft:stone_brick_wall":4,"minecraft:shears":58,"create:cut_andesite_bricks":3,"minecraft:stone_button":2,"create:andesite_casing":4,"minecraft:gravel":4,"create:basin":1,"minecraft:coal_block":3,"wares:delivery_table":1,"minecraft:chain":1,"minecraft:andesite":30,"butcher:tbonesteak":1,"minecraft:smooth_stone_slab":112,"cozy_home:spruce_grandfather_clock":5,"create:vertical_gearbox":4,"minecraft:bone_meal":10,"create:large_cogwheel":28,"minecraft:cobweb":14,"minecraft:stripped_acacia_wood":2,"minecraft:stone_sword":220,"minecraft:spruce_planks":40,"minecraft:cooked_salmon":1,"minecraft:torch":103,"create:mechanical_pump":25,"minecraft:dirt":119,"create:mechanical_mixer":1,"butcher:cowcorpseitem":8,"minecraft:cobblestone_wall":2,"minecraft:spruce_fence":107,"supplementaries:item_shelf":3,"knightquest:great_chalice":1,"minecraft:dark_oak_planks":4,"shieldexp:wooden_shield":1,"cold_sweat:hearth":1,"quark:spruce_chest":20,"create:wrench":342,"create:gearbox":2,"extractinator:extractinator":1,"minecraft:iron_boots":1,"create:encased_chain_drive":7,"thirst:sand_filter":10,"blocky_siege:reinforced_spruce_door":2,"butcher:bloodgrate":1,"quark:acacia_ladder":11,"butcher:hook_block":1,"minecraft:acacia_wood":33,"create:fluid_pipe":96,"minecraft:stone_pressure_plate":1,"create:belt_connector":8,"minecraft:cobbled_deepslate":2,"minecraft:acacia_planks":11,"minecraft:wheat_seeds":3,"minecraft:cooked_mutton":4,"farmersdelight:iron_knife":1,"minecraft:acacia_boat":4,"minecraft:water_bucket":35,"luckys_armory:heavy_iron_armor_helmet":1,"quark:cobblestone_bricks":133,"minecraft:polished_andesite":2,"butcher:butchers_knife":37,"minecraft:baked_potato":36,"cnc:whitetail_head":3,"minecraft:stonecutter":1,"minecraft:spruce_fence_gate":2,"minecraft:cauldron":2,"minecraft:cracked_stone_bricks":1,"create:blaze_burner":2,"create:item_drain":1,"minecraft:crafting_table":8,"minecraft:white_bed":15,"butcher:skinning_knife":1,"thirst:terracotta_water_bowl":34,"minecraft:spruce_log":2,"minecraft:cornflower":1,"supplementaries:cage":10,"create:mechanical_press":3,"create:windmill_bearing":1,"minecraft:iron_pickaxe":835,"minecraft:spruce_sapling":64,"create:large_water_wheel":9,"minecraft:stone_axe":627,"bountiful:bountyboard":2,"minecraft:cobblestone":122,"minecraft:potion":29,"minecraft:cooked_porkchop":20,"minecraft:bucket":55,"create:hand_crank":3,"immersive_armors:wooden_leggings":1}},"DataVersion":3465}