{"stats":{"minecraft:custom":{"minecraft:mob_kills":29,"minecraft:interact_with_crafting_table":68,"minecraft:open_barrel":15,"minecraft:interact_with_campfire":8,"minecraft:leave_game":3,"minecraft:time_since_death":26812,"minecraft:climb_one_cm":507,"minecraft:sprint_one_cm":558942,"minecraft:walk_one_cm":827223,"minecraft:damage_blocked_by_shield":45,"minecraft:drop":67,"minecraft:talked_to_villager":5,"minecraft:play_time":249663,"minecraft:deaths":13,"minecraft:sneak_time":2258,"minecraft:walk_under_water_one_cm":27029,"minecraft:boat_one_cm":123876,"minecraft:jump":2656,"minecraft:walk_on_water_one_cm":38304,"minecraft:total_world_time":249663,"minecraft:interact_with_furnace":83,"minecraft:sleep_in_bed":26,"minecraft:time_since_rest":12561,"minecraft:damage_taken":2651,"minecraft:damage_dealt":12252,"minecraft:swim_one_cm":74307,"minecraft:fly_one_cm":463191,"minecraft:open_chest":161,"minecraft:crouch_one_cm":3758,"wares:interact_with_delivery_table":2,"minecraft:interact_with_smoker":2,"minecraft:fall_one_cm":48927},"minecraft:dropped":{"minecraft:stripped_spruce_log":37,"minecraft:acacia_wood":12,"minecraft:wheat_seeds":6,"wares:cardboard_box":1,"minecraft:cobblestone":149,"minecraft:lead":1,"minecraft:warped_roots":1,"minecraft:lantern":1,"quark:spruce_chest":2,"minecraft:stick":3,"minecraft:polished_andesite":65,"minecraft:dirt":6,"minecraft:dark_oak_log":2,"quark:vertical_spruce_planks":4,"minecraft:cornflower":29,"wares:sealed_delivery_agreement":2,"minecraft:spruce_sapling":16,"minecraft:dandelion":1,"minecraft:spyglass":1,"minecraft:cobblestone_wall":30,"minecraft:smooth_stone_slab":48,"minecraft:rotten_flesh":1,"minecraft:clay_ball":8,"minecraft:glass_pane":1,"minecraft:andesite":400,"minecraft:acacia_sapling":6,"minecraft:oak_sapling":1,"minecraft:spruce_log":56,"minecraft:blue_orchid":1,"minecraft:glass":2,"minecraft:wooden_pickaxe":1},"minecraft:killed_by":{"minecraft:player":1,"cnc:wendigo":2,"minecraft:zombie":1,"antlers:wendigo":2,"antlers:wendigomad":3},"minecraft:crafted":{"minecraft:brick":59,"minecraft:smooth_stone":53,"minecraft:barrel":4,"minecraft:smooth_stone_slab":102,"minecraft:iron_nugget":27,"minecraft:spyglass":2,"minecraft:stone":57,"minecraft:bone_meal":39,"minecraft:spruce_fence":93,"minecraft:iron_boots":1,"create:mechanical_press":1,"minecraft:stone_pickaxe":5,"minecraft:cobblestone_wall":30,"minecraft:bricks":10,"quark:spruce_chest":16,"create:cogwheel":1,"create:nozzle":1,"farmersdelight:stove":1,"create:depot":1,"create:andesite_alloy":11,"create:hand_crank":1,"minecraft:acacia_slab":66,"minecraft:crafting_table":2,"create:fluid_pipe":12,"minecraft:spruce_planks":284,"minecraft:wooden_pickaxe":1,"create:large_water_wheel":2,"minecraft:copper_ingot":4,"minecraft:campfire":1,"minecraft:stone_axe":2,"minecraft:air":0,"quark:vertical_spruce_planks":3,"cold_sweat:hearth":1,"farmersdelight:cutting_board":1,"luckys_armory:heavy_iron_armor_helmet":1,"minecraft:white_wool":2,"create:water_wheel":2,"minecraft:charcoal":1,"create:mechanical_pump":1,"minecraft:stick":44,"minecraft:iron_ingot":6,"minecraft:iron_block":1,"minecraft:stone_sword":1,"create:large_cogwheel":1,"minecraft:iron_leggings":1,"minecraft:white_bed":2,"create:shaft":8,"minecraft:acacia_planks":112,"minecraft:spruce_fence_gate":1,"minecraft:torch":28,"minecraft:polished_andesite":64},"minecraft:used":{"minecraft:stone_sword":36,"farmersdelight:stove":1,"minecraft:stone":4,"minecraft:iron_sword":241,"cozy_home:spruce_mirror_stand":1,"minecraft:torch":43,"minecraft:cobblestone_wall":2,"create:depot":1,"minecraft:spruce_fence":107,"minecraft:stripped_spruce_log":5,"shieldexp:wooden_shield":1,"cold_sweat:hearth":1,"quark:spruce_chest":14,"minecraft:iron_boots":1,"farmersdelight:cutting_board":1,"minecraft:acacia_wood":7,"cnc:cougar_head":1,"minecraft:dark_oak_sapling":4,"minecraft:cooked_mutton":4,"luckys_armory:heavy_iron_armor_helmet":1,"cnc:wendigo_head":1,"minecraft:stone_pickaxe":482,"minecraft:polished_andesite":2,"minecraft:stonecutter":1,"minecraft:wooden_pickaxe":3,"minecraft:spruce_fence_gate":2,"minecraft:blue_bed":2,"cnc:whitetail_head":3,"minecraft:crafting_table":4,"minecraft:white_bed":11,"minecraft:spruce_log":2,"thirst:terracotta_water_bowl":14,"create:mechanical_press":1,"minecraft:iron_pickaxe":249,"minecraft:spruce_sapling":17,"minecraft:stone_axe":267,"bountiful:bountyboard":1,"minecraft:cobblestone":4,"wares:delivery_table":1,"minecraft:cooked_porkchop":11,"minecraft:andesite":7,"create:hand_crank":1,"minecraft:smooth_stone_slab":112,"minecraft:bone_meal":4,"minecraft:cobweb":14},"minecraft:picked_up":{"minecraft:crafting_table":2,"minecraft:wheat":1,"quark:vertical_spruce_planks":1,"minecraft:chicken":1,"minecraft:clay_ball":85,"minecraft:lead":5,"minecraft:enchanted_book":1,"minecraft:cornflower":31,"minecraft:string":23,"minecraft:raw_copper":11,"shieldexp:wooden_shield":1,"minecraft:smooth_stone_slab":68,"minecraft:blue_orchid":8,"minecraft:deepslate_tiles":2,"minecraft:sugar_cane":6,"minecraft:tipped_arrow":1,"minecraft:dark_oak_sapling":5,"minecraft:stick":65,"minecraft:raw_iron":13,"minecraft:polished_deepslate_slab":1,"immersive_weathering:acacia_bark":2,"minecraft:torch":15,"create:andesite_casing":2,"minecraft:spruce_fence":14,"createloveandwar:raw_sulphur":3,"minecraft:carrot":2,"minecraft:deepslate_tile_stairs":1,"minecraft:dark_oak_planks":2,"minecraft:arrow":5,"minecraft:rotten_flesh":10,"cnc:cougar_head":1,"wares:sealed_delivery_agreement":2,"minecraft:deepslate_brick_stairs":1,"bountiful:bountyboard":1,"minecraft:mutton":8,"minecraft:white_wool":5,"minecraft:cobblestone":220,"minecraft:feather":3,"cnc:wendigo_head":1,"cozy_home:spruce_mirror_stand":1,"minecraft:andesite":493,"minecraft:leather":4,"minecraft:acacia_wood":20,"minecraft:cobblestone_wall":2,"minecraft:gunpowder":4,"cnc:whitetail_head":3,"minecraft:dirt":6,"minecraft:blue_bed":2,"minecraft:lantern":2,"antlers:tomahawkitem":1,"minecraft:cooked_mutton":4,"minecraft:bone":9,"minecraft:apple":2,"minecraft:stonecutter":1,"minecraft:bow":1,"minecraft:wheat_seeds":6,"thirst:terracotta_water_bowl":16,"minecraft:cobbled_deepslate_slab":1,"minecraft:acacia_sapling":8,"minecraft:pumpkin":2,"goodending:spicy_wildflowers":1,"minecraft:dandelion":1,"minecraft:sand":1,"minecraft:stripped_spruce_log":76,"minecraft:spruce_sapling":34,"minecraft:white_bed":9,"minecraft:spruce_log":171,"minecraft:lily_of_the_valley":3,"minecraft:dark_oak_log":14,"minecraft:spruce_fence_gate":1,"minecraft:polished_andesite":3,"cnc:rawvenison":9,"minecraft:pumpkin_seeds":1,"minecraft:spruce_boat":1,"wares:delivery_table":1,"knightquest:small_essence":13,"minecraft:emerald":6,"minecraft:warped_roots":2,"minecraft:oak_sapling":1,"minecraft:dark_oak_wood":38,"minecraft:coal":35},"minecraft:killed":{"cnc:wendigo":2,"minecraft:skeleton":16,"antlers:wendigo":2,"minecraft:creeper":10,"cnc:whitetail":6,"minecraft:sheep":10,"minecraft:zombie":6,"minecraft:stray":2},"minecraft:mined":{"minecraft:white_bed":8,"immersive_weathering:acacia_leaf_pile":19,"wares:delivery_table":1,"create:andesite_casing":2,"antlers:bloody_fox":2,"minecraft:cobbled_deepslate_slab":2,"minecraft:grass_block":4,"minecraft:spruce_leaves":13,"minecraft:moss_block":1,"minecraft:spawner":2,"minecraft:large_fern":7,"minecraft:sculk_catalyst":1,"minecraft:spruce_sapling":5,"minecraft:nether_sprouts":3,"minecraft:iron_ore":13,"minecraft:acacia_wood":4,"minecraft:andesite":502,"minecraft:stripped_spruce_log":2,"minecraft:pumpkin":2,"treechop:chopped_log":14,"diagonalfences:minecraft/spruce_fence":14,"minecraft:polished_deepslate_slab":2,"minecraft:small_amethyst_bud":1,"goodending:spicy_wildflowers":1,"minecraft:blue_orchid":7,"minecraft:stone":141,"cozy_home:spruce_mirror_stand":1,"bountiful:bountyboard":1,"immersive_weathering:spruce_leaf_pile":59,"cnc:cougar_head":1,"minecraft:clay":21,"minecraft:crafting_table":3,"minecraft:cornflower":27,"realmrpg_skeletons:basic_skeleton":1,"minecraft:warped_roots":3,"immersive_weathering:soot":1,"minecraft:tall_grass":5,"minecraft:copper_ore":4,"minecraft:sugar_cane":4,"minecraft:blue_bed":2,"supplementaries:urn":3,"minecraft:skeleton_skull":1,"minecraft:seagrass":2,"minecraft:cobblestone_wall":2,"minecraft:spruce_log":2,"minecraft:pumpkin_stem":1,"antlers:bloody_pig":1,"minecraft:smooth_stone_slab":19,"minecraft:grass":41,"minecraft:coal_ore":35,"minecraft:sand":1,"minecraft:cobweb":24,"minecraft:stonecutter":1,"minecraft:spruce_fence_gate":1,"minecraft:polished_andesite":1,"antlers:bloody_cow":1,"pots_and_mimics:treasure_pot":1,"immersive_weathering:dark_oak_leaf_pile":5,"minecraft:oak_leaves":6,"minecraft:fern":14},"minecraft:broken":{"minecraft:stone_pickaxe":3,"minecraft:stone_axe":1,"minecraft:iron_pickaxe":1}},"DataVersion":3465}