{"stats":{"minecraft:killed_by":{"the_living_nightmare:stalker":1,"antlers:wendigo":1},"minecraft:crafted":{"minecraft:oak_planks":12,"minecraft:stone_shovel":1,"luckys_armory:heavy_iron_armor_leggings":1,"minecraft:iron_nugget":18,"thirst:clay_bowl":12,"butcher:sirloin_steak":1,"minecraft:furnace":2,"luckys_armory:heavy_iron_armor_boots":1,"butchersdelight:rack":1,"antlers:tomahawkitem":8,"minecraft:lantern":1,"minecraft:iron_boots":1,"minecraft:stone_pickaxe":2,"minecraft:cooked_beef":8,"minecraft:wooden_pickaxe":1,"minecraft:birch_planks":48,"luckys_armory:heavy_iron_armor_chestplate":1,"minecraft:stone_axe":1,"minecraft:air":0,"luckys_armory:heavy_iron_armor_helmet":1,"minecraft:charcoal":6,"minecraft:stick":12,"shieldexp:wooden_shield":1,"minecraft:iron_ingot":15,"minecraft:iron_pickaxe":1,"minecraft:birch_trapdoor":2,"minecraft:stone_sword":1,"minecraft:iron_leggings":1,"butcher:butchers_knife":1,"minecraft:torch":12,"beansbackpacks:backpack":2,"thirst:terracotta_bowl":5},"minecraft:killed":{"gore:zombie_without_mouth":2,"cnc:wolverine":2,"variantsandventures:gelid":4,"minecraft:creeper":4,"minecraft:pillager":4,"minecraft:zombie":10,"minecraft:stray":4,"minecraft:cow":6},"minecraft:broken":{"minecraft:stone_pickaxe":1},"minecraft:dropped":{"minecraft:stripped_spruce_log":1,"butchersdelight:dead_cow":6,"minecraft:stripped_mangrove_wood":1,"minecraft:red_wool":1,"minecraft:spruce_door":1,"minecraft:red_carpet":1,"minecraft:packed_mud":2,"minecraft:red_bed":5,"minecraft:dark_oak_fence":1,"minecraft:mud_brick_stairs":1,"beansbackpacks:backpack":2,"minecraft:string":8,"butchersdelight:cow_hide":6,"immersive_armors:heavy_leggings":1,"minecraft:bowl":4,"minecraft:birch_sapling":4,"minecraft:deepslate_brick_slab":2,"minecraft:clay_ball":40,"thirst:terracotta_water_bowl":2,"minecraft:cobbled_deepslate_slab":1,"butcher:raw_sirloin_steak":1,"minecraft:spruce_trapdoor":1,"minecraft:oak_sapling":3,"minecraft:wooden_pickaxe":1,"firstaid:plaster":6,"minecraft:netherrack":1},"minecraft:mined":{"immersive_weathering:birch_leaf_pile":11,"minecraft:dark_oak_fence":1,"minecraft:cobbled_deepslate_slab":1,"minecraft:grass_block":13,"minecraft:spruce_leaves":2,"minecraft:large_fern":1,"minecraft:deepslate_brick_slab":1,"minecraft:furnace":2,"minecraft:iron_ore":13,"minecraft:andesite":48,"graveyard:ossuary":2,"minecraft:stripped_spruce_log":1,"treechop:chopped_log":4,"minecraft:peony":3,"minecraft:bamboo":1,"minecraft:stone":85,"immersive_weathering:oak_leaf_pile":9,"minecraft:hanging_roots":1,"minecraft:red_bed":13,"immersive_weathering:spruce_leaf_pile":1,"minecraft:clay":3,"createloveandwar:sulphur_ore":8,"minecraft:calcite":12,"minecraft:white_stained_glass_pane":3,"minecraft:tall_grass":7,"minecraft:copper_ore":1,"minecraft:cobblestone":7,"minecraft:oak_planks":1,"supplementaries:urn":3,"minecraft:birch_planks":1,"spelunkers_charm:rock_pile_3":1,"antlers:sheep_corpse":2,"minecraft:birch_trapdoor":1,"minecraft:birch_leaves":4,"minecraft:grass":21,"minecraft:dirt":37,"minecraft:cobweb":14,"pots_and_mimics:treasure_pot":2,"minecraft:granite_wall":1},"minecraft:used":{"minecraft:stone_sword":23,"minecraft:iron_shovel":31,"butcher:sirloin_steak":1,"minecraft:stone_shovel":20,"minecraft:iron_sword":49,"minecraft:iron_chestplate":1,"minecraft:torch":8,"minecraft:dirt":39,"farmersdelight:beef_patty":3,"minecraft:birch_trapdoor":3,"minecraft:furnace":4,"beansbackpacks:backpack":1,"minecraft:calcite":1,"minecraft:mangrove_wood":5,"minecraft:birch_planks":8,"minecraft:stone_pickaxe":164,"minecraft:oak_planks":13,"minecraft:wooden_pickaxe":12,"graveyard:ossuary":1,"minecraft:red_bed":12,"thirst:terracotta_water_bowl":7,"minecraft:oak_log":4,"minecraft:apple":2,"minecraft:iron_pickaxe":14,"minecraft:stone_axe":21,"farmersdelight:cooked_bacon":2,"minecraft:cobblestone":40,"minecraft:chainmail_boots":1,"minecraft:cooked_porkchop":1,"minecraft:andesite":8,"butchersdelight:rack":1,"minecraft:chainmail_leggings":1},"minecraft:custom":{"minecraft:mob_kills":19,"minecraft:interact_with_crafting_table":35,"minecraft:open_barrel":36,"minecraft:leave_game":5,"minecraft:time_since_death":0,"minecraft:climb_one_cm":8294,"minecraft:sprint_one_cm":214209,"minecraft:walk_one_cm":400830,"minecraft:drop":42,"minecraft:talked_to_villager":3,"minecraft:play_time":129172,"minecraft:deaths":2,"minecraft:sneak_time":3592,"minecraft:walk_under_water_one_cm":1118,"minecraft:jump":1505,"minecraft:walk_on_water_one_cm":2030,"minecraft:total_world_time":129172,"minecraft:interact_with_furnace":34,"minecraft:sleep_in_bed":4,"minecraft:time_since_rest":1123,"minecraft:damage_taken":661,"minecraft:damage_dealt":2453,"minecraft:swim_one_cm":4816,"minecraft:fly_one_cm":195625,"minecraft:open_chest":43,"minecraft:crouch_one_cm":5734,"minecraft:interact_with_smoker":6,"minecraft:fall_one_cm":25502},"minecraft:picked_up":{"minecraft:charcoal":2,"minecraft:clay_ball":12,"minecraft:wooden_pickaxe":1,"firstaid:morphine":2,"minecraft:string":24,"minecraft:red_bed":17,"butchersdelight:dead_cow":6,"farmersdelight:beef_patty":5,"minecraft:calcite":12,"minecraft:birch_sapling":8,"minecraft:spruce_trapdoor":1,"minecraft:furnace":2,"minecraft:stick":19,"minecraft:raw_iron":13,"minecraft:stripped_mangrove_wood":1,"minecraft:birch_trapdoor":1,"minecraft:bowl":4,"createloveandwar:raw_sulphur":27,"minecraft:rotten_flesh":8,"minecraft:peony":2,"supplementaries:ash":2,"minecraft:cobblestone":71,"minecraft:birch_log":12,"minecraft:andesite":43,"minecraft:leather":21,"immersive_weathering:enchanted_golden_moss_clump":1,"minecraft:mud_brick_stairs":1,"minecraft:birch_planks":1,"minecraft:packed_mud":2,"minecraft:oak_log":13,"farmersdelight:cooked_bacon":6,"supplementaries:flax_seeds":5,"butcher:pork_belly":2,"createloveandwar:em2blueprint":1,"minecraft:dirt":49,"antlers:tomahawkitem":3,"knightquest:lizzy_scale":1,"minecraft:cooked_mutton":2,"minecraft:red_carpet":1,"minecraft:granite_wall":1,"minecraft:wheat_seeds":3,"minecraft:deepslate_brick_slab":2,"minecraft:cobbled_deepslate_slab":1,"thirst:terracotta_water_bowl":5,"minecraft:bamboo":14,"minecraft:oak_planks":1,"minecraft:acacia_sapling":1,"firstaid:plaster":5,"minecraft:red_wool":1,"graveyard:ossuary":2,"butchersdelight:cow_hide":7,"minecraft:stripped_spruce_log":1,"minecraft:spruce_door":1,"minecraft:mangrove_wood":5,"minecraft:crossbow":1,"minecraft:stripped_jungle_wood":1,"knightquest:small_essence":9,"minecraft:emerald":5,"minecraft:dark_oak_fence":1,"minecraft:oak_sapling":15,"butcher:batmeat":2,"minecraft:netherrack":1,"spelunkers_charm:rock":3,"minecraft:coal":2}},"DataVersion":3465}