{"stats":{"minecraft:mined":{"miners_delight:wild_cave_carrots":2,"minecraft:large_amethyst_bud":1,"minecraft:spruce_planks":40,"minecraft:white_bed":12,"create:copper_casing":2,"immersive_weathering:acacia_leaf_pile":35,"wares:delivery_table":1,"create:andesite_casing":4,"minecraft:grass_block":47,"cozy_home:spruce_grandfather_clock":1,"minecraft:spawner":2,"minecraft:sculk_catalyst":1,"minecraft:iron_ore":64,"immersive_weathering:mossy_stone":2,"minecraft:barrel":6,"minecraft:pumpkin":8,"diagonalfences:minecraft/spruce_fence":14,"minecraft:polished_deepslate_slab":2,"amendments:wall_lantern":1,"minecraft:small_amethyst_bud":3,"minecraft:blue_orchid":26,"quark:dark_oak_vertical_slab":5,"minecraft:spruce_slab":1,"bountiful:bountyboard":2,"cozy_home:spruce_mirror_stand":1,"create:cogwheel":3,"minecraft:medium_amethyst_bud":1,"immersive_weathering:spruce_leaf_pile":94,"minecraft:clay":21,"minecraft:cobblestone":9,"shutter:spruce_shutter":1,"minecraft:sugar_cane":5,"minecraft:wall_torch":1,"minecraft:cauldron":2,"create:large_water_wheel":1,"minecraft:skeleton_skull":1,"minecraft:seagrass":2,"butcher:spitroast":3,"minecraft:acacia_sapling":1,"thirst:sand_filter":1,"minecraft:wheat":3,"minecraft:blue_ice":1,"minecraft:pumpkin_stem":1,"minecraft:orange_tulip":15,"minecraft:smooth_stone_slab":19,"antlers:bloody_pig":1,"butcher:hanging_cow_corpse":1,"minecraft:grass":79,"minecraft:dark_oak_sapling":1,"minecraft:sand":11,"minecraft:dirt":64,"minecraft:stonecutter":1,"antlers:bloody_cow":2,"minecraft:oak_leaves":6,"immersive_weathering:dark_oak_leaf_pile":25,"minecraft:mossy_cobblestone":1,"antlers:bloody_fox":2,"minecraft:cobbled_deepslate_slab":2,"create:large_cogwheel":2,"minecraft:spruce_leaves":76,"minecraft:moss_block":1,"minecraft:large_fern":7,"minecraft:spruce_sapling":5,"minecraft:nether_sprouts":5,"minecraft:acacia_wood":4,"minecraft:andesite":671,"minecraft:stripped_spruce_log":3,"treechop:chopped_log":24,"create:cut_andesite_bricks":2,"goodending:spicy_wildflowers":1,"minecraft:stone":333,"minecraft:podzol":6,"immersive_weathering:icicle":3,"cnc:cougar_head":1,"create:fluid_pipe":3,"minecraft:cornflower":55,"minecraft:crafting_table":3,"realmrpg_skeletons:basic_skeleton":1,"minecraft:warped_roots":6,"spelunkers_charm:dead_grass":1,"immersive_weathering:soot":1,"minecraft:tall_grass":12,"minecraft:copper_ore":4,"butcher:cowcorpse":3,"minecraft:blue_bed":2,"supplementaries:cage":2,"supplementaries:urn":8,"create:water_wheel_structure":5,"butcher:drained_hanging_cow":1,"minecraft:cobblestone_wall":2,"minecraft:spruce_log":3,"butcher:hook_block":1,"minecraft:coal_ore":45,"minecraft:dripstone_block":5,"minecraft:cobweb":24,"minecraft:polished_andesite":1,"minecraft:spruce_fence_gate":1,"minecraft:stripped_acacia_wood":2,"pots_and_mimics:treasure_pot":2,"minecraft:fern":24},"minecraft:crafted":{"minecraft:brick":59,"minecraft:smooth_stone":53,"minecraft:barrel":4,"minecraft:chain":1,"minecraft:stone":89,"quark:acacia_ladder":12,"minecraft:iron_bars":16,"create:vertical_gearbox":1,"shutter:spruce_shutter":76,"quark:dark_oak_vertical_slab":132,"minecraft:glass":25,"create:rope_pulley":1,"minecraft:iron_boots":1,"create:cart_assembler":1,"create:mechanical_press":1,"create:spout":1,"minecraft:bricks":10,"minecraft:stone_bricks":8,"create:cogwheel":39,"create:nozzle":3,"farmersdelight:stove":1,"minecraft:glass_bottle":21,"create:depot":1,"minecraft:cauldron":1,"minecraft:crafting_table":4,"minecraft:spruce_planks":424,"minecraft:acacia_slab":72,"create:fluid_pipe":36,"minecraft:wooden_pickaxe":1,"supplementaries:cage":1,"butcher:skinning_knife":1,"minecraft:clock":1,"minecraft:copper_ingot":4,"minecraft:campfire":1,"cold_sweat:hearth":1,"create:gearbox":1,"farmersdelight:cutting_board":1,"luckys_armory:heavy_iron_armor_helmet":1,"minecraft:dark_oak_slab":132,"create:water_wheel":2,"minecraft:charcoal":1,"create:super_glue":1,"minecraft:stick":56,"create:mechanical_pump":7,"minecraft:iron_ingot":80,"minecraft:iron_block":1,"minecraft:stone_sword":3,"minecraft:gold_ingot":9,"butcher:butchers_knife":1,"create:large_cogwheel":8,"minecraft:spruce_fence_gate":1,"beansbackpacks:backpack":2,"minecraft:polished_andesite":64,"butcher:bloodgrate":1,"minecraft:stone_brick_wall":6,"create:wrench":1,"minecraft:smooth_stone_slab":102,"minecraft:iron_nugget":207,"minecraft:spyglass":2,"create:white_sail":32,"knightquest:great_chalice":1,"minecraft:bone_meal":45,"minecraft:spruce_fence":93,"minecraft:glass_pane":16,"thirst:sand_filter":3,"minecraft:slime_ball":2,"minecraft:spruce_slab":120,"create:millstone":1,"minecraft:cobblestone_wall":30,"minecraft:stone_pickaxe":6,"create:fluid_tank":4,"butcher:emptyskinrack":1,"cozy_home:spruce_plank":8,"quark:spruce_chest":20,"minecraft:dark_oak_planks":164,"create:windmill_bearing":1,"create:andesite_alloy":99,"create:hand_crank":1,"minecraft:dried_kelp":1,"create:dough":2,"create:goggles":1,"create:large_water_wheel":2,"minecraft:bucket":7,"cozy_home:spruce_grandfather_clock":1,"thirst:terracotta_water_bowl":4,"minecraft:stone_axe":5,"minecraft:acacia_boat":1,"minecraft:air":0,"quark:vertical_spruce_planks":3,"minecraft:white_wool":9,"butcher:hook":1,"minecraft:iron_leggings":1,"minecraft:white_bed":2,"create:mechanical_drill":10,"create:shaft":64,"butcher:spitroast":1,"minecraft:acacia_planks":276,"minecraft:torch":56},"minecraft:dropped":{"minecraft:clay":2,"minecraft:acacia_wood":12,"minecraft:orange_dye":26,"minecraft:baked_potato":28,"createloveandwar:cigarette":1,"minecraft:orange_tulip":13,"minecraft:warped_roots":3,"minecraft:lantern":1,"minecraft:rail":11,"farmersdelight:rice":4,"minecraft:dirt":7,"minecraft:dark_oak_log":2,"quark:dark_oak_vertical_slab":43,"minecraft:cornflower":55,"immersive_armors:wooden_leggings":2,"miners_delight:gossypium":2,"wares:sealed_delivery_agreement":2,"minecraft:iron_pickaxe":1,"immersive_armors:wooden_chestplate":2,"minecraft:cauldron":1,"minecraft:cyan_carpet":2,"minecraft:sugar_cane":3,"minecraft:spyglass":1,"minecraft:detector_rail":12,"minecraft:wheat":4,"minecraft:rotten_flesh":7,"shutter:spruce_shutter":1,"minecraft:salmon":1,"minecraft:gunpowder":2,"minecraft:beetroot_seeds":2,"minecraft:acacia_sapling":10,"farmersdelight:rope":10,"minecraft:spruce_slab":4,"minecraft:powered_rail":1,"minecraft:iron_bars":15,"minecraft:glass":4,"createloveandwar:raw_sulphur":4,"minecraft:bread":2,"minecraft:stripped_spruce_log":37,"butcher:skinning_knife":1,"minecraft:wheat_seeds":19,"butcher:butchers_knife":2,"wares:cardboard_box":1,"minecraft:cobblestone":175,"minecraft:lead":1,"quark:spruce_chest":2,"minecraft:spruce_stairs":2,"minecraft:golden_apple":1,"minecraft:coal":3,"minecraft:polished_andesite":65,"minecraft:stick":25,"minecraft:blue_dye":6,"quark:vertical_spruce_planks":4,"thirst:terracotta_bowl":4,"minecraft:acacia_planks":31,"minecraft:spruce_sapling":16,"minecraft:dandelion":1,"minecraft:moss_carpet":6,"immersive_weathering:acacia_bark":4,"minecraft:cobblestone_wall":30,"minecraft:smooth_stone_slab":48,"supplementaries:bomb":1,"farmersdelight:cabbage_seeds":4,"minecraft:clay_ball":9,"minecraft:light_gray_wool":1,"thirst:terracotta_water_bowl":5,"minecraft:glass_pane":1,"minecraft:pumpkin_seeds":3,"minecraft:light_blue_dye":8,"minecraft:spruce_trapdoor":6,"minecraft:andesite":497,"minecraft:oak_sapling":1,"knightquest:small_essence":3,"minecraft:spruce_log":56,"minecraft:blue_orchid":15,"minecraft:stone_pickaxe":1,"minecraft:wooden_pickaxe":1,"createloveandwar:stg57blueprint":1,"immersive_armors:wooden_helmet":1},"minecraft:picked_up":{"minecraft:wheat":5,"quark:vertical_spruce_planks":1,"minecraft:lead":7,"minecraft:enchanted_book":3,"firstaid:morphine":1,"butcher:cowcorpseitem":8,"minecraft:string":25,"minecraft:raw_copper":15,"shieldexp:wooden_shield":1,"minecraft:smooth_stone_slab":68,"minecraft:deepslate_tiles":2,"minecraft:spruce_planks":40,"minecraft:iron_pickaxe":1,"farmersdelight:cabbage_seeds":4,"minecraft:tipped_arrow":1,"minecraft:stick":107,"minecraft:torch":31,"create:andesite_casing":4,"minecraft:spruce_stairs":2,"createloveandwar:raw_sulphur":8,"minecraft:deepslate_tile_stairs":1,"minecraft:cauldron":3,"shutter:spruce_shutter":2,"create:large_cogwheel":4,"cozy_home:spruce_grandfather_clock":2,"minecraft:rotten_flesh":30,"create:copper_casing":2,"butcher:chicken_corpse_item":1,"farmersdelight:rope":15,"butcher:spitroast":3,"wares:sealed_delivery_agreement":2,"minecraft:deepslate_brick_stairs":1,"wares:cardboard_box":1,"minecraft:iron_bars":15,"minecraft:cobblestone":412,"minecraft:feather":3,"farmersdelight:rice":4,"cozy_home:spruce_mirror_stand":1,"minecraft:andesite":673,"quark:dark_oak_vertical_slab":11,"minecraft:acacia_boat":4,"minecraft:lapis_lazuli":13,"minecraft:dirt":108,"antlers:tomahawkitem":1,"minecraft:lantern":3,"minecraft:name_tag":1,"minecraft:bone":30,"butcher:cow_skin":2,"butcher:raw_ribeye_steak":1,"minecraft:stonecutter":1,"minecraft:bow":2,"minecraft:orange_tulip":15,"minecraft:wheat_seeds":27,"butcher:raw_tbone_steak":1,"minecraft:cobbled_deepslate_slab":1,"createloveandwar:robot_dog_racing_skin":1,"minecraft:grindstone":1,"minecraft:powered_rail":2,"minecraft:moss_block":9,"butcher:cow_headf":1,"miners_delight:gossypium":3,"create:cogwheel":5,"goodending:spicy_wildflowers":1,"minecraft:stripped_acacia_wood":2,"minecraft:sand":8,"create:cut_andesite_bricks":2,"minecraft:stripped_spruce_log":77,"minecraft:lily_of_the_valley":3,"createloveandwar:stg57blueprint":2,"minecraft:dark_oak_log":55,"minecraft:barrel":6,"minecraft:mossy_cobblestone":2,"minecraft:polished_andesite":3,"minecraft:spruce_fence_gate":1,"minecraft:clay":4,"minecraft:diamond":2,"minecraft:spruce_boat":1,"wares:delivery_table":1,"knightquest:small_essence":39,"minecraft:golden_apple":1,"minecraft:bread":2,"minecraft:emerald":10,"minecraft:oak_sapling":1,"minecraft:spruce_leaves":54,"minecraft:crafting_table":2,"minecraft:chicken":1,"minecraft:clay_ball":89,"thirst:sand_filter":1,"spelunkers_charm:deepslate_rock":4,"butcher:raw_sirloin_steak":1,"minecraft:cornflower":58,"minecraft:moss_carpet":9,"create:fluid_pipe":3,"miners_delight:cave_carrot":4,"minecraft:cyan_carpet":2,"minecraft:blue_orchid":25,"supplementaries:bomb":1,"quark:spruce_chest":2,"minecraft:detector_rail":12,"minecraft:beef":15,"immersive_armors:wooden_leggings":1,"minecraft:spruce_slab":5,"minecraft:light_gray_wool":3,"supplementaries:cage":2,"minecraft:sugar_cane":9,"minecraft:spruce_trapdoor":6,"minecraft:dark_oak_sapling":7,"minecraft:raw_iron":65,"minecraft:polished_deepslate_slab":1,"immersive_weathering:acacia_bark":20,"create:golden_sheet":1,"minecraft:spruce_fence":14,"createloveandwar:cigarette":3,"spelunkers_charm:cave_mushroom":2,"minecraft:carrot":2,"minecraft:dark_oak_planks":2,"minecraft:arrow":17,"cnc:cougar_head":1,"minecraft:beetroot_seeds":2,"minecraft:mutton":8,"minecraft:glow_berries":13,"bountiful:bountyboard":2,"quark:acacia_ladder":3,"minecraft:rail":11,"minecraft:white_wool":20,"cnc:wendigo_head":1,"butcher:butchers_knife":2,"butcher:skinning_knife":2,"minecraft:glow_ink_sac":2,"minecraft:salmon":1,"minecraft:leather":11,"minecraft:acacia_wood":48,"spelunkers_charm:old_miners_bundle":2,"minecraft:gunpowder":8,"minecraft:cobblestone_wall":2,"cnc:whitetail_head":3,"minecraft:blue_bed":2,"minecraft:paper":14,"minecraft:cooked_mutton":4,"theft:glove":1,"minecraft:apple":3,"minecraft:kelp":50,"thirst:terracotta_water_bowl":19,"minecraft:stone_pickaxe":1,"butcher:hook_block":1,"butcher:raw_chuck_steak":1,"minecraft:acacia_sapling":13,"minecraft:book":11,"create:large_water_wheel":6,"minecraft:pumpkin":8,"minecraft:dandelion":1,"minecraft:dripstone_block":5,"minecraft:gravel":4,"butcher:raw_rump_steak":1,"minecraft:spruce_sapling":43,"minecraft:white_bed":13,"thirst:terracotta_bowl":3,"minecraft:spruce_log":207,"minecraft:spider_eye":2,"butcher:cowhoof":4,"cnc:rawvenison":9,"minecraft:pumpkin_seeds":6,"create:brass_ingot":1,"immersive_armors:wooden_chestplate":1,"minecraft:warped_roots":5,"spelunkers_charm:rock":3,"minecraft:dark_oak_wood":38,"minecraft:coal":46},"minecraft:killed_by":{"cnc:wendigo":5,"gore:zombie_without_mouth_and_arm":1,"minecraft:zombie":3,"antlers:wendigomad":3,"minecraft:player":3,"minecraft:skeleton":8,"antlers:wendigo":7},"minecraft:custom":{"minecraft:interact_with_crafting_table":159,"minecraft:open_barrel":25,"minecraft:leave_game":4,"minecraft:time_since_death":4259,"minecraft:sprint_one_cm":1326250,"minecraft:damage_blocked_by_shield":45,"minecraft:drop":177,"minecraft:talked_to_villager":6,"minecraft:play_time":682907,"minecraft:deaths":38,"minecraft:jump":7327,"minecraft:walk_on_water_one_cm":71427,"minecraft:interact_with_furnace":128,"minecraft:sleep_in_bed":55,"minecraft:damage_dealt":25947,"minecraft:player_kills":1,"minecraft:crouch_one_cm":12929,"wares:interact_with_delivery_table":4,"minecraft:interact_with_smoker":2,"minecraft:mob_kills":80,"minecraft:interact_with_campfire":8,"minecraft:climb_one_cm":25841,"minecraft:walk_one_cm":2149013,"minecraft:sneak_time":10497,"minecraft:walk_under_water_one_cm":58807,"minecraft:boat_one_cm":123876,"minecraft:total_world_time":682907,"minecraft:time_since_rest":4296,"minecraft:damage_taken":8146,"minecraft:swim_one_cm":145116,"minecraft:fly_one_cm":1169170,"minecraft:open_chest":421,"minecraft:fall_one_cm":151306},"minecraft:broken":{"minecraft:iron_chestplate":1,"minecraft:iron_leggings":1,"minecraft:stone_pickaxe":4,"minecraft:stone_axe":4,"minecraft:iron_sword":1,"minecraft:stone_sword":1,"minecraft:iron_pickaxe":1},"minecraft:used":{"minecraft:moss_carpet":2,"farmersdelight:stove":1,"minecraft:iron_sword":286,"minecraft:stone":7,"cozy_home:spruce_mirror_stand":1,"minecraft:spruce_leaves":6,"create:fluid_tank":10,"create:cogwheel":86,"create:white_sail":45,"shutter:spruce_shutter":75,"create:depot":10,"minecraft:stripped_spruce_log":5,"butcher:emptyskinrack":1,"minecraft:lantern":1,"minecraft:blue_orchid":2,"create:millstone":1,"create:rope_pulley":3,"farmersdelight:cutting_board":1,"create:shaft":28,"create:mechanical_drill":10,"beansbackpacks:backpack":2,"cnc:cougar_head":1,"minecraft:dark_oak_sapling":5,"cnc:wendigo_head":1,"minecraft:stone_pickaxe":816,"minecraft:orange_tulip":2,"minecraft:wooden_pickaxe":3,"quark:dark_oak_vertical_slab":100,"minecraft:blue_bed":2,"create:spout":5,"minecraft:stone_brick_wall":4,"minecraft:shears":58,"create:cut_andesite_bricks":2,"create:andesite_casing":4,"minecraft:gravel":4,"wares:delivery_table":1,"minecraft:chain":1,"minecraft:andesite":30,"minecraft:smooth_stone_slab":112,"cozy_home:spruce_grandfather_clock":3,"create:vertical_gearbox":1,"minecraft:bone_meal":10,"create:large_cogwheel":24,"minecraft:cobweb":14,"minecraft:stripped_acacia_wood":2,"minecraft:stone_sword":220,"minecraft:spruce_planks":40,"minecraft:torch":87,"create:mechanical_pump":24,"minecraft:dirt":61,"butcher:cowcorpseitem":8,"minecraft:cobblestone_wall":2,"minecraft:spruce_fence":107,"knightquest:great_chalice":1,"minecraft:dark_oak_planks":3,"shieldexp:wooden_shield":1,"cold_sweat:hearth":1,"quark:spruce_chest":20,"create:wrench":303,"create:gearbox":1,"minecraft:iron_boots":1,"thirst:sand_filter":10,"butcher:bloodgrate":1,"quark:acacia_ladder":11,"butcher:hook_block":1,"create:fluid_pipe":92,"minecraft:acacia_wood":22,"minecraft:acacia_planks":11,"minecraft:wheat_seeds":3,"minecraft:cooked_mutton":4,"minecraft:acacia_boat":4,"minecraft:water_bucket":12,"luckys_armory:heavy_iron_armor_helmet":1,"minecraft:polished_andesite":2,"butcher:butchers_knife":37,"minecraft:baked_potato":22,"minecraft:stonecutter":1,"minecraft:spruce_fence_gate":2,"cnc:whitetail_head":3,"minecraft:cauldron":2,"minecraft:crafting_table":6,"minecraft:white_bed":15,"thirst:terracotta_water_bowl":34,"minecraft:spruce_log":2,"minecraft:cornflower":1,"supplementaries:cage":6,"create:mechanical_press":2,"create:windmill_bearing":1,"minecraft:iron_pickaxe":402,"minecraft:spruce_sapling":64,"create:large_water_wheel":9,"minecraft:stone_axe":598,"bountiful:bountyboard":2,"minecraft:cobblestone":69,"minecraft:potion":17,"minecraft:cooked_porkchop":20,"minecraft:bucket":15,"create:hand_crank":2},"minecraft:killed":{"minecraft:witch":2,"cnc:wendigo":2,"minecraft:skeleton":38,"antlers:wendigo":4,"gore:zombie_without_legs_and_arm":4,"cnc:whitetail":6,"minecraft:creeper":14,"minecraft:sheep":10,"minecraft:zombie":46,"minecraft:stray":2,"minecraft:cow":19,"gore:zombie_without_mouth_and_arms":4,"gore:zombie_without_mouth_and_arm":2,"minecraft:player":1}},"DataVersion":3465}