{"stats":{"minecraft:killed":{"minecraft:cave_spider":2,"cnc:wendigo":2,"minecraft:skeleton":46,"antlers:wendigo":4,"gore:zombie_without_legs_and_arm":4,"minecraft:zombie":56,"minecraft:cow":19,"gore:zombie_without_mouth_and_arms":4,"gore:zombie_without_mouth_and_arm":4,"minecraft:witch":2,"cnc:whitetail":6,"minecraft:creeper":18,"minecraft:sheep":10,"minecraft:stray":2,"minecraft:player":1},"minecraft:crafted":{"minecraft:smooth_stone":53,"minecraft:chain":3,"minecraft:iron_bars":16,"shutter:spruce_shutter":76,"create:vertical_gearbox":3,"quark:dark_oak_vertical_slab":132,"minecraft:glass":25,"create:mechanical_press":1,"minecraft:stone_pressure_plate":1,"blocky_siege:reinforced_spruce_door":1,"minecraft:dried_kelp_block":2,"create:cogwheel":68,"create:nozzle":3,"minecraft:glass_bottle":21,"create:rose_quartz":1,"minecraft:acacia_slab":72,"minecraft:spruce_door":3,"supplementaries:cage":1,"minecraft:clock":1,"minecraft:copper_ingot":4,"minecraft:campfire":1,"create:encased_chain_drive":6,"create:redstone_link":8,"create:mechanical_mixer":1,"cold_sweat:hearth":1,"create:gearbox":4,"minecraft:iron_pickaxe":2,"minecraft:iron_block":1,"minecraft:gold_ingot":9,"create:large_cogwheel":12,"create:elevator_pulley":1,"minecraft:spruce_fence_gate":1,"create:wrench":1,"minecraft:smooth_stone_slab":102,"minecraft:iron_nugget":306,"minecraft:spyglass":2,"create:white_sail":32,"knightquest:great_chalice":1,"minecraft:bone_meal":57,"minecraft:spruce_fence":93,"create:contraption_controls":1,"thirst:sand_filter":3,"minecraft:spruce_slab":120,"minecraft:stone_pickaxe":6,"minecraft:redstone_block":1,"quark:spruce_chest":20,"create:electron_tube":1,"minecraft:dark_oak_planks":164,"create:belt_connector":3,"create:windmill_bearing":1,"minecraft:coal_block":7,"minecraft:dried_kelp":13,"create:dough":2,"create:goggles":1,"create:redstone_contact":8,"minecraft:dark_oak_button":1,"cozy_home:spruce_grandfather_clock":1,"quark:vertical_spruce_planks":3,"butcher:hook":1,"create:blaze_burner":1,"minecraft:iron_leggings":1,"minecraft:white_bed":2,"create:shaft":144,"minecraft:brick":59,"minecraft:barrel":4,"minecraft:stone":93,"quark:acacia_ladder":12,"minecraft:hopper":1,"create:rope_pulley":1,"minecraft:bow":2,"minecraft:iron_boots":1,"create:cart_assembler":1,"create:spout":2,"minecraft:copper_block":1,"minecraft:bricks":10,"minecraft:stone_bricks":8,"extractinator:extractinator":1,"farmersdelight:stove":1,"create:depot":3,"minecraft:cauldron":2,"minecraft:crafting_table":5,"minecraft:spruce_planks":424,"minecraft:wooden_pickaxe":1,"create:fluid_pipe":36,"butcher:skinning_knife":1,"create:sand_paper":2,"farmersdelight:cutting_board":1,"luckys_armory:heavy_iron_armor_helmet":1,"minecraft:dark_oak_slab":132,"minecraft:charcoal":1,"minecraft:diamond_pickaxe":1,"create:water_wheel":2,"create:super_glue":1,"minecraft:stick":56,"create:mechanical_pump":7,"minecraft:iron_ingot":122,"minecraft:stone_sword":3,"butcher:butchers_knife":1,"minecraft:redstone_torch":4,"beansbackpacks:backpack":2,"create:empty_blaze_burner":1,"minecraft:polished_andesite":64,"butcher:bloodgrate":1,"minecraft:stone_brick_wall":6,"minecraft:stone_button":5,"minecraft:piston":1,"minecraft:glass_pane":16,"quark:dark_oak_chest":1,"minecraft:polished_deepslate":128,"create:millstone":1,"minecraft:slime_ball":2,"create:fluid_tank":4,"minecraft:cobblestone_wall":30,"butcher:emptyskinrack":1,"cozy_home:spruce_plank":8,"create:basin":1,"minecraft:cooked_beef":12,"minecraft:bone_block":1,"create:andesite_alloy":140,"create:hand_crank":1,"create:large_water_wheel":2,"create:item_drain":1,"minecraft:bucket":11,"thirst:terracotta_water_bowl":4,"minecraft:stone_axe":5,"minecraft:acacia_boat":1,"minecraft:air":0,"create:whisk":1,"minecraft:white_wool":9,"create:mechanical_drill":10,"butcher:spitroast":1,"minecraft:acacia_planks":292,"minecraft:torch":56,"create:zinc_ingot":15},"minecraft:killed_by":{"cnc:wendigo":5,"gore:zombie_without_mouth_and_arm":1,"minecraft:zombie":3,"cave_dweller:cave_dweller":1,"minecraft:cave_spider":3,"antlers:wendigomad":3,"minecraft:player":3,"minecraft:skeleton":8,"antlers:wendigo":9},"minecraft:used":{"farmersdelight:mixed_salad":1,"minecraft:spruce_slab":3,"minecraft:stone":7,"create:fluid_tank":10,"create:white_sail":45,"shutter:spruce_shutter":75,"miners_delight:water_cup":2,"naturalist:cooked_bass":4,"create:depot":12,"minecraft:stripped_spruce_log":5,"create:rope_pulley":3,"minecraft:bow":15,"create:shaft":76,"minecraft:furnace":3,"beansbackpacks:backpack":2,"minecraft:orange_tulip":2,"minecraft:blackstone":11,"minecraft:wooden_pickaxe":3,"quark:dark_oak_vertical_slab":104,"create:spout":6,"minecraft:glow_berries":5,"minecraft:sand":1,"minecraft:stone_button":5,"create:contraption_controls":3,"minecraft:coal_block":3,"create:basin":1,"wares:delivery_table":1,"minecraft:stripped_acacia_wood":2,"minecraft:stone_sword":220,"minecraft:cooked_salmon":1,"minecraft:torch":103,"create:wrench":418,"create:gearbox":2,"minecraft:polished_deepslate_wall":2,"extractinator:extractinator":1,"blocky_siege:reinforced_spruce_door":2,"create:encased_chain_drive":7,"thirst:sand_filter":10,"butcher:bloodgrate":1,"butcher:hook_block":1,"tombstone:gift":2,"create:fluid_pipe":96,"minecraft:acacia_wood":39,"minecraft:cobbled_deepslate":9,"minecraft:acacia_planks":15,"create:belt_connector":8,"minecraft:wheat_seeds":3,"farmersdelight:iron_knife":1,"minecraft:water_bucket":39,"luckys_armory:heavy_iron_armor_helmet":1,"quark:cobblestone_bricks":133,"butcher:butchers_knife":37,"minecraft:cauldron":2,"minecraft:spruce_fence_gate":2,"create:blaze_burner":2,"minecraft:cracked_stone_bricks":1,"minecraft:crafting_table":8,"minecraft:white_bed":15,"butcher:skinning_knife":1,"minecraft:spruce_log":2,"thirst:terracotta_water_bowl":34,"minecraft:diamond_pickaxe":79,"minecraft:cornflower":2,"minecraft:iron_pickaxe":903,"minecraft:spruce_sapling":64,"bountiful:bountyboard":2,"minecraft:cobblestone":193,"minecraft:potion":33,"minecraft:cooked_porkchop":20,"create:redstone_link":6,"immersive_armors:wooden_leggings":1,"create:elevator_pulley":1,"minecraft:kelp":8,"minecraft:moss_carpet":2,"minecraft:polished_deepslate":16,"farmersdelight:stove":1,"minecraft:iron_sword":388,"cozy_home:spruce_mirror_stand":1,"minecraft:spruce_leaves":6,"create:cogwheel":116,"minecraft:deepslate_tile_slab":15,"butcher:emptyskinrack":1,"minecraft:lantern":1,"minecraft:blue_orchid":2,"create:millstone":1,"create:andesite_pillar":2,"farmersdelight:cutting_board":3,"create:mechanical_drill":10,"cnc:cougar_head":1,"minecraft:dark_oak_sapling":5,"cnc:wendigo_head":1,"minecraft:stone_pickaxe":825,"minecraft:blue_bed":2,"minecraft:stone_brick_wall":4,"minecraft:shears":58,"create:cut_andesite_bricks":3,"create:andesite_casing":4,"minecraft:gravel":4,"minecraft:andesite":30,"minecraft:chain":1,"butcher:tbonesteak":1,"minecraft:smooth_stone_slab":112,"cozy_home:spruce_grandfather_clock":5,"create:vertical_gearbox":4,"minecraft:bone_meal":10,"minecraft:cobweb":14,"create:large_cogwheel":31,"minecraft:spruce_planks":40,"create:mechanical_pump":25,"minecraft:dirt":132,"create:mechanical_mixer":1,"create:redstone_contact":13,"butcher:cowcorpseitem":8,"minecraft:spruce_stairs":2,"minecraft:cobblestone_wall":2,"minecraft:spruce_fence":107,"supplementaries:item_shelf":3,"knightquest:great_chalice":1,"minecraft:dark_oak_planks":4,"shieldexp:wooden_shield":1,"cold_sweat:hearth":1,"quark:spruce_chest":20,"minecraft:iron_boots":1,"butcher:jar":1,"quark:acacia_ladder":11,"minecraft:stone_pressure_plate":1,"minecraft:cooked_mutton":4,"minecraft:acacia_boat":4,"minecraft:polished_andesite":2,"minecraft:baked_potato":41,"cnc:whitetail_head":3,"minecraft:stonecutter":2,"create:item_drain":1,"supplementaries:cage":11,"create:mechanical_press":3,"create:windmill_bearing":1,"create:large_water_wheel":9,"minecraft:stone_axe":653,"minecraft:bucket":59,"create:hand_crank":3},"minecraft:mined":{"minecraft:dark_oak_planks":1,"minecraft:white_bed":12,"create:copper_casing":3,"create:andesite_casing":4,"create:redstone_contact":2,"minecraft:coal_block":3,"minecraft:spawner":2,"minecraft:magma_block":29,"immersive_weathering:mossy_stone":2,"minecraft:cobbled_deepslate":3,"minecraft:barrel":6,"minecraft:pumpkin":8,"minecraft:cave_vines":5,"minecraft:polished_deepslate_slab":2,"amendments:wall_lantern":1,"minecraft:small_amethyst_bud":6,"minecraft:blue_orchid":27,"quark:dark_oak_vertical_slab":11,"cozy_home:spruce_mirror_stand":1,"create:cogwheel":3,"create:small_andesite_brick_slab":30,"immersive_weathering:spruce_leaf_pile":94,"minecraft:deepslate_tile_slab":1,"minecraft:torch":1,"minecraft:sugar_cane":5,"create:contraption_controls":1,"minecraft:skeleton_skull":1,"minecraft:wheat":3,"minecraft:pumpkin_stem":1,"antlers:bloody_pig":1,"butcher:hanging_cow_corpse":1,"minecraft:grass":92,"minecraft:dark_oak_sapling":1,"create:andesite_pillar":3,"minecraft:stonecutter":1,"antlers:bloody_cow":2,"minecraft:deepslate":32,"create:zinc_ore":11,"minecraft:mossy_cobblestone":1,"antlers:bloody_fox":2,"minecraft:cobbled_deepslate_slab":2,"minecraft:moss_block":1,"create:shaft":2,"minecraft:acacia_wood":4,"minecraft:andesite":770,"spelunkers_charm:deepslate_rock_pile_2":1,"goodending:spicy_wildflowers":1,"immersive_weathering:icicle":3,"minecraft:soul_sand":1,"minecraft:cornflower":57,"create:fluid_pipe":3,"supplementaries:item_shelf":3,"spelunkers_charm:dead_grass":1,"minecraft:warped_roots":6,"minecraft:copper_ore":25,"minecraft:tall_grass":13,"butcher:cowcorpse":3,"create:water_wheel_structure":5,"butcher:drained_hanging_cow":1,"minecraft:cobblestone_wall":2,"minecraft:spruce_log":3,"butcher:hook_block":1,"minecraft:dripstone_block":7,"minecraft:cobweb":50,"minecraft:acacia_planks":4,"minecraft:spruce_fence_gate":1,"minecraft:fern":25,"miners_delight:wild_cave_carrots":2,"minecraft:large_amethyst_bud":2,"create:deepslate_zinc_ore":1,"minecraft:spruce_planks":40,"immersive_weathering:acacia_leaf_pile":35,"wares:delivery_table":1,"minecraft:cave_vines_plant":2,"minecraft:grass_block":64,"cozy_home:spruce_grandfather_clock":3,"minecraft:sculk_catalyst":1,"minecraft:iron_ore":67,"netherite_ore_mod:deepslate_ancient_debris_ore":2,"diagonalfences:minecraft/spruce_fence":14,"minecraft:pointed_dripstone":12,"create:spruce_window":5,"minecraft:spruce_slab":8,"bountiful:bountyboard":2,"minecraft:deepslate_redstone_ore":11,"minecraft:blackstone":13,"minecraft:medium_amethyst_bud":1,"minecraft:clay":21,"quark:cobblestone_bricks":3,"minecraft:cobblestone":62,"shutter:spruce_shutter":1,"minecraft:wall_torch":1,"minecraft:cauldron":2,"create:large_water_wheel":1,"minecraft:seagrass":2,"butcher:spitroast":3,"minecraft:acacia_sapling":1,"thirst:sand_filter":1,"minecraft:blue_ice":1,"minecraft:orange_tulip":15,"minecraft:smooth_stone_slab":19,"minecraft:sand":14,"minecraft:dirt":88,"create:encased_chain_drive":1,"immersive_weathering:dark_oak_leaf_pile":25,"minecraft:polished_deepslate_wall":2,"minecraft:oak_leaves":6,"minecraft:deepslate_diamond_ore":1,"create:large_cogwheel":2,"minecraft:spruce_leaves":76,"minecraft:large_fern":7,"minecraft:spruce_sapling":5,"minecraft:furnace":3,"miners_delight:gossypium":1,"minecraft:nether_sprouts":5,"blocky_siege:reinforced_spruce_door":1,"minecraft:stripped_spruce_log":3,"treechop:chopped_log":24,"create:cut_andesite_bricks":8,"minecraft:stone":501,"minecraft:podzol":6,"cnc:cougar_head":1,"minecraft:crafting_table":4,"realmrpg_skeletons:basic_skeleton":1,"immersive_weathering:soot":1,"minecraft:blue_bed":2,"supplementaries:cage":4,"supplementaries:urn":10,"minecraft:spruce_stairs":3,"immersive_weathering:permafrost":10,"minecraft:coal_ore":87,"minecraft:polished_andesite":1,"minecraft:stripped_acacia_wood":2,"pots_and_mimics:treasure_pot":4},"minecraft:broken":{"minecraft:iron_chestplate":1,"minecraft:iron_leggings":1,"minecraft:iron_sword":1,"minecraft:stone_sword":1,"minecraft:iron_pickaxe":3,"minecraft:stone_pickaxe":5,"minecraft:stone_axe":4},"minecraft:dropped":{"minecraft:clay":2,"minecraft:acacia_wood":12,"farmersdelight:cabbage_leaf":3,"createloveandwar:cigarette":1,"minecraft:orange_tulip":13,"minecraft:warped_roots":4,"minecraft:cracked_stone_bricks":2,"minecraft:rail":11,"minecraft:dirt":7,"quark:dark_oak_vertical_slab":45,"miners_delight:gossypium":2,"wares:sealed_delivery_agreement":2,"minecraft:bone_meal":2,"minecraft:iron_pickaxe":1,"beansbackpacks:backpack":3,"minecraft:cyan_carpet":2,"minecraft:sugar_cane":3,"minecraft:detector_rail":12,"minecraft:wheat":5,"minecraft:rotten_flesh":8,"shutter:spruce_shutter":1,"minecraft:salmon":1,"minecraft:acacia_sapling":10,"farmersdelight:rope":10,"minecraft:spruce_slab":8,"minecraft:glass":4,"minecraft:wheat_seeds":26,"create:polished_rose_quartz":1,"minecraft:cobblestone":175,"quark:spruce_chest":2,"minecraft:coal":3,"minecraft:golden_apple":1,"minecraft:polished_andesite":65,"quark:vertical_spruce_planks":4,"thirst:terracotta_bowl":6,"minecraft:string":28,"minecraft:polished_deepslate_wall":2,"minecraft:acacia_planks":31,"minecraft:spruce_sapling":16,"minecraft:moss_carpet":6,"minecraft:cobblestone_wall":30,"minecraft:smooth_stone_slab":48,"minecraft:bowl":1,"minecraft:clay_ball":9,"minecraft:pumpkin_seeds":3,"minecraft:light_blue_dye":8,"minecraft:spruce_trapdoor":6,"create:zinc_ingot":25,"knightquest:small_essence":3,"minecraft:blue_orchid":24,"farmersdelight:tomato":2,"minecraft:orange_dye":26,"minecraft:baked_potato":28,"minecraft:lantern":1,"farmersdelight:rice":4,"minecraft:dark_oak_log":2,"minecraft:cornflower":81,"immersive_armors:wooden_leggings":2,"create:framed_glass_door":1,"immersive_armors:wooden_chestplate":2,"minecraft:cauldron":1,"minecraft:spyglass":1,"minecraft:beetroot":2,"create:cut_andesite_bricks":4,"minecraft:gunpowder":2,"minecraft:beetroot_seeds":2,"minecraft:iron_bars":15,"create:andesite_pillar":3,"minecraft:powered_rail":1,"createloveandwar:raw_sulphur":4,"minecraft:bread":2,"minecraft:stripped_spruce_log":37,"butcher:skinning_knife":1,"wares:cardboard_box":1,"butcher:butchers_knife":2,"minecraft:lead":1,"minecraft:copper_ingot":55,"minecraft:spruce_stairs":2,"minecraft:stick":25,"minecraft:blue_dye":6,"minecraft:bucket":1,"minecraft:dandelion":1,"immersive_weathering:acacia_bark":4,"minecraft:raw_copper":72,"supplementaries:bomb":1,"farmersdelight:cabbage_seeds":4,"minecraft:light_gray_wool":1,"thirst:terracotta_water_bowl":14,"minecraft:glass_pane":1,"minecraft:andesite":497,"minecraft:oak_sapling":1,"minecraft:spruce_log":56,"minecraft:stone_pickaxe":1,"minecraft:wooden_pickaxe":1,"createloveandwar:stg57blueprint":1,"immersive_armors:wooden_helmet":1},"minecraft:custom":{"minecraft:interact_with_crafting_table":220,"minecraft:open_barrel":28,"minecraft:leave_game":6,"minecraft:time_since_death":19896,"minecraft:damage_blocked_by_shield":45,"minecraft:play_time":985213,"minecraft:deaths":50,"minecraft:jump":9296,"minecraft:interact_with_furnace":172,"minecraft:sleep_in_bed":82,"minecraft:damage_dealt":29611,"tombstone:undead_killed":2,"wares:interact_with_delivery_table":5,"minecraft:interact_with_smoker":2,"minecraft:sneak_time":17927,"minecraft:total_world_time":985213,"minecraft:interact_with_stonecutter":3,"minecraft:time_since_rest":14863,"minecraft:fly_one_cm":1483464,"minecraft:swim_one_cm":315858,"minecraft:open_chest":636,"minecraft:fall_one_cm":205479,"minecraft:sprint_one_cm":1896035,"minecraft:drop":229,"minecraft:talked_to_villager":7,"minecraft:walk_on_water_one_cm":100836,"minecraft:player_kills":1,"minecraft:crouch_one_cm":25919,"minecraft:mob_kills":93,"minecraft:interact_with_campfire":8,"minecraft:climb_one_cm":83556,"minecraft:walk_one_cm":3026402,"minecraft:walk_under_water_one_cm":115534,"minecraft:boat_one_cm":123876,"minecraft:pot_flower":1,"minecraft:damage_taken":11733},"minecraft:picked_up":{"quark:vertical_spruce_planks":1,"minecraft:lead":7,"minecraft:enchanted_book":4,"butcher:cowcorpseitem":8,"minecraft:polished_deepslate_wall":4,"farmersdelight:cutting_board":2,"minecraft:string":50,"minecraft:cooked_salmon":1,"shieldexp:wooden_shield":1,"minecraft:beetroot":1,"minecraft:cobbled_deepslate":35,"minecraft:spruce_planks":40,"create:contraption_controls":1,"minecraft:coal_block":3,"create:andesite_casing":4,"create:andesite_pillar":6,"createloveandwar:raw_sulphur":9,"minecraft:deepslate_tile_stairs":1,"minecraft:cauldron":3,"cozy_home:spruce_grandfather_clock":4,"create:copper_casing":3,"farmersdelight:rope":15,"supplementaries:ash":7,"wares:cardboard_box":1,"minecraft:iron_bars":15,"minecraft:magma_block":29,"minecraft:feather":3,"farmersdelight:rice":4,"minecraft:flint":6,"farmersdelight:tomato":1,"minecraft:lantern":3,"create:encased_chain_drive":1,"butcher:cow_skin":2,"minecraft:stonecutter":2,"butcher:raw_tbone_steak":1,"createloveandwar:robot_dog_racing_skin":1,"create:shaft":2,"minecraft:moss_block":9,"butcher:cow_headf":1,"miners_delight:gossypium":3,"minecraft:stripped_acacia_wood":2,"tombstone:scroll_of_feather_fall":1,"create:cut_andesite_bricks":8,"minecraft:stripped_spruce_log":77,"minecraft:dark_oak_log":55,"minecraft:barrel":6,"minecraft:polished_andesite":3,"knightquest:small_essence":48,"minecraft:bread":2,"create:framed_glass_door":1,"minecraft:spruce_leaves":54,"minecraft:crafting_table":3,"minecraft:clay_ball":89,"beansbackpacks:backpack":2,"butcher:raw_sirloin_steak":1,"minecraft:cornflower":85,"create:fluid_pipe":3,"blocky_siege:reinforced_spruce_door":1,"supplementaries:bomb":1,"minecraft:cracked_stone_bricks":3,"quark:spruce_chest":2,"minecraft:beef":15,"immersive_armors:wooden_leggings":2,"minecraft:spruce_slab":12,"create:polished_rose_quartz":1,"minecraft:polished_deepslate_slab":1,"immersive_weathering:acacia_bark":37,"minecraft:spruce_fence":14,"minecraft:carrot":2,"minecraft:redstone":36,"immersive_weathering:permafrost":7,"immersive_armors:wooden_helmet":1,"netherite_ore_mod:large_ancient_shard":1,"cnc:cougar_head":1,"minecraft:beetroot_seeds":2,"bountiful:bountyboard":2,"minecraft:glow_berries":13,"minecraft:mutton":8,"quark:acacia_ladder":3,"minecraft:rail":11,"minecraft:white_wool":20,"cnc:wendigo_head":1,"minecraft:acacia_wood":48,"spelunkers_charm:old_miners_bundle":2,"minecraft:blue_bed":2,"cnc:whitetail_head":3,"minecraft:paper":14,"minecraft:apple":3,"minecraft:kelp":50,"thirst:terracotta_water_bowl":22,"minecraft:stone_pickaxe":1,"butcher:raw_chuck_steak":1,"minecraft:gravel":4,"butcher:raw_rump_steak":1,"minecraft:spruce_sapling":43,"thirst:terracotta_bowl":4,"minecraft:spruce_log":207,"netherite_ore_mod:ancientdebrispiece":1,"naturalist:cooked_bass":4,"farmersdelight:cabbage_leaf":2,"quark:cobblestone_bricks":3,"minecraft:warped_roots":6,"immersive_armors:wooden_boots":1,"minecraft:wheat":6,"firstaid:morphine":1,"minecraft:raw_copper":99,"minecraft:smooth_stone_slab":68,"minecraft:deepslate_tiles":2,"minecraft:iron_pickaxe":1,"butcher:tbonesteak":1,"farmersdelight:cabbage_seeds":4,"minecraft:furnace":3,"minecraft:tipped_arrow":1,"minecraft:stick":107,"minecraft:torch":33,"minecraft:spruce_stairs":5,"minecraft:dried_kelp":25,"create:redstone_contact":2,"minecraft:pointed_dripstone":26,"shutter:spruce_shutter":2,"create:large_cogwheel":4,"minecraft:rotten_flesh":36,"butcher:chicken_corpse_item":1,"butcher:spitroast":3,"wares:sealed_delivery_agreement":2,"minecraft:deepslate_brick_stairs":1,"minecraft:cobblestone":639,"farmersdelight:mixed_salad":1,"cozy_home:spruce_mirror_stand":1,"minecraft:andesite":772,"quark:dark_oak_vertical_slab":19,"supplementaries:item_shelf":3,"create:raw_zinc":12,"minecraft:acacia_boat":4,"minecraft:lapis_lazuli":13,"minecraft:dirt":142,"antlers:tomahawkitem":1,"minecraft:name_tag":1,"minecraft:acacia_planks":4,"minecraft:bone":41,"farmersdelight:iron_knife":1,"butcher:raw_ribeye_steak":1,"minecraft:bow":2,"minecraft:orange_tulip":15,"minecraft:wheat_seeds":34,"minecraft:raw_gold":4,"minecraft:cobbled_deepslate_slab":1,"minecraft:grindstone":1,"minecraft:powered_rail":2,"goodending:spicy_wildflowers":1,"create:cogwheel":5,"minecraft:sand":11,"minecraft:lily_of_the_valley":3,"createloveandwar:stg57blueprint":2,"minecraft:mossy_cobblestone":2,"minecraft:spruce_fence_gate":1,"minecraft:clay":4,"minecraft:diamond":3,"minecraft:spruce_boat":1,"wares:delivery_table":1,"minecraft:bone_meal":2,"minecraft:golden_apple":1,"minecraft:emerald":10,"minecraft:oak_sapling":1,"minecraft:chicken":1,"thirst:sand_filter":1,"spelunkers_charm:deepslate_rock":6,"minecraft:moss_carpet":9,"miners_delight:cave_carrot":4,"minecraft:blue_orchid":34,"minecraft:cyan_carpet":2,"minecraft:blackstone":13,"minecraft:detector_rail":12,"minecraft:light_gray_wool":3,"supplementaries:cage":4,"minecraft:sugar_cane":9,"minecraft:spruce_trapdoor":6,"minecraft:dark_oak_sapling":7,"minecraft:raw_iron":106,"create:golden_sheet":1,"createloveandwar:cigarette":3,"minecraft:stone_button":1,"spelunkers_charm:cave_mushroom":2,"create:hand_crank":1,"minecraft:dark_oak_planks":3,"minecraft:arrow":19,"butcher:butchers_knife":2,"butcher:skinning_knife":2,"minecraft:glow_ink_sac":3,"minecraft:salmon":1,"minecraft:leather":11,"minecraft:gunpowder":9,"minecraft:cobblestone_wall":2,"minecraft:deepslate_tile_slab":1,"minecraft:cooked_mutton":4,"theft:glove":1,"minecraft:iron_ingot":26,"butcher:hook_block":1,"minecraft:soul_sand":1,"minecraft:acacia_sapling":13,"minecraft:book":11,"create:large_water_wheel":6,"minecraft:pumpkin":8,"create:small_andesite_brick_slab":21,"minecraft:dandelion":5,"minecraft:quartz":1,"minecraft:dripstone_block":7,"minecraft:white_bed":13,"minecraft:spider_eye":2,"butcher:cowhoof":4,"cnc:rawvenison":9,"minecraft:pumpkin_seeds":6,"create:brass_ingot":1,"immersive_armors:wooden_chestplate":2,"spelunkers_charm:rock":3,"minecraft:dark_oak_wood":38,"minecraft:coal":134}},"DataVersion":3465}