{"stats":{"minecraft:custom":{"minecraft:interact_with_crafting_table":102,"minecraft:open_barrel":15,"minecraft:leave_game":3,"minecraft:time_since_death":13048,"minecraft:sprint_one_cm":777799,"minecraft:damage_blocked_by_shield":45,"minecraft:drop":94,"minecraft:talked_to_villager":5,"minecraft:play_time":412585,"minecraft:deaths":20,"minecraft:jump":4147,"minecraft:walk_on_water_one_cm":54695,"minecraft:interact_with_furnace":100,"minecraft:sleep_in_bed":38,"minecraft:damage_dealt":15728,"minecraft:crouch_one_cm":5949,"wares:interact_with_delivery_table":3,"minecraft:interact_with_smoker":2,"minecraft:mob_kills":31,"minecraft:interact_with_campfire":8,"minecraft:climb_one_cm":2695,"minecraft:walk_one_cm":1238003,"minecraft:sneak_time":5831,"minecraft:walk_under_water_one_cm":38024,"minecraft:boat_one_cm":123876,"minecraft:total_world_time":412585,"minecraft:time_since_rest":222,"minecraft:damage_taken":3947,"minecraft:swim_one_cm":106713,"minecraft:fly_one_cm":684628,"minecraft:open_chest":233,"minecraft:fall_one_cm":83829},"minecraft:dropped":{"minecraft:acacia_wood":12,"minecraft:baked_potato":28,"minecraft:warped_roots":1,"minecraft:lantern":1,"minecraft:dirt":7,"minecraft:dark_oak_log":2,"minecraft:cornflower":29,"immersive_armors:wooden_leggings":2,"wares:sealed_delivery_agreement":2,"immersive_armors:wooden_chestplate":2,"minecraft:sugar_cane":3,"minecraft:spyglass":1,"minecraft:rotten_flesh":1,"minecraft:salmon":1,"minecraft:acacia_sapling":8,"minecraft:spruce_slab":4,"minecraft:iron_bars":15,"minecraft:glass":2,"minecraft:stripped_spruce_log":37,"minecraft:wheat_seeds":10,"wares:cardboard_box":1,"minecraft:cobblestone":149,"minecraft:lead":1,"quark:spruce_chest":2,"minecraft:spruce_stairs":2,"minecraft:polished_andesite":65,"minecraft:stick":3,"quark:vertical_spruce_planks":4,"thirst:terracotta_bowl":4,"minecraft:spruce_sapling":16,"minecraft:dandelion":1,"immersive_weathering:acacia_bark":1,"minecraft:cobblestone_wall":30,"minecraft:smooth_stone_slab":48,"minecraft:clay_ball":8,"thirst:terracotta_water_bowl":3,"minecraft:glass_pane":1,"minecraft:spruce_trapdoor":6,"minecraft:andesite":400,"minecraft:oak_sapling":1,"minecraft:spruce_log":56,"minecraft:blue_orchid":1,"minecraft:wooden_pickaxe":1},"minecraft:killed_by":{"cnc:wendigo":5,"minecraft:zombie":1,"antlers:wendigomad":3,"minecraft:player":1,"antlers:wendigo":5},"minecraft:crafted":{"minecraft:brick":59,"minecraft:smooth_stone":53,"minecraft:barrel":4,"minecraft:chain":1,"minecraft:stone":65,"minecraft:iron_bars":16,"minecraft:glass":5,"minecraft:iron_boots":1,"create:mechanical_press":1,"create:spout":1,"minecraft:bricks":10,"minecraft:stone_bricks":8,"create:cogwheel":28,"create:nozzle":3,"farmersdelight:stove":1,"minecraft:glass_bottle":3,"create:depot":1,"minecraft:crafting_table":2,"minecraft:spruce_planks":288,"minecraft:acacia_slab":66,"minecraft:wooden_pickaxe":1,"create:fluid_pipe":36,"minecraft:copper_ingot":4,"minecraft:campfire":1,"cold_sweat:hearth":1,"farmersdelight:cutting_board":1,"luckys_armory:heavy_iron_armor_helmet":1,"minecraft:charcoal":1,"create:water_wheel":2,"minecraft:stick":48,"minecraft:iron_ingot":6,"create:mechanical_pump":7,"minecraft:iron_block":1,"minecraft:stone_sword":1,"butcher:butchers_knife":1,"create:large_cogwheel":3,"minecraft:spruce_fence_gate":1,"minecraft:polished_andesite":64,"butcher:bloodgrate":1,"minecraft:stone_brick_wall":6,"minecraft:smooth_stone_slab":102,"create:wrench":1,"minecraft:iron_nugget":90,"minecraft:spyglass":2,"minecraft:bone_meal":39,"minecraft:spruce_fence":93,"thirst:sand_filter":3,"minecraft:stone_pickaxe":6,"create:fluid_tank":4,"minecraft:cobblestone_wall":30,"butcher:emptyskinrack":1,"quark:spruce_chest":16,"create:andesite_alloy":33,"create:hand_crank":1,"minecraft:dried_kelp":1,"create:large_water_wheel":2,"create:goggles":1,"minecraft:bucket":1,"thirst:terracotta_water_bowl":4,"minecraft:stone_axe":3,"quark:vertical_spruce_planks":3,"minecraft:acacia_boat":1,"minecraft:air":0,"minecraft:white_wool":4,"butcher:hook":1,"minecraft:iron_leggings":1,"minecraft:white_bed":2,"create:shaft":48,"butcher:spitroast":1,"minecraft:acacia_planks":232,"minecraft:torch":28},"minecraft:used":{"farmersdelight:stove":1,"minecraft:stone":4,"minecraft:iron_sword":254,"cozy_home:spruce_mirror_stand":1,"create:fluid_tank":10,"create:cogwheel":70,"create:depot":6,"minecraft:stripped_spruce_log":5,"butcher:emptyskinrack":1,"farmersdelight:cutting_board":1,"create:shaft":17,"cnc:cougar_head":1,"minecraft:dark_oak_sapling":4,"cnc:wendigo_head":1,"minecraft:stone_pickaxe":582,"minecraft:wooden_pickaxe":3,"minecraft:blue_bed":2,"create:spout":5,"minecraft:stone_brick_wall":4,"create:cut_andesite_bricks":2,"create:andesite_casing":4,"wares:delivery_table":1,"minecraft:chain":1,"minecraft:andesite":10,"minecraft:smooth_stone_slab":112,"minecraft:bone_meal":4,"minecraft:cobweb":14,"create:large_cogwheel":17,"minecraft:stripped_acacia_wood":2,"minecraft:stone_sword":36,"minecraft:torch":44,"create:mechanical_pump":24,"minecraft:dirt":58,"butcher:cowcorpseitem":6,"minecraft:cobblestone_wall":2,"minecraft:spruce_fence":107,"shieldexp:wooden_shield":1,"cold_sweat:hearth":1,"quark:spruce_chest":14,"create:wrench":237,"minecraft:iron_boots":1,"thirst:sand_filter":10,"butcher:bloodgrate":1,"butcher:hook_block":1,"minecraft:acacia_wood":10,"create:fluid_pipe":92,"minecraft:cooked_mutton":4,"minecraft:acacia_boat":4,"minecraft:water_bucket":12,"luckys_armory:heavy_iron_armor_helmet":1,"minecraft:polished_andesite":2,"butcher:butchers_knife":1,"cnc:whitetail_head":3,"minecraft:stonecutter":1,"minecraft:spruce_fence_gate":2,"minecraft:crafting_table":4,"minecraft:white_bed":14,"minecraft:spruce_log":2,"thirst:terracotta_water_bowl":20,"create:mechanical_press":1,"minecraft:iron_pickaxe":383,"minecraft:spruce_sapling":17,"create:large_water_wheel":9,"minecraft:stone_axe":375,"bountiful:bountyboard":1,"minecraft:cobblestone":39,"minecraft:potion":9,"minecraft:cooked_porkchop":20,"minecraft:bucket":12,"create:hand_crank":1},"minecraft:picked_up":{"quark:vertical_spruce_planks":1,"minecraft:wheat":1,"minecraft:lead":7,"minecraft:enchanted_book":1,"butcher:cowcorpseitem":5,"minecraft:string":23,"minecraft:raw_copper":11,"shieldexp:wooden_shield":1,"minecraft:smooth_stone_slab":68,"minecraft:deepslate_tiles":2,"minecraft:tipped_arrow":1,"minecraft:stick":68,"minecraft:torch":16,"create:andesite_casing":4,"minecraft:spruce_stairs":2,"createloveandwar:raw_sulphur":3,"minecraft:deepslate_tile_stairs":1,"create:large_cogwheel":4,"minecraft:rotten_flesh":13,"create:copper_casing":2,"butcher:chicken_corpse_item":1,"butcher:spitroast":3,"wares:sealed_delivery_agreement":2,"minecraft:deepslate_brick_stairs":1,"minecraft:iron_bars":15,"minecraft:cobblestone":376,"minecraft:feather":3,"cozy_home:spruce_mirror_stand":1,"minecraft:andesite":543,"minecraft:acacia_boat":4,"minecraft:dirt":74,"antlers:tomahawkitem":1,"minecraft:lantern":2,"minecraft:bone":10,"minecraft:stonecutter":1,"minecraft:bow":1,"minecraft:wheat_seeds":11,"minecraft:cobbled_deepslate_slab":1,"goodending:spicy_wildflowers":1,"create:cogwheel":4,"minecraft:stripped_acacia_wood":2,"minecraft:sand":8,"create:cut_andesite_bricks":2,"minecraft:stripped_spruce_log":77,"minecraft:lily_of_the_valley":3,"minecraft:dark_oak_log":14,"minecraft:mossy_cobblestone":2,"minecraft:polished_andesite":3,"minecraft:spruce_fence_gate":1,"minecraft:spruce_boat":1,"wares:delivery_table":1,"knightquest:small_essence":15,"minecraft:emerald":6,"minecraft:oak_sapling":1,"minecraft:crafting_table":2,"minecraft:chicken":1,"minecraft:clay_ball":87,"thirst:sand_filter":1,"minecraft:cornflower":31,"create:fluid_pipe":3,"minecraft:blue_orchid":9,"immersive_armors:wooden_leggings":1,"minecraft:spruce_slab":5,"minecraft:sugar_cane":9,"minecraft:spruce_trapdoor":6,"minecraft:dark_oak_sapling":5,"minecraft:raw_iron":13,"minecraft:polished_deepslate_slab":1,"immersive_weathering:acacia_bark":5,"create:golden_sheet":1,"minecraft:spruce_fence":14,"minecraft:carrot":2,"minecraft:dark_oak_planks":2,"minecraft:arrow":5,"cnc:cougar_head":1,"minecraft:mutton":8,"bountiful:bountyboard":1,"minecraft:white_wool":5,"cnc:wendigo_head":1,"minecraft:salmon":1,"minecraft:leather":4,"minecraft:acacia_wood":37,"minecraft:gunpowder":4,"minecraft:cobblestone_wall":2,"minecraft:blue_bed":2,"cnc:whitetail_head":3,"minecraft:cooked_mutton":4,"minecraft:apple":2,"minecraft:kelp":50,"thirst:terracotta_water_bowl":16,"butcher:hook_block":1,"minecraft:acacia_sapling":11,"create:large_water_wheel":6,"minecraft:pumpkin":2,"minecraft:dandelion":1,"minecraft:spruce_sapling":34,"minecraft:white_bed":12,"thirst:terracotta_bowl":3,"minecraft:spruce_log":171,"cnc:rawvenison":9,"minecraft:pumpkin_seeds":1,"immersive_armors:wooden_chestplate":1,"minecraft:warped_roots":2,"spelunkers_charm:rock":3,"minecraft:dark_oak_wood":38,"minecraft:coal":35},"minecraft:killed":{"cnc:wendigo":2,"minecraft:skeleton":18,"antlers:wendigo":4,"minecraft:creeper":10,"cnc:whitetail":6,"minecraft:sheep":10,"minecraft:zombie":6,"minecraft:stray":2,"minecraft:cow":1},"minecraft:mined":{"minecraft:white_bed":11,"create:copper_casing":2,"immersive_weathering:acacia_leaf_pile":23,"wares:delivery_table":1,"create:andesite_casing":4,"minecraft:grass_block":17,"minecraft:spawner":2,"minecraft:sculk_catalyst":1,"minecraft:iron_ore":13,"immersive_weathering:mossy_stone":2,"minecraft:pumpkin":2,"diagonalfences:minecraft/spruce_fence":14,"minecraft:polished_deepslate_slab":2,"minecraft:small_amethyst_bud":1,"minecraft:blue_orchid":8,"minecraft:spruce_slab":1,"bountiful:bountyboard":1,"cozy_home:spruce_mirror_stand":1,"create:cogwheel":3,"immersive_weathering:spruce_leaf_pile":59,"minecraft:clay":21,"minecraft:cobblestone":7,"minecraft:sugar_cane":5,"minecraft:wall_torch":1,"create:large_water_wheel":1,"minecraft:skeleton_skull":1,"minecraft:seagrass":2,"butcher:spitroast":3,"thirst:sand_filter":1,"minecraft:pumpkin_stem":1,"antlers:bloody_pig":1,"minecraft:smooth_stone_slab":19,"butcher:hanging_cow_corpse":1,"minecraft:grass":43,"minecraft:sand":11,"minecraft:dirt":57,"minecraft:stonecutter":1,"antlers:bloody_cow":1,"immersive_weathering:dark_oak_leaf_pile":5,"minecraft:oak_leaves":6,"minecraft:mossy_cobblestone":1,"antlers:bloody_fox":2,"minecraft:cobbled_deepslate_slab":2,"create:large_cogwheel":2,"minecraft:spruce_leaves":13,"minecraft:moss_block":1,"minecraft:large_fern":7,"minecraft:spruce_sapling":5,"minecraft:nether_sprouts":3,"minecraft:acacia_wood":4,"minecraft:andesite":542,"minecraft:stripped_spruce_log":3,"treechop:chopped_log":17,"create:cut_andesite_bricks":2,"goodending:spicy_wildflowers":1,"minecraft:stone":297,"minecraft:crafting_table":3,"cnc:cougar_head":1,"minecraft:cornflower":27,"create:fluid_pipe":3,"realmrpg_skeletons:basic_skeleton":1,"minecraft:warped_roots":3,"immersive_weathering:soot":1,"minecraft:tall_grass":5,"minecraft:copper_ore":4,"butcher:cowcorpse":3,"minecraft:blue_bed":2,"supplementaries:urn":3,"create:water_wheel_structure":5,"minecraft:cobblestone_wall":2,"minecraft:spruce_log":2,"butcher:hook_block":1,"minecraft:coal_ore":35,"minecraft:cobweb":24,"minecraft:polished_andesite":1,"minecraft:spruce_fence_gate":1,"minecraft:stripped_acacia_wood":2,"pots_and_mimics:treasure_pot":1,"minecraft:fern":15},"minecraft:broken":{"minecraft:stone_pickaxe":4,"minecraft:stone_axe":3,"minecraft:iron_sword":1,"minecraft:iron_pickaxe":1}},"DataVersion":3465}