{"stats":{"minecraft:killed":{"minecraft:skeleton":10,"antlers:wendigo":2,"minecraft:creeper":10,"cnc:whitetail":6,"minecraft:sheep":10,"minecraft:zombie":2},"minecraft:broken":{"minecraft:stone_pickaxe":3,"minecraft:stone_axe":1,"minecraft:iron_pickaxe":1},"minecraft:mined":{"minecraft:white_bed":8,"immersive_weathering:acacia_leaf_pile":2,"wares:delivery_table":1,"antlers:bloody_fox":2,"minecraft:cobbled_deepslate_slab":2,"minecraft:grass_block":4,"minecraft:spruce_leaves":13,"minecraft:moss_block":1,"minecraft:spawner":1,"minecraft:large_fern":7,"minecraft:spruce_sapling":5,"minecraft:nether_sprouts":3,"minecraft:iron_ore":8,"minecraft:acacia_wood":3,"minecraft:andesite":482,"minecraft:stripped_spruce_log":2,"minecraft:pumpkin":2,"treechop:chopped_log":13,"diagonalfences:minecraft/spruce_fence":14,"minecraft:polished_deepslate_slab":2,"minecraft:small_amethyst_bud":1,"goodending:spicy_wildflowers":1,"minecraft:blue_orchid":7,"minecraft:stone":140,"bountiful:bountyboard":1,"cozy_home:spruce_mirror_stand":1,"immersive_weathering:spruce_leaf_pile":59,"cnc:cougar_head":1,"minecraft:clay":21,"minecraft:crafting_table":3,"minecraft:cornflower":19,"realmrpg_skeletons:basic_skeleton":1,"minecraft:warped_roots":2,"immersive_weathering:soot":1,"minecraft:tall_grass":5,"minecraft:copper_ore":4,"minecraft:sugar_cane":4,"minecraft:blue_bed":2,"minecraft:skeleton_skull":1,"minecraft:seagrass":2,"minecraft:cobblestone_wall":2,"minecraft:spruce_log":2,"minecraft:pumpkin_stem":1,"antlers:bloody_pig":1,"minecraft:smooth_stone_slab":19,"minecraft:grass":33,"minecraft:coal_ore":35,"minecraft:cobweb":24,"minecraft:spruce_fence_gate":1,"minecraft:polished_andesite":1,"antlers:bloody_cow":1,"minecraft:oak_leaves":6,"immersive_weathering:dark_oak_leaf_pile":5,"minecraft:fern":11},"minecraft:picked_up":{"minecraft:crafting_table":2,"quark:vertical_spruce_planks":1,"minecraft:wheat":1,"minecraft:chicken":1,"minecraft:clay_ball":85,"minecraft:lead":5,"minecraft:cornflower":23,"minecraft:string":23,"minecraft:raw_copper":11,"shieldexp:wooden_shield":1,"minecraft:smooth_stone_slab":68,"minecraft:blue_orchid":7,"minecraft:sugar_cane":6,"minecraft:dark_oak_sapling":5,"minecraft:raw_iron":8,"minecraft:stick":63,"minecraft:polished_deepslate_slab":1,"minecraft:spruce_fence":14,"createloveandwar:raw_sulphur":3,"minecraft:carrot":2,"minecraft:dark_oak_planks":2,"cnc:cougar_head":1,"minecraft:arrow":3,"minecraft:rotten_flesh":8,"wares:sealed_delivery_agreement":2,"bountiful:bountyboard":1,"minecraft:mutton":8,"minecraft:white_wool":5,"minecraft:cobblestone":218,"minecraft:feather":3,"cozy_home:spruce_mirror_stand":1,"minecraft:andesite":473,"minecraft:leather":4,"minecraft:acacia_wood":3,"minecraft:dirt":6,"minecraft:cobblestone_wall":2,"minecraft:gunpowder":4,"cnc:whitetail_head":3,"minecraft:blue_bed":2,"antlers:tomahawkitem":1,"minecraft:lantern":2,"minecraft:cooked_mutton":4,"minecraft:bone":7,"minecraft:apple":2,"minecraft:wheat_seeds":5,"minecraft:cobbled_deepslate_slab":1,"thirst:terracotta_water_bowl":10,"minecraft:acacia_sapling":2,"minecraft:pumpkin":2,"goodending:spicy_wildflowers":1,"minecraft:dandelion":1,"minecraft:stripped_spruce_log":76,"minecraft:spruce_sapling":34,"minecraft:white_bed":9,"minecraft:spruce_log":171,"minecraft:lily_of_the_valley":3,"minecraft:dark_oak_log":14,"minecraft:spruce_fence_gate":1,"minecraft:polished_andesite":3,"cnc:rawvenison":9,"minecraft:pumpkin_seeds":1,"minecraft:spruce_boat":1,"wares:delivery_table":1,"knightquest:small_essence":11,"minecraft:warped_roots":1,"minecraft:oak_sapling":1,"minecraft:dark_oak_wood":38,"minecraft:coal":35},"minecraft:killed_by":{"cnc:wendigo":1,"minecraft:zombie":1,"antlers:wendigo":2,"antlers:wendigomad":3},"minecraft:custom":{"minecraft:mob_kills":21,"minecraft:interact_with_crafting_table":59,"minecraft:open_barrel":8,"minecraft:interact_with_campfire":8,"minecraft:leave_game":2,"minecraft:time_since_death":137,"minecraft:climb_one_cm":507,"minecraft:sprint_one_cm":500982,"minecraft:walk_one_cm":712782,"minecraft:drop":57,"minecraft:talked_to_villager":3,"minecraft:play_time":219000,"minecraft:deaths":11,"minecraft:sneak_time":2130,"minecraft:walk_under_water_one_cm":23815,"minecraft:boat_one_cm":123876,"minecraft:jump":2342,"minecraft:walk_on_water_one_cm":33205,"minecraft:total_world_time":219000,"minecraft:interact_with_furnace":80,"minecraft:sleep_in_bed":25,"minecraft:time_since_rest":164,"minecraft:damage_taken":2178,"minecraft:damage_dealt":9948,"minecraft:swim_one_cm":69393,"minecraft:fly_one_cm":428603,"minecraft:open_chest":97,"minecraft:crouch_one_cm":3620,"wares:interact_with_delivery_table":2,"minecraft:interact_with_smoker":2,"minecraft:fall_one_cm":45124},"minecraft:used":{"minecraft:stone_sword":36,"farmersdelight:stove":1,"minecraft:stone":4,"minecraft:iron_sword":206,"cozy_home:spruce_mirror_stand":1,"minecraft:torch":28,"minecraft:cobblestone_wall":2,"minecraft:spruce_fence":107,"minecraft:stripped_spruce_log":5,"cold_sweat:hearth":1,"quark:spruce_chest":14,"minecraft:iron_boots":1,"farmersdelight:cutting_board":1,"minecraft:acacia_wood":3,"cnc:cougar_head":1,"minecraft:dark_oak_sapling":4,"minecraft:cooked_mutton":4,"luckys_armory:heavy_iron_armor_helmet":1,"minecraft:polished_andesite":2,"minecraft:stone_pickaxe":453,"minecraft:wooden_pickaxe":3,"cnc:whitetail_head":3,"minecraft:spruce_fence_gate":2,"minecraft:blue_bed":2,"minecraft:crafting_table":4,"minecraft:white_bed":11,"minecraft:spruce_log":2,"thirst:terracotta_water_bowl":10,"minecraft:iron_pickaxe":249,"minecraft:spruce_sapling":17,"minecraft:stone_axe":216,"bountiful:bountyboard":1,"minecraft:cobblestone":2,"wares:delivery_table":1,"minecraft:cooked_porkchop":9,"minecraft:andesite":7,"minecraft:smooth_stone_slab":112,"minecraft:bone_meal":4,"minecraft:cobweb":14},"minecraft:crafted":{"minecraft:brick":59,"minecraft:smooth_stone":53,"minecraft:smooth_stone_slab":102,"minecraft:spyglass":2,"minecraft:stone":57,"minecraft:bone_meal":39,"minecraft:spruce_fence":93,"minecraft:iron_boots":1,"minecraft:stone_pickaxe":5,"minecraft:cobblestone_wall":30,"minecraft:bricks":10,"quark:spruce_chest":16,"farmersdelight:stove":1,"minecraft:crafting_table":2,"minecraft:spruce_planks":284,"minecraft:wooden_pickaxe":1,"minecraft:copper_ingot":4,"minecraft:campfire":1,"minecraft:stone_axe":2,"minecraft:air":0,"quark:vertical_spruce_planks":3,"cold_sweat:hearth":1,"farmersdelight:cutting_board":1,"luckys_armory:heavy_iron_armor_helmet":1,"minecraft:white_wool":1,"minecraft:charcoal":1,"minecraft:stick":44,"minecraft:iron_ingot":6,"minecraft:stone_sword":1,"minecraft:iron_leggings":1,"minecraft:white_bed":2,"minecraft:acacia_planks":8,"minecraft:spruce_fence_gate":1,"minecraft:torch":28,"minecraft:polished_andesite":64},"minecraft:dropped":{"minecraft:stripped_spruce_log":37,"minecraft:acacia_wood":12,"minecraft:wheat_seeds":5,"wares:cardboard_box":1,"minecraft:lead":1,"minecraft:cobblestone":149,"minecraft:lantern":1,"quark:spruce_chest":2,"minecraft:polished_andesite":65,"minecraft:dirt":4,"minecraft:dark_oak_log":2,"quark:vertical_spruce_planks":4,"minecraft:cornflower":20,"wares:sealed_delivery_agreement":2,"minecraft:spruce_sapling":16,"minecraft:dandelion":1,"minecraft:spyglass":1,"minecraft:cobblestone_wall":30,"minecraft:smooth_stone_slab":48,"minecraft:clay_ball":8,"minecraft:glass_pane":1,"minecraft:andesite":400,"minecraft:spruce_log":56,"minecraft:glass":2,"minecraft:wooden_pickaxe":1}},"DataVersion":3465}