{"stats":{"minecraft:killed_by":{"cnc:wolverine":1,"antlers:wendigo":1},"minecraft:mined":{"minecraft:spruce_trapdoor":1,"immersive_weathering:birch_leaf_pile":11,"minecraft:grass_block":11,"minecraft:spruce_leaves":2,"minecraft:large_fern":1,"minecraft:furnace":1,"minecraft:nether_sprouts":1,"minecraft:iron_ore":13,"minecraft:andesite":48,"treechop:chopped_log":4,"minecraft:peony":3,"minecraft:stone":83,"immersive_weathering:oak_leaf_pile":9,"minecraft:red_bed":6,"immersive_weathering:spruce_leaf_pile":1,"minecraft:clay":3,"createloveandwar:sulphur_ore":8,"minecraft:calcite":12,"minecraft:white_stained_glass_pane":1,"minecraft:copper_ore":1,"minecraft:tall_grass":8,"minecraft:cobblestone":5,"supplementaries:urn":3,"minecraft:birch_planks":1,"spelunkers_charm:rock_pile_3":1,"antlers:sheep_corpse":2,"minecraft:sweet_berry_bush":2,"minecraft:birch_trapdoor":1,"minecraft:birch_leaves":4,"minecraft:grass":24,"minecraft:dirt":9,"minecraft:cobweb":14,"pots_and_mimics:treasure_pot":2,"minecraft:granite_wall":1},"minecraft:dropped":{"butchersdelight:dead_cow":6,"theft:glove":1,"minecraft:red_carpet":1,"minecraft:red_bed":4,"beansbackpacks:backpack":1,"minecraft:string":8,"butchersdelight:cow_hide":6,"immersive_armors:heavy_leggings":1,"minecraft:bowl":4,"minecraft:birch_sapling":4,"minecraft:clay_ball":40,"thirst:terracotta_water_bowl":2,"butcher:raw_sirloin_steak":1,"minecraft:oak_sapling":3,"minecraft:wooden_pickaxe":1,"firstaid:plaster":2},"minecraft:broken":{"minecraft:stone_pickaxe":1},"minecraft:picked_up":{"minecraft:clay_ball":12,"minecraft:wooden_pickaxe":1,"firstaid:morphine":2,"minecraft:string":22,"minecraft:red_bed":10,"butchersdelight:dead_cow":6,"minecraft:candle":1,"minecraft:calcite":12,"minecraft:birch_sapling":8,"minecraft:spruce_trapdoor":1,"minecraft:furnace":1,"minecraft:stick":8,"minecraft:raw_iron":13,"minecraft:stripped_mangrove_wood":2,"minecraft:birch_trapdoor":1,"minecraft:bowl":4,"createloveandwar:raw_sulphur":27,"minecraft:rotten_flesh":4,"minecraft:peony":2,"minecraft:mangrove_roots":2,"supplementaries:ash":2,"minecraft:cobblestone":67,"minecraft:birch_log":12,"minecraft:andesite":43,"minecraft:leather":21,"immersive_weathering:enchanted_golden_moss_clump":1,"minecraft:birch_planks":1,"minecraft:oak_log":13,"farmersdelight:cooked_bacon":6,"supplementaries:flax_seeds":5,"minecraft:nether_wart_block":1,"butcher:pork_belly":2,"createloveandwar:em2blueprint":1,"minecraft:dirt":18,"antlers:tomahawkitem":16,"knightquest:lizzy_scale":1,"theft:glove":1,"minecraft:red_carpet":1,"minecraft:granite_wall":1,"minecraft:wheat_seeds":2,"thirst:terracotta_water_bowl":6,"firstaid:plaster":5,"cnc:giant_boar_head":1,"minecraft:sweet_berries":4,"minecraft:red_wool":2,"minecraft:dripstone_block":2,"butchersdelight:cow_hide":7,"minecraft:mud_brick_wall":1,"minecraft:spruce_door":1,"minecraft:mangrove_wood":8,"minecraft:stripped_jungle_wood":2,"knightquest:small_essence":9,"minecraft:emerald":5,"butcher:batmeat":2,"minecraft:oak_sapling":15,"minecraft:netherrack":3,"spelunkers_charm:rock":3,"minecraft:coal":2},"minecraft:killed":{"minecraft:pillager":2,"minecraft:zombie":6,"minecraft:cow":6},"minecraft:used":{"minecraft:stone_sword":23,"butcher:sirloin_steak":1,"minecraft:stone_shovel":20,"minecraft:iron_sword":41,"minecraft:stripped_jungle_wood":1,"minecraft:iron_chestplate":1,"minecraft:torch":8,"minecraft:dirt":14,"minecraft:obsidian":5,"minecraft:red_wool":2,"minecraft:birch_trapdoor":3,"minecraft:mangrove_roots":2,"minecraft:furnace":3,"minecraft:granite_wall":1,"beansbackpacks:backpack":1,"minecraft:calcite":1,"cnc:giant_boar_head":1,"minecraft:mangrove_wood":8,"minecraft:birch_planks":8,"minecraft:stone_pickaxe":164,"minecraft:oak_planks":16,"minecraft:wooden_pickaxe":12,"minecraft:stripped_mangrove_wood":1,"minecraft:red_bed":6,"minecraft:dripstone_block":2,"thirst:terracotta_water_bowl":7,"minecraft:oak_log":3,"minecraft:apple":2,"minecraft:bread":3,"minecraft:iron_pickaxe":6,"minecraft:stone_axe":18,"farmersdelight:cooked_bacon":2,"minecraft:cobblestone":32,"minecraft:mud_brick_wall":1,"minecraft:chainmail_boots":1,"minecraft:cooked_porkchop":1,"minecraft:andesite":8,"butchersdelight:rack":1,"minecraft:candle":1,"minecraft:chainmail_leggings":1},"minecraft:crafted":{"minecraft:oak_planks":16,"minecraft:stone_shovel":1,"luckys_armory:heavy_iron_armor_leggings":1,"minecraft:iron_nugget":9,"thirst:clay_bowl":12,"butcher:sirloin_steak":1,"minecraft:furnace":2,"luckys_armory:heavy_iron_armor_boots":1,"butchersdelight:rack":1,"minecraft:lantern":1,"minecraft:iron_boots":1,"minecraft:stone_pickaxe":2,"minecraft:wooden_pickaxe":1,"minecraft:birch_planks":48,"luckys_armory:heavy_iron_armor_chestplate":1,"minecraft:stone_axe":1,"minecraft:air":0,"luckys_armory:heavy_iron_armor_helmet":1,"minecraft:charcoal":6,"minecraft:stick":12,"shieldexp:wooden_shield":1,"minecraft:iron_ingot":15,"minecraft:iron_pickaxe":1,"minecraft:birch_trapdoor":2,"minecraft:stone_sword":1,"minecraft:iron_leggings":1,"butcher:butchers_knife":1,"minecraft:torch":12,"beansbackpacks:backpack":2,"thirst:terracotta_bowl":5},"minecraft:custom":{"minecraft:mob_kills":7,"minecraft:interact_with_crafting_table":32,"minecraft:open_barrel":36,"minecraft:interact_with_campfire":8,"minecraft:leave_game":7,"minecraft:time_since_death":0,"minecraft:climb_one_cm":4421,"minecraft:sprint_one_cm":185296,"minecraft:walk_one_cm":356930,"minecraft:drop":26,"minecraft:talked_to_villager":3,"minecraft:play_time":115738,"minecraft:deaths":2,"minecraft:sneak_time":1377,"minecraft:walk_under_water_one_cm":3669,"minecraft:jump":1112,"minecraft:walk_on_water_one_cm":8396,"minecraft:total_world_time":115738,"minecraft:interact_with_furnace":30,"minecraft:sleep_in_bed":5,"minecraft:time_since_rest":1802,"minecraft:damage_taken":647,"minecraft:damage_dealt":2016,"minecraft:swim_one_cm":12050,"minecraft:fly_one_cm":146446,"minecraft:open_chest":44,"minecraft:crouch_one_cm":1760,"minecraft:fall_one_cm":19567,"minecraft:interact_with_smoker":6}},"DataVersion":3465}