{"stats":{"minecraft:killed_by":{"minecraft:zombie":1,"antlers:wendigomad":2},"minecraft:dropped":{"minecraft:stripped_spruce_log":36,"minecraft:spyglass":1,"minecraft:wheat_seeds":2,"minecraft:cobblestone":85,"minecraft:clay_ball":8,"minecraft:lantern":1,"minecraft:polished_andesite":65,"minecraft:cornflower":4,"minecraft:andesite":334,"minecraft:spruce_log":56,"minecraft:wooden_pickaxe":1,"minecraft:dandelion":1},"minecraft:picked_up":{"minecraft:crafting_table":2,"minecraft:wheat":1,"minecraft:feather":3,"minecraft:chicken":1,"minecraft:clay_ball":17,"minecraft:andesite":398,"minecraft:leather":1,"minecraft:lead":1,"minecraft:acacia_wood":3,"minecraft:gunpowder":2,"cnc:whitetail_head":3,"minecraft:cornflower":5,"minecraft:string":23,"minecraft:blue_bed":2,"minecraft:lantern":2,"antlers:tomahawkitem":1,"minecraft:raw_copper":11,"shieldexp:wooden_shield":1,"minecraft:cooked_mutton":4,"minecraft:bone":5,"minecraft:blue_orchid":2,"minecraft:apple":2,"minecraft:wheat_seeds":2,"minecraft:cobbled_deepslate_slab":1,"thirst:terracotta_water_bowl":10,"minecraft:sugar_cane":6,"minecraft:acacia_sapling":2,"minecraft:dark_oak_sapling":5,"minecraft:raw_iron":2,"minecraft:stick":50,"minecraft:polished_deepslate_slab":1,"minecraft:pumpkin":2,"minecraft:dandelion":1,"createloveandwar:raw_sulphur":2,"minecraft:spruce_sapling":18,"minecraft:stripped_spruce_log":74,"minecraft:carrot":2,"minecraft:lily_of_the_valley":3,"minecraft:white_bed":5,"minecraft:spruce_log":69,"minecraft:dark_oak_log":12,"minecraft:polished_andesite":2,"minecraft:pumpkin_seeds":1,"minecraft:arrow":2,"cnc:rawvenison":9,"minecraft:rotten_flesh":8,"knightquest:small_essence":7,"minecraft:dark_oak_wood":38,"minecraft:mutton":8,"minecraft:coal":30,"minecraft:white_wool":5,"minecraft:cobblestone":102},"minecraft:killed":{"minecraft:creeper":6,"cnc:whitetail":6,"minecraft:sheep":10,"minecraft:skeleton":6,"minecraft:zombie":2},"minecraft:used":{"minecraft:cooked_mutton":4,"minecraft:stone_sword":36,"luckys_armory:heavy_iron_armor_helmet":1,"minecraft:polished_andesite":1,"minecraft:stone_pickaxe":303,"minecraft:wooden_pickaxe":3,"minecraft:iron_sword":103,"minecraft:blue_bed":2,"minecraft:torch":6,"minecraft:crafting_table":3,"minecraft:white_bed":7,"minecraft:stripped_spruce_log":5,"thirst:terracotta_water_bowl":6,"quark:spruce_chest":4,"minecraft:iron_pickaxe":249,"minecraft:iron_boots":1,"minecraft:spruce_sapling":17,"minecraft:stone_axe":156,"minecraft:cooked_porkchop":3,"minecraft:acacia_wood":3,"minecraft:bone_meal":4,"minecraft:cobweb":14},"minecraft:crafted":{"minecraft:crafting_table":1,"minecraft:spyglass":2,"minecraft:spruce_planks":20,"minecraft:wooden_pickaxe":1,"minecraft:copper_ingot":4,"minecraft:bone_meal":39,"minecraft:stone_axe":1,"minecraft:air":0,"luckys_armory:heavy_iron_armor_helmet":1,"minecraft:white_wool":1,"minecraft:iron_boots":1,"minecraft:stick":4,"minecraft:stone_pickaxe":3,"minecraft:stone_sword":1,"minecraft:iron_leggings":1,"minecraft:white_bed":2,"minecraft:acacia_planks":8,"quark:spruce_chest":4,"minecraft:torch":28,"minecraft:polished_andesite":64},"minecraft:broken":{"minecraft:stone_pickaxe":2,"minecraft:iron_pickaxe":1},"minecraft:custom":{"minecraft:interact_with_furnace":14,"minecraft:mob_kills":16,"minecraft:interact_with_crafting_table":21,"minecraft:open_barrel":8,"minecraft:interact_with_campfire":8,"minecraft:leave_game":1,"minecraft:time_since_death":2224,"minecraft:sleep_in_bed":14,"minecraft:climb_one_cm":507,"minecraft:time_since_rest":669,"minecraft:sprint_one_cm":271882,"minecraft:damage_taken":718,"minecraft:walk_one_cm":394149,"minecraft:drop":30,"minecraft:damage_dealt":4750,"minecraft:swim_one_cm":50396,"minecraft:talked_to_villager":1,"minecraft:fly_one_cm":255926,"minecraft:open_chest":38,"minecraft:crouch_one_cm":1337,"minecraft:play_time":105585,"minecraft:deaths":4,"minecraft:sneak_time":666,"minecraft:walk_under_water_one_cm":12623,"minecraft:boat_one_cm":28948,"minecraft:jump":1333,"minecraft:walk_on_water_one_cm":24957,"minecraft:interact_with_smoker":2,"minecraft:total_world_time":105585,"minecraft:fall_one_cm":24637},"minecraft:mined":{"minecraft:white_bed":4,"immersive_weathering:acacia_leaf_pile":1,"immersive_weathering:spruce_leaf_pile":44,"antlers:bloody_fox":2,"minecraft:clay":1,"minecraft:crafting_table":2,"minecraft:cornflower":1,"minecraft:cobbled_deepslate_slab":2,"realmrpg_skeletons:basic_skeleton":1,"immersive_weathering:soot":1,"minecraft:tall_grass":5,"minecraft:copper_ore":4,"minecraft:spruce_leaves":13,"minecraft:sugar_cane":4,"minecraft:moss_block":1,"minecraft:blue_bed":2,"minecraft:spawner":1,"minecraft:large_fern":7,"minecraft:skeleton_skull":1,"minecraft:spruce_sapling":1,"minecraft:nether_sprouts":1,"minecraft:iron_ore":2,"minecraft:acacia_wood":3,"minecraft:andesite":406,"minecraft:pumpkin_stem":1,"minecraft:pumpkin":2,"treechop:chopped_log":11,"antlers:bloody_pig":1,"minecraft:grass":23,"minecraft:coal_ore":30,"minecraft:polished_deepslate_slab":2,"minecraft:cobweb":24,"minecraft:blue_orchid":1,"minecraft:stone":100,"antlers:bloody_cow":1,"immersive_weathering:dark_oak_leaf_pile":5,"minecraft:fern":3}},"DataVersion":3465}