{"stats":{"minecraft:custom":{"minecraft:interact_with_crafting_table":359,"minecraft:open_barrel":55,"minecraft:leave_game":26,"minecraft:time_since_death":36814,"minecraft:damage_blocked_by_shield":390,"minecraft:play_time":2383269,"minecraft:deaths":118,"minecraft:jump":18302,"minecraft:interact_with_furnace":227,"minecraft:sleep_in_bed":165,"tombstone:sneak_grave":2,"minecraft:damage_dealt":88966,"tombstone:undead_killed":271,"wares:interact_with_delivery_table":6,"minecraft:interact_with_smoker":5,"minecraft:use_cauldron":15,"minecraft:inspect_dispenser":2,"minecraft:interact_with_anvil":5,"minecraft:sneak_time":70208,"minecraft:total_world_time":2383269,"tombstone:raider_killed":2,"minecraft:interact_with_stonecutter":3,"minecraft:time_since_rest":7464,"tombstone:cast_on_ally":2,"minecraft:swim_one_cm":747165,"minecraft:fly_one_cm":3031495,"minecraft:open_chest":1413,"minecraft:fall_one_cm":347610,"minecraft:damage_resisted":52,"minecraft:sprint_one_cm":4387133,"minecraft:drop":699,"minecraft:play_noteblock":3,"minecraft:talked_to_villager":10,"minecraft:interact_with_brewingstand":1,"minecraft:walk_on_water_one_cm":290310,"minecraft:player_kills":6,"minecraft:crouch_one_cm":105789,"minecraft:mob_kills":599,"minecraft:fill_cauldron":2,"minecraft:interact_with_campfire":8,"minecraft:damage_dealt_resisted":0,"minecraft:climb_one_cm":228537,"minecraft:walk_one_cm":6565219,"minecraft:walk_under_water_one_cm":356693,"minecraft:boat_one_cm":1050996,"minecraft:pot_flower":1,"minecraft:damage_taken":27076},"minecraft:broken":{"immersive_armors:wooden_leggings":1,"minecraft:iron_chestplate":1,"minecraft:iron_leggings":2,"minecraft:iron_sword":1,"minecraft:bow":1,"minecraft:stone_sword":1,"minecraft:iron_pickaxe":4,"minecraft:iron_helmet":1,"minecraft:golden_leggings":1,"minecraft:stone_pickaxe":5,"minecraft:stone_axe":5,"minecraft:leather_chestplate":1,"immersive_armors:steampunk_helmet":1,"create:sand_paper":2},"minecraft:dropped":{"minecraft:acacia_wood":59,"minecraft:clay":2,"minecraft:iron_sword":1,"minecraft:lapis_lazuli":4,"minecraft:glass_bottle":2,"minecraft:diamond":6,"farmersdelight:cabbage_leaf":3,"createloveandwar:cigarette":1,"minecraft:pitcher_pod":3,"minecraft:orange_tulip":13,"minecraft:glow_berries":12,"minecraft:warped_roots":6,"create:cogwheel":3,"minecraft:cracked_stone_bricks":7,"minecraft:rail":11,"minecraft:dirt":126,"immersive_weathering:cozy_home/spruce_bark":2,"firstaid:bandage":3,"quark:dark_oak_vertical_slab":47,"miners_delight:gossypium":2,"minecraft:dark_oak_trapdoor":1,"wares:sealed_delivery_agreement":2,"minecraft:bone_meal":3,"minecraft:sand":11,"minecraft:iron_pickaxe":1,"beansbackpacks:backpack":23,"minecraft:dark_oak_planks":2,"minecraft:cyan_carpet":2,"minecraft:bone":175,"minecraft:sugar_cane":3,"minecraft:lever":1,"minecraft:iron_nugget":8,"minecraft:golden_chestplate":2,"minecraft:detector_rail":12,"minecraft:cobbled_deepslate":34,"minecraft:nether_brick":1,"minecraft:wheat":14,"create_sa:slime_helmet":2,"minecraft:rotten_flesh":188,"minecraft:oak_planks":7,"shutter:spruce_shutter":1,"minecraft:glowstone_dust":27,"minecraft:salmon":1,"treasure2:silver_coin":1,"supplementaries:flax_seeds":2,"minecraft:tipped_arrow":6,"minecraft:leather_boots":1,"luckys_armory:heavy_golden_armor_chestplate":1,"minecraft:acacia_sapling":22,"minecraft:spruce_slab":9,"minecraft:leather_leggings":2,"farmersdelight:rope":10,"minecraft:glass":4,"minecraft:warped_wart_block":1,"luckys_armory:heavy_golden_armor_open_helmet":1,"minecraft:stone_brick_stairs":1,"farmersdelight:tomato_seeds":4,"minecraft:enchanted_book":1,"minecraft:iron_ingot":49,"minecraft:golden_boots":3,"tombstone:scroll_of_feather_fall":1,"minecraft:wheat_seeds":49,"create:polished_rose_quartz":1,"minecraft:polished_blackstone":64,"minecraft:golden_horse_armor":1,"minecraft:horn_coral_block":1,"minecraft:cobblestone":1248,"minecraft:iron_helmet":1,"minecraft:apple":8,"quark:spruce_chest":2,"endrem:lost_eye":1,"minecraft:coal":48,"minecraft:golden_apple":1,"minecraft:polished_andesite":65,"quark:vertical_spruce_planks":4,"createloveandwar:robot_dog_bubblegum_skin":8,"beansbackpacks:metal_backpack":8,"minecraft:diamond_helmet":1,"minecraft:spruce_sapling":26,"minecraft:pink_tulip":1,"minecraft:oak_stairs":4,"minecraft:acacia_planks":32,"thirst:terracotta_bowl":6,"minecraft:string":28,"create:raw_zinc":18,"minecraft:polished_deepslate_wall":2,"minecraft:moss_carpet":9,"minecraft:cobblestone_wall":30,"minecraft:smooth_stone_slab":48,"minecraft:bowl":3,"create_sa:slime_boots":2,"minecraft:clay_ball":11,"minecraft:iron_boots":1,"luckys_armory:heavy_golden_armor_boots":1,"minecraft:name_tag":1,"minecraft:shears":1,"minecraft:pumpkin_seeds":7,"minecraft:light_blue_dye":8,"minecraft:diamond_sword":2,"minecraft:potato":1,"minecraft:spruce_trapdoor":6,"minecraft:bundle":1,"create:zinc_ingot":62,"minecraft:diamond_pickaxe":1,"minecraft:stone_pressure_plate":3,"minecraft:stone_bricks":5,"minecraft:spider_eye":4,"knightquest:small_essence":89,"minecraft:sandstone":5,"minecraft:blue_orchid":33,"minecraft:bow":1,"minecraft:magma_block":2,"farmersdelight:tomato":2,"minecraft:soul_sand":5,"minecraft:brown_mushroom":7,"minecraft:diamond_axe":5,"minecraft:orange_dye":26,"minecraft:oak_log":1,"minecraft:baked_potato":28,"minecraft:dark_oak_sapling":7,"minecraft:lantern":1,"minecraft:leather":12,"farmersdelight:rice":4,"minecraft:flint":2,"minecraft:dark_oak_log":4,"minecraft:cornflower":91,"immersive_armors:wooden_leggings":2,"create:framed_glass_door":1,"immersive_armors:wooden_chestplate":2,"minecraft:acacia_door":1,"minecraft:gold_ingot":59,"minecraft:gravel":12,"minecraft:cauldron":1,"minecraft:blackstone":58,"minecraft:spyglass":1,"minecraft:twisting_vines":3,"treasure2:gold_coin":1,"immersive_armors:steampunk_leggings":1,"minecraft:cherry_sapling":1,"minecraft:beetroot":2,"create:cut_andesite_bricks":6,"minecraft:chainmail_chestplate":1,"minecraft:leather_chestplate":3,"supplementaries:ash":20,"minecraft:gunpowder":10,"minecraft:azalea":1,"minecraft:beetroot_seeds":20,"minecraft:melon_seeds":26,"minecraft:chainmail_boots":2,"create:andesite_pillar":3,"minecraft:iron_ore":2,"minecraft:arrow":33,"minecraft:iron_bars":23,"minecraft:powered_rail":1,"minecraft:scaffolding":2,"minecraft:netherrack":2,"immersive_weathering:soot":19,"createloveandwar:raw_sulphur":11,"minecraft:bread":2,"minecraft:stripped_spruce_log":37,"butcher:skinning_knife":1,"create:cut_andesite_brick_wall":2,"minecraft:golden_helmet":3,"theft:glove":1,"minecraft:mossy_cobblestone":15,"minecraft:smithing_table":1,"wares:cardboard_box":1,"butcher:butchers_knife":2,"minecraft:golden_axe":1,"minecraft:amethyst_block":1,"minecraft:lead":1,"farmersdelight:tree_bark":34,"minecraft:copper_ingot":119,"spelunkers_charm:old_miners_bundle":2,"minecraft:spruce_stairs":2,"minecraft:stick":40,"minecraft:blue_dye":6,"minecraft:diorite":9,"minecraft:torch":36,"tombstone:grave_dust":4,"minecraft:iron_leggings":3,"luckys_armory:heavy_golden_armor_leggings":1,"minecraft:polished_andesite_stairs":1,"minecraft:flowering_azalea":1,"minecraft:stonecutter":1,"minecraft:cactus":2,"minecraft:bucket":1,"minecraft:dandelion":1,"minecraft:smooth_basalt":14,"minecraft:redstone":27,"minecraft:kelp":65,"immersive_weathering:acacia_bark":7,"minecraft:coarse_dirt":1,"minecraft:raw_copper":284,"minecraft:raw_iron":150,"minecraft:tuff":37,"create:encased_chain_drive":1,"supplementaries:bomb":1,"farmersdelight:cabbage_seeds":12,"minecraft:light_gray_wool":1,"thirst:terracotta_water_bowl":16,"quark:light_blue_shard":2,"minecraft:glass_pane":1,"minecraft:shield":4,"minecraft:iron_chestplate":3,"minecraft:andesite":501,"minecraft:mossy_stone_bricks":12,"minecraft:oak_sapling":1,"minecraft:diamond_boots":1,"minecraft:slime_ball":256,"minecraft:spruce_log":63,"minecraft:stone_pickaxe":1,"firstaid:plaster":8,"createloveandwar:stg57blueprint":1,"minecraft:wooden_pickaxe":1,"minecraft:raw_gold":169,"minecraft:calcite":85,"immersive_armors:wooden_helmet":1},"minecraft:killed_by":{"cnc:wendigo":5,"gore:zombie_without_mouth_and_arm":1,"minecraft:zombie":19,"minecraft:stray":3,"minecraft:slime":4,"minecraft:warden":1,"cave_dweller:cave_dweller":2,"minecraft:drowned":4,"graveyard:skeleton_creeper":1,"minecraft:cave_spider":3,"minecraft:blaze":1,"graveyard:wraith":2,"minecraft:player":3,"minecraft:spider":2,"minecraft:skeleton":18},"minecraft:crafted":{"copperntraps:undeployed":2,"minecraft:smooth_stone":53,"gateways:gate_pearl":3,"minecraft:chain":9,"minecraft:lever":1,"cold_sweat:icebox":1,"immersive_armors:steampunk_chestplate":1,"immersive_armors:steampunk_leggings":2,"minecraft:iron_bars":16,"butcher:sponge":4,"shutter:spruce_shutter":76,"create:vertical_gearbox":8,"quark:dark_oak_vertical_slab":132,"minecraft:glass":25,"create:andesite_funnel":2,"create:mechanical_press":1,"minecraft:polished_blackstone":260,"minecraft:stone_pressure_plate":1,"minecraft:decorated_pot":1,"blocky_siege:reinforced_spruce_door":1,"minecraft:dried_kelp_block":2,"create:cogwheel":119,"create:nozzle":3,"create:mechanical_plough":1,"minecraft:glass_bottle":21,"minecraft:furnace_minecart":9,"knightquest:great_essence":138,"create:rose_quartz":3,"minecraft:soul_campfire":1,"minecraft:diamond_axe":1,"minecraft:acacia_slab":72,"minecraft:spruce_door":3,"supplementaries:cage":1,"minecraft:clock":3,"minecraft:copper_ingot":4,"minecraft:campfire":1,"create:encased_chain_drive":15,"create:redstone_link":8,"create:mechanical_mixer":1,"cold_sweat:hearth":2,"create:gearbox":14,"create:encased_fan":3,"minecraft:golden_leggings":1,"minecraft:compass":3,"minecraft:iron_pickaxe":2,"minecraft:iron_block":4,"minecraft:acacia_door":3,"minecraft:gold_ingot":32,"create:large_cogwheel":16,"knightquest:small_essence":256,"create:propeller":4,"create:elevator_pulley":1,"minecraft:spruce_fence_gate":1,"minecraft:polished_blackstone_bricks":28,"minecraft:smooth_stone_slab":102,"create:wrench":1,"minecraft:iron_nugget":639,"minecraft:spyglass":2,"create:white_sail":32,"storagedrawers:dark_oak_full_drawers_1":4,"knightquest:great_chalice":1,"minecraft:bone_meal":147,"minecraft:spruce_fence":93,"create:contraption_controls":1,"thirst:sand_filter":3,"create_sa:slime_helmet":1,"minecraft:spruce_slab":216,"minecraft:stone_pickaxe":6,"minecraft:redstone_block":1,"create:electron_tube":3,"quark:spruce_chest":28,"minecraft:dark_oak_planks":244,"create:belt_connector":8,"minecraft:golden_helmet":1,"create:windmill_bearing":1,"minecraft:coal_block":19,"create:andesite_door":2,"minecraft:dried_kelp":46,"create:dough":2,"minecraft:acacia_trapdoor":12,"create:goggles":1,"create:redstone_contact":8,"minecraft:dark_oak_button":1,"cozy_home:spruce_grandfather_clock":1,"minecraft:deepslate_tiles":160,"minecraft:white_stained_glass":8,"quark:vertical_spruce_planks":3,"butcher:hook":6,"create:blaze_burner":1,"minecraft:iron_leggings":1,"minecraft:white_bed":2,"create:shaft":232,"minecraft:cherry_hanging_sign":6,"minecraft:brick":59,"create:brass_door":2,"minecraft:cobblestone_slab":6,"minecraft:barrel":50,"weather2:weather_item":5,"create:display_link":1,"beansbackpacks:metal_backpack":2,"minecraft:stone":93,"tombstone:decorative_tombstone":1,"minecraft:heavy_weighted_pressure_plate":2,"create:deployer":2,"quark:acacia_ladder":12,"minecraft:dark_oak_door":3,"minecraft:hopper":1,"create:rope_pulley":1,"minecraft:bow":3,"minecraft:iron_boots":1,"create:cart_assembler":1,"create_sa:slime_boots":1,"create:spout":2,"minecraft:copper_block":1,"create:cuckoo_clock":1,"minecraft:rail":16,"minecraft:bricks":20,"minecraft:stone_bricks":8,"treasure2:wither_key":1,"extractinator:extractinator":1,"treasure2:thiefs_lock_pick":2,"create:brass_hand":2,"minecraft:golden_boots":1,"minecraft:smoker":3,"farmersdelight:stove":1,"luckys_armory:heavy_golden_armor_boots":1,"treasure2:treasure_tool":1,"create:depot":6,"minecraft:acacia_wood":36,"minecraft:cauldron":16,"minecraft:crafting_table":5,"minecraft:spruce_planks":856,"create:fluid_pipe":36,"minecraft:wooden_pickaxe":1,"butcher:skinning_knife":1,"create:sand_paper":8,"immersive_armors:steampunk_boots":1,"treasure2:wither_planks":5,"immersive_armors:steampunk_helmet":1,"farmersdelight:cutting_board":1,"luckys_armory:heavy_iron_armor_helmet":1,"minecraft:spruce_trapdoor":8,"minecraft:dark_oak_slab":132,"minecraft:string":252,"minecraft:book":4,"minecraft:paper":36,"minecraft:charcoal":7,"minecraft:diamond_pickaxe":1,"create:water_wheel":2,"create:framed_glass_trapdoor":13,"create:super_glue":1,"minecraft:stick":112,"create:mechanical_pump":7,"minecraft:iron_ingot":260,"minecraft:stone_sword":3,"miners_delight:copper_cup":6,"minecraft:snow_block":193,"butcher:butchers_knife":1,"minecraft:redstone_torch":6,"minecraft:sponge":4,"minecraft:deepslate_bricks":232,"beansbackpacks:backpack":2,"minecraft:shears":2,"create:empty_blaze_burner":1,"minecraft:polished_andesite":132,"luckys_armory:heavy_golden_armor_chestplate":1,"butcher:bloodgrate":8,"minecraft:stone_brick_wall":6,"minecraft:golden_chestplate":1,"supplementaries:blackstone_tile":28,"minecraft:stone_button":5,"minecraft:furnace":2,"minecraft:piston":16,"firstaid:plaster":29,"minecraft:glass_pane":16,"quark:dark_oak_chest":5,"quark:acacia_chest":1,"minecraft:polished_deepslate":548,"minecraft:slime_ball":2,"create:millstone":1,"minecraft:cobblestone_wall":30,"create:fluid_tank":50,"butcher:emptyskinrack":13,"cozy_home:spruce_plank":8,"create:basin":1,"minecraft:cooked_beef":12,"luckys_armory:heavy_golden_armor_open_helmet":1,"minecraft:bone_block":7,"create:andesite_alloy":252,"create:hand_crank":1,"weather2:wind_vane":1,"create:large_water_wheel":2,"minecraft:nether_bricks":8,"create:item_drain":1,"minecraft:bucket":11,"cold_sweat:boiler":1,"thirst:terracotta_water_bowl":4,"minecraft:stone_axe":5,"minecraft:air":0,"minecraft:acacia_boat":1,"storagedrawers:compacting_drawers_3":4,"quark:spruce_bookshelf":6,"create:whisk":1,"minecraft:white_wool":38,"minecraft:white_dye":1,"luckys_armory:heavy_golden_armor_leggings":1,"tombstone:dark_marble":8,"firstaid:bandage":17,"minecraft:anvil":1,"create:mechanical_drill":20,"butcher:spitroast":1,"minecraft:acacia_planks":476,"minecraft:torch":120,"create:zinc_ingot":15,"easy_sponges:gunk":12},"minecraft:picked_up":{"minecraft:iron_chestplate":4,"quark:vertical_spruce_planks":1,"minecraft:chainmail_boots":3,"minecraft:creeper_head":1,"minecraft:lead":7,"minecraft:smithing_table":1,"minecraft:diamond_sword":1,"minecraft:oak_stairs":4,"minecraft:enchanted_book":6,"scarecrowsterritory:primitive_scarecrow":2,"minecraft:brewing_stand":1,"butcher:cowcorpseitem":26,"minecraft:polished_deepslate_wall":4,"minecraft:amethyst_block":1,"farmersdelight:cutting_board":2,"minecraft:polished_deepslate":44,"minecraft:string":107,"minecraft:dark_oak_trapdoor":2,"minecraft:cooked_salmon":1,"shieldexp:wooden_shield":1,"minecraft:beetroot":1,"create:cart_assembler":4,"minecraft:gold_nugget":16,"minecraft:cobbled_deepslate":100,"minecraft:horn_coral_block":2,"minecraft:spruce_planks":51,"create:contraption_controls":1,"butcher:salt":7,"minecraft:coal_block":4,"immersive_armors:steampunk_chestplate":1,"minecraft:golden_helmet":3,"create:andesite_casing":12,"create:andesite_pillar":14,"createloveandwar:raw_sulphur":31,"minecraft:golden_axe":1,"minecraft:cherry_log":18,"minecraft:deepslate_tile_stairs":1,"minecraft:golden_chestplate":3,"minecraft:cauldron":6,"treasure2:wither_root_item":1,"treasure2:wither_log":8,"cozy_home:spruce_grandfather_clock":6,"create:copper_casing":3,"farmersdelight:onion":1,"minecraft:carved_pumpkin":5,"farmersdelight:rope":38,"tombstone:scroll_of_aquatic_life":1,"supplementaries:ash":29,"minecraft:blaze_rod":9,"minecraft:iron_bars":33,"wares:cardboard_box":1,"minecraft:snowball":826,"minecraft:cooked_beef":6,"minecraft:magma_block":35,"minecraft:feather":3,"farmersdelight:rice":4,"minecraft:flint":12,"farmersdelight:tomato":1,"minecraft:lantern":6,"knightquest:lizzy_scale":1,"create:mechanical_plough":1,"farmersdelight:mutton_chops":2,"create:encased_chain_drive":3,"minecraft:twisting_vines":3,"butcher:cow_skin":26,"minecraft:stonecutter":4,"butcher:raw_tbone_steak":7,"createloveandwar:robot_dog_racing_skin":2,"create:shaft":4,"minecraft:diamond_helmet":1,"minecraft:glowstone_dust":3,"minecraft:moss_block":24,"butcher:cow_headf":7,"endrem:lost_eye":3,"miners_delight:gossypium":3,"farmersdelight:spruce_cabinet":3,"minecraft:warped_wart_block":1,"minecraft:stripped_acacia_wood":103,"tombstone:scroll_of_feather_fall":1,"create:cut_andesite_bricks":9,"minecraft:stripped_spruce_log":88,"extractinator:silt":108,"minecraft:dark_oak_log":57,"supplementaries:blackstone_tile":5,"minecraft:barrel":6,"minecraft:bundle":4,"minecraft:polished_andesite":17,"supplementaries:bamboo_spikes":1,"minecraft:lever":5,"knightquest:small_essence":630,"minecraft:chainmail_helmet":1,"minecraft:golden_horse_armor":1,"minecraft:bread":15,"create:framed_glass_door":1,"create_sa:slime_boots":1,"minecraft:diamond_pickaxe":2,"minecraft:spruce_leaves":54,"treasure2:dread_pirate_chest":1,"minecraft:crafting_table":3,"minecraft:coarse_dirt":1,"minecraft:stripped_warped_hyphae":1,"minecraft:clay_ball":131,"minecraft:leather_leggings":2,"minecraft:redstone_lamp":4,"minecraft:stripped_cherry_log":6,"beansbackpacks:backpack":9,"butcher:raw_sirloin_steak":7,"minecraft:cornflower":96,"create:fluid_pipe":3,"minecraft:acacia_door":1,"blocky_siege:reinforced_spruce_door":1,"create:redstone_link":3,"supplementaries:bomb":1,"minecraft:cracked_stone_bricks":11,"quark:spruce_chest":6,"minecraft:beef":31,"immersive_armors:wooden_leggings":2,"minecraft:spruce_slab":15,"minecraft:minecart":8,"minecraft:chest":2,"supplementaries:rope":7,"create:polished_rose_quartz":1,"minecraft:sandstone":5,"minecraft:polished_deepslate_slab":1,"minecraft:stone":2,"immersive_weathering:acacia_bark":42,"treasure2:wither_stick_item":3,"minecraft:spruce_fence":14,"butcher:sheep_corpse_item":1,"handcrafted:spruce_corner_trim":3,"farmersdelight:tomato_seeds":2,"minecraft:carrot":2,"minecraft:redstone":177,"immersive_weathering:permafrost":8,"immersive_armors:wooden_helmet":1,"netherite_ore_mod:large_ancient_shard":1,"treasure2:wither_chest":3,"cnc:cougar_head":1,"minecraft:decorated_pot":1,"minecraft:beetroot_seeds":19,"minecraft:diamond_boots":1,"treasure2:spanish_moss":13,"minecraft:deepslate_bricks":6,"minecraft:hay_block":1,"tombstone:essence_of_undeath":1,"minecraft:gold_ingot":62,"beansbackpacks:metal_backpack":3,"firstaid:bandage":9,"minecraft:polished_blackstone":1,"minecraft:mutton":9,"minecraft:glow_berries":38,"bountiful:bountyboard":9,"quark:acacia_ladder":3,"minecraft:white_wool":135,"minecraft:rail":57,"copperntraps:undeployed":26,"cnc:wendigo_head":1,"minecraft:red_mushroom":3,"minecraft:acacia_wood":77,"spelunkers_charm:old_miners_bundle":8,"minecraft:oak_log":3,"minecraft:golden_boots":3,"butcher:rib_steak":6,"cnc:whitetail_head":3,"minecraft:blue_bed":2,"minecraft:paper":14,"minecraft:apple":3,"minecraft:stone_bricks":8,"minecraft:kelp":454,"minecraft:stone_pickaxe":1,"butcher:chuck_steak":6,"thirst:terracotta_water_bowl":22,"tombstone:tablet_of_guard":2,"create:brass_door":5,"tombstone:bag_of_seeds":4,"minecraft:glass_bottle":8,"butcher:raw_chuck_steak":7,"treasure2:skull_chest":1,"minecraft:flowering_azalea":2,"treasure2:ember_lock":1,"minecraft:polished_andesite_stairs":1,"create:cut_andesite_brick_wall":2,"minecraft:smooth_basalt":14,"treasure2:wither_lock":2,"immersive_weathering:soot":19,"butcher:raw_rump_steak":7,"minecraft:gravel":35,"minecraft:spruce_sapling":61,"thirst:terracotta_bowl":4,"minecraft:spruce_log":387,"netherite_ore_mod:ancientdebrispiece":2,"farmersdelight:cabbage_leaf":2,"naturalist:cooked_bass":4,"minecraft:leather_helmet":1,"quark:cobblestone_bricks":9,"minecraft:purple_bed":2,"minecraft:slime_ball":333,"tombstone:scroll_of_knowledge":1,"minecraft:diamond_axe":4,"minecraft:warped_roots":9,"minecraft:melon_seeds":22,"immersive_armors:wooden_boots":1,"immersive_weathering:cozy_home/cherry_bark":6,"minecraft:wheat":15,"minecraft:redstone_block":2,"minecraft:brain_coral_block":1,"firstaid:morphine":1,"minecraft:raw_copper":343,"minecraft:smooth_stone_slab":69,"minecraft:iron_leggings":4,"create:andesite_funnel":1,"minecraft:activator_rail":4,"minecraft:deepslate_tiles":19,"minecraft:calcite":42,"minecraft:cobblestone_slab":1,"minecraft:azalea":1,"minecraft:iron_pickaxe":2,"butcher:tbonesteak":1,"farmersdelight:cabbage_seeds":12,"minecraft:iron_boots":2,"minecraft:furnace":15,"minecraft:tipped_arrow":25,"minecraft:stick":169,"createloveandwar:mas62blueprint":1,"minecraft:torch":145,"minecraft:spruce_stairs":5,"minecraft:dried_kelp":31,"create:redstone_contact":2,"tombstone:grave_dust":38,"minecraft:pointed_dripstone":33,"minecraft:diorite":17,"shutter:spruce_shutter":7,"create:large_cogwheel":4,"minecraft:cactus":2,"minecraft:rotten_flesh":295,"farmersdelight:tree_bark":145,"quark:violet_corundum_cluster":2,"create:asurine":39,"butcher:chicken_corpse_item":1,"butcher:spitroast":4,"wares:sealed_delivery_agreement":2,"minecraft:deepslate_brick_stairs":1,"quark:acacia_bookshelf":5,"minecraft:blaze_powder":2,"minecraft:cobblestone":2198,"minecraft:enchanting_table":1,"farmersdelight:mixed_salad":2,"minecraft:leather_chestplate":2,"create:fluid_tank":17,"cozy_home:spruce_mirror_stand":1,"minecraft:andesite":1178,"quark:dark_oak_vertical_slab":25,"minecraft:potato":2,"supplementaries:item_shelf":8,"create:belt_connector":1,"quark:black_corundum_cluster":1,"minecraft:tuff":61,"create:raw_zinc":62,"supplementaries:flax_seeds":1,"minecraft:acacia_boat":5,"createloveandwar:em2blueprint":1,"minecraft:lapis_lazuli":117,"minecraft:dirt":323,"luckys_armory:heavy_golden_armor_boots":1,"minecraft:name_tag":4,"minecraft:leather_boots":1,"minecraft:bone":249,"farmersdelight:iron_knife":1,"minecraft:acacia_planks":12,"butcher:raw_ribeye_steak":7,"minecraft:orange_tulip":15,"minecraft:bow":7,"minecraft:wheat_seeds":58,"minecraft:cobbled_deepslate_slab":1,"minecraft:raw_gold":176,"minecraft:bell":1,"minecraft:grindstone":1,"minecraft:mossy_stone_bricks":17,"minecraft:bamboo":55,"minecraft:powered_rail":7,"immersive_weathering:cozy_home/spruce_bark":86,"minecraft:oak_planks":7,"firstaid:plaster":16,"goodending:spicy_wildflowers":1,"create:cogwheel":12,"create:cuckoo_clock":2,"weather2:wind_vane":1,"minecraft:sand":44,"minecraft:nether_brick_stairs":1,"createloveandwar:stg57blueprint":2,"minecraft:lily_of_the_valley":3,"minecraft:mossy_cobblestone":58,"minecraft:spruce_fence_gate":1,"minecraft:clay":4,"minecraft:diamond":20,"minecraft:spruce_boat":3,"wares:delivery_table":1,"minecraft:bone_meal":3,"minecraft:golden_apple":1,"minecraft:emerald":13,"minecraft:netherrack":16,"minecraft:oak_sapling":1,"minecraft:chicken":1,"thirst:sand_filter":1,"minecraft:brown_mushroom":8,"spelunkers_charm:deepslate_rock":10,"minecraft:chain":7,"minecraft:shield":2,"minecraft:brick":4,"quark:light_blue_shard":2,"minecraft:moss_carpet":12,"miners_delight:cave_carrot":16,"minecraft:item_frame":1,"minecraft:blackstone":16,"minecraft:cyan_carpet":2,"minecraft:blue_orchid":43,"graveyard:corruption":10,"minecraft:detector_rail":18,"minecraft:player_head":1,"minecraft:light_gray_wool":74,"supplementaries:cage":6,"minecraft:sugar_cane":9,"minecraft:spruce_trapdoor":15,"minecraft:phantom_membrane":6,"minecraft:dark_oak_sapling":7,"minecraft:raw_iron":389,"quark:violet_corundum":1,"create:golden_sheet":1,"butcher:bloodgrate":1,"createloveandwar:cigarette":7,"minecraft:stone_button":1,"spelunkers_charm:cave_mushroom":2,"create:hand_crank":1,"minecraft:stone_pressure_plate":28,"minecraft:dark_oak_planks":6,"minecraft:arrow":162,"minecraft:golden_hoe":1,"create_sa:slime_helmet":1,"minecraft:pink_tulip":1,"minecraft:cracked_deepslate_tiles":3,"butcher:butchers_knife":2,"butcher:skinning_knife":2,"minecraft:air":0,"minecraft:basalt":1,"minecraft:glow_ink_sac":3,"minecraft:salmon":1,"minecraft:leather":34,"createloveandwar:robot_dog_bubblegum_skin":8,"minecraft:chainmail_chestplate":3,"minecraft:gunpowder":23,"minecraft:cobblestone_wall":2,"minecraft:deepslate_tile_slab":6,"theft:glove":2,"minecraft:cooked_mutton":4,"minecraft:fire_coral_block":1,"minecraft:iron_ingot":53,"cold_sweat:sewing_table":2,"butcher:hook_block":5,"minecraft:acacia_sapling":27,"minecraft:soul_sand":8,"immersive_armors:steampunk_helmet":1,"minecraft:book":27,"minecraft:scaffolding":2,"create:large_water_wheel":6,"minecraft:warped_fungus":2,"minecraft:pumpkin":8,"create:small_andesite_brick_slab":21,"minecraft:quartz":42,"minecraft:dandelion":5,"minecraft:dripstone_block":7,"minecraft:red_banner":1,"minecraft:white_bed":15,"minecraft:spider_eye":14,"butcher:cowhoof":28,"cnc:rawvenison":9,"minecraft:pumpkin_seeds":28,"create:brass_ingot":2,"immersive_armors:wooden_chestplate":2,"create:encased_fan":1,"minecraft:iron_helmet":2,"minecraft:cherry_sapling":10,"wardrobe:silk":12,"minecraft:mossy_cobblestone_stairs":2,"tombstone:magic_scroll":6,"spelunkers_charm:rock":3,"minecraft:dark_oak_wood":41,"minecraft:coal":446,"butcher:emptyskinrack":2},"minecraft:used":{"minecraft:moss_block":9,"farmersdelight:mixed_salad":3,"create:deployer":9,"minecraft:spruce_slab":5,"minecraft:polished_blackstone":17,"minecraft:chest":2,"minecraft:stone":7,"create:fluid_tank":46,"minecraft:soul_sand":1,"create:white_sail":45,"shutter:spruce_shutter":80,"naturalist:cooked_bass":10,"miners_delight:water_cup":2,"create:depot":15,"minecraft:snowball":62,"minecraft:stripped_spruce_log":15,"minecraft:spruce_boat":2,"minecraft:lava_bucket":23,"supplementaries:blackstone_tile":27,"create:rope_pulley":3,"create:andesite_funnel":2,"butcher:blood_liquid_bucket":23,"minecraft:bow":385,"create:shaft":119,"supplementaries:ash":1,"spelunkers_charm:geode":2,"minecraft:furnace":5,"minecraft:potato":1,"beansbackpacks:backpack":3,"minecraft:mossy_stone_bricks":4,"minecraft:diorite":5,"minecraft:blackstone":15,"minecraft:orange_tulip":2,"minecraft:wooden_pickaxe":3,"quark:dark_oak_vertical_slab":105,"create:spout":6,"minecraft:golden_apple":7,"minecraft:glow_berries":7,"minecraft:dark_oak_trapdoor":1,"minecraft:sand":8,"minecraft:deepslate_tiles":169,"minecraft:cherry_hanging_sign":1,"cold_sweat:sewing_table":2,"minecraft:stone_button":5,"create:contraption_controls":5,"minecraft:coal_block":4,"minecraft:diamond_sword":1179,"create:basin":1,"wares:delivery_table":1,"farmersdelight:spruce_cabinet":3,"supplementaries:bamboo_spikes":2,"minecraft:stripped_acacia_wood":20,"minecraft:iron_bars":2,"create:brass_door":9,"minecraft:enchanting_table":1,"minecraft:stone_sword":220,"minecraft:carved_pumpkin":5,"tombstone:scroll_of_frost_resistance":2,"treasure2:dread_pirate_chest":1,"create:cuckoo_clock":3,"minecraft:cooked_salmon":1,"quark:spruce_bookshelf":6,"minecraft:torch":318,"minecraft:brewing_stand":1,"minecraft:anvil":1,"butcher:rib_steak":6,"tombstone:decorative_tombstone":1,"farmersdelight:beef_patty":13,"minecraft:flowering_azalea":1,"create:wrench":675,"create:gearbox":10,"minecraft:polished_deepslate_wall":2,"extractinator:extractinator":1,"minecraft:gunpowder":1,"butcher:bloodgrate":9,"create:encased_chain_drive":24,"thirst:sand_filter":10,"minecraft:basalt":1,"blocky_siege:reinforced_spruce_door":2,"minecraft:acacia_wood":44,"tombstone:gift":16,"butcher:hook_block":5,"create:fluid_pipe":96,"minecraft:cherry_log":6,"minecraft:acacia_planks":22,"minecraft:cobbled_deepslate":21,"create:belt_connector":24,"minecraft:pointed_dripstone":16,"minecraft:calcite":9,"minecraft:wheat_seeds":3,"farmersdelight:iron_knife":1,"minecraft:water_bucket":96,"luckys_armory:heavy_iron_armor_helmet":1,"storagedrawers:compacting_drawers_3":4,"quark:cobblestone_bricks":137,"butcher:butchers_knife":71,"create:framed_glass_trapdoor":17,"minecraft:cauldron":18,"minecraft:spruce_fence_gate":2,"minecraft:cracked_stone_bricks":5,"minecraft:deepslate_bricks":78,"treasure2:skull_chest":1,"create:blaze_burner":2,"minecraft:mossy_cobblestone":11,"minecraft:rail":8,"create:encased_fan":9,"minecraft:tnt":1,"minecraft:crafting_table":8,"minecraft:white_bed":17,"butcher:skinning_knife":4,"minecraft:spruce_log":99,"thirst:terracotta_water_bowl":34,"minecraft:diamond_pickaxe":2702,"minecraft:cornflower":3,"minecraft:diamond_shovel":510,"minecraft:iron_pickaxe":1120,"tombstone:magic_scroll":1,"minecraft:spruce_trapdoor":10,"minecraft:spruce_sapling":84,"bountiful:bountyboard":9,"minecraft:potion":104,"minecraft:cobblestone":449,"minecraft:purple_bed":1,"minecraft:cooked_porkchop":20,"immersive_armors:wooden_leggings":1,"minecraft:kelp":20,"create:elevator_pulley":2,"create:redstone_link":9,"minecraft:cherry_sapling":1,"minecraft:moss_carpet":2,"minecraft:polished_deepslate":305,"farmersdelight:stove":1,"minecraft:decorated_pot":1,"minecraft:shield":18,"minecraft:iron_sword":655,"minecraft:creeper_head":1,"beansbackpacks:metal_backpack":4,"cozy_home:spruce_mirror_stand":1,"minecraft:player_head":1,"minecraft:soul_campfire":1,"minecraft:spruce_leaves":6,"create:cogwheel":173,"minecraft:deepslate_tile_slab":36,"minecraft:furnace_minecart":9,"butcher:emptyskinrack":15,"minecraft:lantern":1,"tombstone:tablet_of_cupidity":1,"minecraft:blue_orchid":2,"minecraft:dark_oak_wood":3,"create:millstone":1,"minecraft:stone_bricks":2,"minecraft:item_frame":1,"create:andesite_pillar":2,"farmersdelight:cutting_board":3,"minecraft:magma_block":4,"minecraft:hay_block":1,"create:mechanical_drill":56,"cnc:cougar_head":1,"minecraft:dark_oak_sapling":5,"minecraft:stone_pickaxe":825,"cnc:wendigo_head":1,"minecraft:ender_pearl":1,"handcrafted:spruce_corner_trim":3,"weather2:wind_vane":2,"minecraft:redstone_block":2,"minecraft:diamond_axe":458,"copperntraps:undeployed":29,"minecraft:blue_bed":2,"minecraft:golden_hoe":5,"minecraft:stone_brick_wall":4,"minecraft:shears":63,"minecraft:lever":5,"minecraft:bread":26,"create:cut_andesite_bricks":4,"butcher:sponge":1,"tombstone:grave_key":22,"create:andesite_casing":5,"minecraft:gravel":4,"butcher:tbonesteak":1,"minecraft:chain":14,"minecraft:andesite":173,"minecraft:smooth_stone_slab":113,"create:vertical_gearbox":10,"cozy_home:spruce_grandfather_clock":7,"create:large_cogwheel":40,"minecraft:bone_meal":46,"minecraft:experience_bottle":1,"minecraft:cobweb":14,"minecraft:trident":1,"minecraft:dried_kelp":8,"minecraft:spruce_planks":61,"gateways:gate_pearl":3,"minecraft:dirt":188,"create:mechanical_pump":25,"create:andesite_door":2,"create:mechanical_mixer":1,"butcher:cowcorpseitem":21,"create:redstone_contact":14,"minecraft:spruce_stairs":2,"minecraft:cobblestone_wall":2,"create:mechanical_plough":4,"minecraft:spruce_fence":107,"supplementaries:item_shelf":8,"knightquest:great_chalice":1,"farmersdelight:rope":5,"minecraft:dark_oak_planks":7,"shieldexp:wooden_shield":1,"cold_sweat:hearth":2,"quark:spruce_chest":32,"cold_sweat:icebox":1,"minecraft:iron_boots":1,"create:cart_assembler":6,"scarecrowsterritory:primitive_scarecrow":2,"butcher:jar":1,"quark:acacia_ladder":11,"farmersdelight:cooked_mutton_chops":1,"minecraft:stone_pressure_plate":1,"minecraft:cooked_beef":34,"butcher:chuck_steak":6,"minecraft:cooked_mutton":4,"minecraft:acacia_boat":5,"minecraft:iron_ore":1,"minecraft:snow_block":10,"minecraft:polished_andesite":82,"minecraft:baked_potato":50,"cnc:whitetail_head":3,"minecraft:stonecutter":3,"minecraft:cobblestone_slab":2,"treasure2:wither_chest":3,"create:item_drain":1,"quark:acacia_bookshelf":5,"quark:acacia_chest":1,"minecraft:smoker":3,"tombstone:bag_of_seeds":3,"supplementaries:cage":16,"create:mechanical_press":3,"create:windmill_bearing":1,"cold_sweat:boiler":1,"create:large_water_wheel":9,"minecraft:stone_axe":682,"minecraft:fire_coral_block":1,"minecraft:bucket":153,"create:hand_crank":3},"minecraft:mined":{"minecraft:dark_oak_planks":3,"createloveandwar:deepslate_sulphur_ore":3,"minecraft:white_bed":14,"create:copper_casing":3,"create:andesite_casing":4,"minecraft:carved_pumpkin":5,"create:redstone_contact":2,"minecraft:deepslate_bricks":6,"minecraft:coal_block":4,"create:belt":1,"minecraft:spawner":41,"minecraft:light_blue_stained_glass":1,"minecraft:tall_seagrass":4,"minecraft:magma_block":37,"minecraft:mossy_cobblestone_stairs":2,"minecraft:dark_oak_trapdoor":1,"immersive_weathering:mossy_stone":37,"minecraft:cobbled_deepslate":3,"minecraft:barrel":6,"minecraft:pumpkin":8,"minecraft:deepslate_lapis_ore":7,"minecraft:enchanting_table":1,"quark:black_corundum_cluster":1,"minecraft:twisting_vines":1,"minecraft:sculk_shrieker":2,"create:mechanical_plough":1,"minecraft:cave_vines":11,"minecraft:polished_deepslate_slab":2,"amendments:wall_lantern":1,"minecraft:small_amethyst_bud":7,"minecraft:pink_tulip":2,"minecraft:blue_orchid":39,"quark:dark_oak_vertical_slab":14,"minecraft:player_head":1,"treasure2:wither_log":4,"cozy_home:spruce_mirror_stand":1,"create:cogwheel":8,"create:small_andesite_brick_slab":30,"minecraft:brown_mushroom":6,"copperntraps:undeployed":2,"minecraft:kelp_plant":28,"immersive_weathering:spruce_leaf_pile":117,"minecraft:soul_fire":2,"minecraft:deepslate_tile_slab":5,"create:cut_andesite_brick_wall":2,"handcrafted:spruce_corner_trim":3,"minecraft:torch":14,"createloveandwar:sulphur_ore":1,"minecraft:dark_oak_wood":2,"minecraft:polished_andesite_stairs":1,"treasure2:dread_pirate_chest":1,"weather2:wind_vane":1,"minecraft:sugar_cane":5,"create:cuckoo_clock":2,"minecraft:amethyst_block":1,"create:contraption_controls":1,"minecraft:skeleton_skull":1,"minecraft:chain":7,"create:andesite_belt_funnel":2,"butcher:saltblock":2,"minecraft:wheat":3,"minecraft:jukebox":1,"minecraft:pumpkin_stem":1,"minecraft:warped_fungus":1,"butcher:hanging_cow_corpse":3,"minecraft:infested_mossy_stone_bricks":1,"minecraft:grass":221,"supplementaries:blackstone_tile":5,"minecraft:dark_oak_sapling":1,"create:andesite_pillar":11,"minecraft:stonecutter":2,"minecraft:deepslate":99,"create:zinc_ore":11,"minecraft:deepslate_tiles":17,"minecraft:mossy_cobblestone":30,"butcher:bloodgrate":1,"create:fluid_tank":17,"minecraft:cobbled_deepslate_slab":2,"create:encased_fan":1,"minecraft:moss_block":1,"treasure2:wither_chest":3,"create:shaft":3,"supplementaries:bamboo_spikes":1,"minecraft:snow":248,"minecraft:acacia_wood":5,"realmrpg_skeletons:cactus_skeleton":2,"minecraft:andesite":1125,"spelunkers_charm:deepslate_rock_pile_2":1,"minecraft:potatoes":1,"create:cart_assembler":4,"minecraft:cobblestone_slab":1,"minecraft:vine":7,"minecraft:rail":12,"minecraft:brain_coral_wall_fan":1,"goodending:spicy_wildflowers":1,"minecraft:bamboo":5,"minecraft:white_wool":1,"minecraft:brain_coral":1,"cold_sweat:sewing_table":2,"minecraft:smithing_table":1,"minecraft:redstone_block":2,"immersive_weathering:icicle":3,"minecraft:soul_sand":8,"create:fluid_pipe":3,"minecraft:cornflower":69,"treasure2:spanish_moss":17,"supplementaries:item_shelf":3,"minecraft:warped_roots":9,"spelunkers_charm:dead_grass":1,"minecraft:brain_coral_fan":1,"minecraft:tall_grass":25,"minecraft:copper_ore":44,"butcher:cowcorpse":3,"minecraft:diorite":15,"minecraft:warped_wart_block":1,"create:redstone_link":2,"create:water_wheel_structure":5,"minecraft:purple_bed":2,"butcher:drained_hanging_cow":1,"minecraft:coarse_dirt":2,"minecraft:cobblestone_wall":2,"minecraft:creeper_head":1,"minecraft:spruce_log":6,"butcher:hook_block":5,"scarecrowsterritory:primitive_scarecrow":1,"minecraft:gravel":15,"minecraft:dripstone_block":7,"minecraft:cobweb":62,"minecraft:acacia_planks":11,"minecraft:spruce_fence_gate":1,"minecraft:polished_blackstone":1,"minecraft:stone_bricks":6,"minecraft:deepslate_emerald_ore":1,"minecraft:fern":49,"miners_delight:wild_cave_carrots":2,"minecraft:large_amethyst_bud":3,"create:deepslate_zinc_ore":25,"copperntraps:triggered_bear_trap":18,"minecraft:spruce_planks":51,"minecraft:stone_pressure_plate":29,"minecraft:farmland":6,"immersive_weathering:acacia_leaf_pile":59,"wares:delivery_table":1,"minecraft:sculk_vein":2,"minecraft:brewing_stand":1,"minecraft:spruce_trapdoor":11,"minecraft:cave_vines_plant":11,"minecraft:grass_block":140,"create:brass_door":4,"cozy_home:spruce_grandfather_clock":4,"minecraft:stripped_warped_hyphae":2,"quark:acacia_bookshelf":5,"realmrpg_skeletons:dungeon_crawler_skeleton":1,"copperntraps:bear_trap":6,"minecraft:sculk_catalyst":4,"minecraft:iron_ore":123,"treasure2:wither_root":2,"netherite_ore_mod:deepslate_ancient_debris_ore":3,"diagonalfences:minecraft/spruce_fence":14,"create:asurine":43,"minecraft:pointed_dripstone":12,"create:spruce_window":5,"minecraft:iron_bars":13,"minecraft:spruce_slab":10,"quark:violet_corundum":1,"bountiful:bountyboard":9,"minecraft:deepslate_redstone_ore":35,"minecraft:blackstone":16,"minecraft:twisting_vines_plant":2,"minecraft:medium_amethyst_bud":3,"minecraft:clay":31,"quark:cobblestone_bricks":8,"minecraft:calcite":38,"immersive_weathering:grassy_silt":1,"minecraft:chest":2,"treasure2:wither_branch":20,"minecraft:cobblestone":128,"shutter:spruce_shutter":6,"extractinator:silt":108,"minecraft:wall_torch":65,"minecraft:cauldron":5,"minecraft:deepslate_copper_ore":2,"create:large_water_wheel":1,"minecraft:seagrass":5,"butcher:spitroast":4,"minecraft:warped_nylium":6,"minecraft:acacia_sapling":1,"thirst:sand_filter":1,"minecraft:blue_ice":2,"minecraft:orange_tulip":15,"minecraft:smooth_stone_slab":20,"minecraft:cracked_deepslate_tiles":3,"minecraft:sand":45,"minecraft:dirt":125,"structure_gel:dynamic_spawner":5,"create:encased_chain_drive":2,"minecraft:netherrack":11,"immersive_weathering:dark_oak_leaf_pile":30,"minecraft:polished_deepslate_wall":2,"minecraft:oak_leaves":6,"minecraft:redstone_lamp":4,"minecraft:tuff":63,"minecraft:deepslate_diamond_ore":8,"minecraft:stripped_cherry_log":6,"minecraft:lever":4,"create:large_cogwheel":2,"minecraft:decorated_pot":2,"minecraft:spruce_leaves":80,"minecraft:large_fern":8,"minecraft:hay_block":2,"minecraft:furnace":7,"minecraft:spruce_sapling":9,"miners_delight:gossypium":1,"minecraft:nether_sprouts":10,"blocky_siege:reinforced_spruce_door":1,"minecraft:stripped_spruce_log":3,"treechop:chopped_log":35,"create:cut_andesite_bricks":9,"minecraft:polished_deepslate":46,"farmersdelight:rope":5,"minecraft:deepslate_iron_ore":16,"minecraft:stone":1923,"minecraft:podzol":35,"minecraft:flowering_azalea":2,"minecraft:acacia_leaves":7,"minecraft:snow_block":70,"minecraft:basalt":1,"treasure2:wither_soul_log":3,"cnc:cougar_head":1,"minecraft:crafting_table":4,"butcher:emptyskinrack":2,"realmrpg_skeletons:basic_skeleton":2,"immersive_weathering:soot":1,"minecraft:lapis_ore":4,"minecraft:sculk":14,"supplementaries:cage":6,"minecraft:blue_bed":2,"supplementaries:urn":22,"minecraft:spruce_stairs":3,"immersive_weathering:cherry_leaf_pile":33,"immersive_weathering:permafrost":11,"minecraft:sweet_berry_bush":1,"minecraft:coal_ore":171,"quark:spruce_chest":4,"minecraft:cracked_stone_bricks":7,"minecraft:stripped_acacia_wood":4,"minecraft:polished_andesite":17,"minecraft:mossy_stone_bricks":11,"quark:violet_corundum_cluster":1,"pots_and_mimics:treasure_pot":10},"minecraft:killed":{"minecraft:cave_spider":12,"cnc:wendigo":2,"graveyard:wraith":6,"minecraft:skeleton":128,"gore:zombie_without_mouth":10,"graveyard:acolyte":2,"gore:zombie_without_legs_and_arm":16,"minecraft:zombie":286,"minecraft:cow":47,"gore:zombie_without_mouth_and_arms":8,"gore:zombie_without_mouth_and_arm":12,"gore:zombie_without_head":10,"gore:zombie_without_legs":8,"gore:zombiewithoutarms":4,"minecraft:enderman":2,"minecraft:witch":6,"pots_and_mimics:pot_crab":2,"minecraft:spider":50,"quark:crab":2,"cnc:wolverine":2,"minecraft:silverfish":16,"gore:dismembered_spider_3":4,"gore:zombie_without_head_and_arm":6,"minecraft:creeper":46,"cnc:whitetail":6,"minecraft:sheep":14,"minecraft:stray":98,"gore:dismembered_spider_1":2,"graveyard:corrupted_pillager":20,"minecraft:blaze":12,"minecraft:slime":206,"cnc:skinwalker":2,"minecraft:drowned":72,"treasure2:bound_soul":4,"knightquest:lizzy":2,"minecraft:wither_skeleton":2,"minecraft:player":5}},"DataVersion":3465}