{
  "cold_sweat:recipes/thermolith": {
    "criteria": {
      "has_recipe": "2024-05-21 23:06:58 +0000"
    },
    "done": true
  },
  "beansbackpacks:info/decorated_pots": {
    "criteria": {
      "has_the_recipe": "2024-05-21 23:06:58 +0000"
    },
    "done": true
  },
  "cold_sweat:recipes/hoglin_armor": {
    "criteria": {
      "has_helm_recipe": "2024-05-21 23:06:58 +0000"
    },
    "done": true
  },
  "betterdungeons:root": {
    "criteria": {
      "always": "2024-05-21 23:06:58 +0000"
    },
    "done": true
  },
  "beansbackpacks:info/fluid_cauldrons": {
    "criteria": {
      "has_the_recipe": "2024-05-21 23:06:58 +0000"
    },
    "done": true
  },
  "cold_sweat:recipes/soulspring_lamp": {
    "criteria": {
      "has_recipe": "2024-05-21 23:06:58 +0000"
    },
    "done": true
  },
  "coldsgrappler:grappler": {
    "criteria": {
      "has_the_recipe": "2024-05-21 23:06:58 +0000"
    },
    "done": true
  },
  "beansbackpacks:info/ender_backpacks": {
    "criteria": {
      "has_the_recipe": "2024-05-21 23:06:58 +0000"
    },
    "done": true
  },
  "cold_sweat:recipes/waterskin": {
    "criteria": {
      "has_recipe": "2024-05-21 23:06:58 +0000"
    },
    "done": true
  },
  "cold_sweat:root": {
    "criteria": {
      "requirement": "2024-05-21 23:06:58 +0000"
    },
    "done": true
  },
  "cnc:cnc": {
    "criteria": {
      "cnc": "2024-05-21 23:06:58 +0000"
    },
    "done": true
  },
  "cold_sweat:recipes/thermometer": {
    "criteria": {
      "has_recipe": "2024-05-21 23:06:58 +0000"
    },
    "done": true
  },
  "cold_sweat:extreme_temps": {
    "criteria": {
      "requirement": "2024-05-21 23:06:58 +0000"
    },
    "done": true
  },
  "toms_storage:unlock_netherite": {
    "criteria": {
      "inv_changed-netherite": "2024-05-21 23:07:47 +0000"
    },
    "done": true
  },
  "toms_storage:unlock_glowstone": {
    "criteria": {
      "inv_changed-glowstone": "2024-05-21 23:07:47 +0000"
    },
    "done": true
  },
  "farmersdelight:main/root": {
    "criteria": {
      "seeds": "2024-05-21 23:07:47 +0000"
    },
    "done": true
  },
  "toms_storage:unlock_chest": {
    "criteria": {
      "inv_changed-chest": "2024-05-21 23:07:47 +0000"
    },
    "done": true
  },
  "create:root": {
    "criteria": {
      "0": "2024-05-21 23:07:47 +0000"
    },
    "done": true
  },
  "immersive_armors:recipes/misc/wooden": {
    "criteria": {
      "has_item": "2024-05-21 23:07:47 +0000"
    },
    "done": true
  },
  "toms_storage:unlock_dia_pearl": {
    "criteria": {
      "inv_changed-ender_pearl": "2024-05-21 23:07:47 +0000",
      "inv_changed-diamond": "2024-05-21 23:07:47 +0000"
    },
    "done": true
  },
  "tetra:recipes/planks": {
    "criteria": {
      "got_wood": "2024-05-21 23:08:30 +0000"
    },
    "done": true
  },
  "minecraft:story/root": {
    "criteria": {
      "crafting_table": "2024-05-21 23:08:34 +0000"
    },
    "done": true
  },
  "minecraft:story/mine_stone": {
    "criteria": {
      "get_stone": "2024-05-21 23:08:48 +0000"
    },
    "done": true
  },
  "minecraft:story/upgrade_tools": {
    "criteria": {
      "stone_pickaxe": "2024-05-21 23:09:11 +0000"
    },
    "done": true
  },
  "farmersdelight:main/get_fd_seed": {
    "criteria": {
      "rice": "2024-05-21 23:12:20 +0000"
    },
    "done": true
  },
  "minecraft:adventure/adventuring_time": {
    "criteria": {
      "minecraft:deep_ocean": "2024-05-31 03:56:09 +0000",
      "minecraft:birch_forest": "2024-05-27 00:14:27 +0000",
      "minecraft:windswept_hills": "2024-05-26 23:52:02 +0000",
      "minecraft:beach": "2024-05-26 23:57:47 +0000",
      "minecraft:dark_forest": "2024-05-27 03:33:48 +0000",
      "minecraft:sparse_jungle": "2024-05-28 04:54:10 +0000",
      "minecraft:river": "2024-05-21 23:12:32 +0000",
      "minecraft:lukewarm_ocean": "2024-05-31 04:04:53 +0000",
      "minecraft:dripstone_caves": "2024-05-26 05:48:21 +0000",
      "minecraft:forest": "2024-05-26 23:57:59 +0000",
      "minecraft:lush_caves": "2024-05-27 03:39:37 +0000",
      "minecraft:ocean": "2024-05-31 03:54:59 +0000",
      "minecraft:windswept_savanna": "2024-05-26 05:42:26 +0000",
      "minecraft:meadow": "2024-06-02 20:33:25 +0000",
      "minecraft:plains": "2024-05-24 04:52:49 +0000"
    },
    "done": false
  },
  "minecraft:husbandry/plant_seed": {
    "criteria": {
      "wheat": "2024-05-21 23:12:45 +0000"
    },
    "done": true
  },
  "farmersdelight:main/plant_all_crops": {
    "criteria": {
      "cabbage": "2024-05-26 04:58:46 +0000",
      "glow_berries": "2024-05-26 23:28:04 +0000",
      "onion": "2024-05-27 04:15:19 +0000",
      "tomato": "2024-05-26 06:00:44 +0000",
      "rice": "2024-05-26 04:59:00 +0000",
      "beetroot": "2024-05-26 04:59:15 +0000",
      "sugar_cane": "2024-05-23 04:06:16 +0000",
      "potato": "2024-05-22 06:04:02 +0000",
      "wheat": "2024-05-21 23:12:45 +0000",
      "pumpkin": "2024-05-26 04:59:20 +0000",
      "carrot": "2024-05-22 17:04:00 +0000"
    },
    "done": false
  },
  "minecraft:adventure/root": {
    "criteria": {
      "killed_something": "2024-05-21 23:13:45 +0000"
    },
    "done": true
  },
  "minecraft:adventure/kill_all_mobs": {
    "criteria": {
      "minecraft:pillager": "2024-05-28 17:19:55 +0000",
      "minecraft:blaze": "2024-05-30 04:44:55 +0000",
      "minecraft:skeleton": "2024-05-21 23:53:11 +0000",
      "minecraft:spider": "2024-05-24 04:40:42 +0000",
      "minecraft:creeper": "2024-05-21 23:13:45 +0000",
      "minecraft:slime": "2024-05-30 04:58:59 +0000",
      "minecraft:cave_spider": "2024-05-27 00:10:05 +0000",
      "minecraft:stray": "2024-05-22 16:50:58 +0000",
      "minecraft:zombie": "2024-05-21 23:40:33 +0000",
      "minecraft:drowned": "2024-05-29 05:40:31 +0000",
      "minecraft:zombie_villager": "2024-05-23 05:12:53 +0000"
    },
    "done": false
  },
  "minecraft:adventure/kill_a_mob": {
    "criteria": {
      "minecraft:creeper": "2024-05-21 23:13:45 +0000"
    },
    "done": true
  },
  "gore:gore_edition_parent": {
    "criteria": {
      "gore_edition_parent": "2024-05-21 23:13:45 +0000"
    },
    "done": true
  },
  "cnc:whitetail_advancement": {
    "criteria": {
      "whitetail_advancement": "2024-05-21 23:14:12 +0000"
    },
    "done": true
  },
  "minecraft:husbandry/balanced_diet": {
    "criteria": {
      "cooked_mutton": "2024-05-21 23:17:51 +0000",
      "cooked_beef": "2024-05-27 04:26:58 +0000",
      "baked_potato": "2024-05-23 04:32:51 +0000",
      "spider_eye": "2024-06-02 23:56:42 +0000",
      "bread": "2024-05-21 23:16:10 +0000",
      "golden_apple": "2024-06-03 00:04:12 +0000",
      "beetroot": "2024-05-26 06:04:16 +0000",
      "golden_carrot": "2024-05-26 06:03:13 +0000",
      "cooked_chicken": "2024-05-22 00:29:20 +0000"
    },
    "done": false
  },
  "minecraft:husbandry/root": {
    "criteria": {
      "consumed_item": "2024-05-21 23:16:10 +0000"
    },
    "done": true
  },
  "minecraft:story/smelt_iron": {
    "criteria": {
      "iron": "2024-05-21 23:16:26 +0000"
    },
    "done": true
  },
  "minecraft:adventure/sleep_in_bed": {
    "criteria": {
      "slept_in_bed": "2024-05-21 23:17:02 +0000"
    },
    "done": true
  },
  "immersive_armors:recipes/misc/bone": {
    "criteria": {
      "has_item": "2024-05-21 23:20:05 +0000"
    },
    "done": true
  },
  "supplementaries:adventure/way_sign": {
    "criteria": {
      "bastion": "2024-05-21 23:20:23 +0000"
    },
    "done": true
  },
  "minecraft:story/obtain_armor": {
    "criteria": {
      "iron_helmet": "2024-05-21 23:25:56 +0000"
    },
    "done": true
  },
  "farmersdelight:main/craft_knife": {
    "criteria": {
      "iron_knife": "2024-05-21 23:26:14 +0000"
    },
    "done": true
  },
  "minecraft:story/iron_tools": {
    "criteria": {
      "iron_pickaxe": "2024-05-21 23:26:55 +0000"
    },
    "done": true
  },
  "antlers:jerkeyadvance": {
    "criteria": {
      "jerkeyadvance": "2024-05-21 23:40:31 +0000"
    },
    "done": true
  },
  "immersive_weathering:immersive_weathering/dirts": {
    "criteria": {
      "dirt": "2024-05-21 23:42:58 +0000",
      "silt": "2024-05-30 04:49:44 +0000"
    },
    "done": false
  },
  "cnc:cougaradvancement": {
    "criteria": {
      "cougaradvancement": "2024-05-22 00:04:10 +0000"
    },
    "done": true
  },
  "create:copper": {
    "criteria": {
      "0": "2024-05-22 00:11:29 +0000"
    },
    "done": true
  },
  "minecraft:story/deflect_arrow": {
    "criteria": {
      "deflected_projectile": "2024-05-22 00:33:31 +0000"
    },
    "done": true
  },
  "cnc:wendigoadvancement": {
    "criteria": {
      "wendigoadvancement": "2024-05-22 16:40:23 +0000"
    },
    "done": true
  },
  "minecraft:story/mine_diamond": {
    "criteria": {
      "diamond": "2024-05-22 16:49:15 +0000"
    },
    "done": true
  },
  "minecraft:husbandry/bred_all_animals": {
    "criteria": {
      "minecraft:cow": "2024-05-23 04:04:46 +0000",
      "minecraft:sheep": "2024-05-24 04:56:28 +0000"
    },
    "done": false
  },
  "minecraft:husbandry/breed_an_animal": {
    "criteria": {
      "bred": "2024-05-23 04:04:46 +0000"
    },
    "done": true
  },
  "immersive_weathering:immersive_weathering/bark_off": {
    "criteria": {
      "wax_off": "2024-05-23 04:23:24 +0000"
    },
    "done": true
  },
  "minecraft:adventure/trade": {
    "criteria": {
      "traded": "2024-05-23 04:41:28 +0000"
    },
    "done": true
  },
  "cnc:wendigo_killed": {
    "criteria": {
      "wendigo_killed": "2024-05-23 06:01:17 +0000"
    },
    "done": true
  },
  "betterdeserttemples:root": {
    "criteria": {
      "always": "2024-05-24 03:50:25 +0000"
    },
    "done": true
  },
  "tetra:spelunking/ancient_ruins": {
    "criteria": {
      "regular_ruin": "2024-05-24 03:54:49 +0000"
    },
    "done": true
  },
  "tetra:spelunking/find_scroll": {
    "criteria": {
      "find": "2024-05-24 03:57:44 +0000"
    },
    "done": true
  },
  "tetra:spelunking/find_scroll_howling": {
    "criteria": {
      "find": "2024-05-24 03:57:44 +0000"
    },
    "done": true
  },
  "minecraft:adventure/avoid_vibration": {
    "criteria": {
      "avoid_vibration": "2024-05-24 04:49:15 +0000"
    },
    "done": true
  },
  "minecraft:adventure/kill_mob_near_sculk_catalyst": {
    "criteria": {
      "kill_mob_near_sculk_catalyst": "2024-05-24 04:51:24 +0000"
    },
    "done": true
  },
  "immersive_armors:recipes/misc/robe": {
    "criteria": {
      "has_item": "2024-05-24 05:34:25 +0000"
    },
    "done": true
  },
  "tetra:recipes/string": {
    "criteria": {
      "got_string": "2024-05-25 20:04:29 +0000"
    },
    "done": true
  },
  "netherite_ore_mod:pieceofdebris": {
    "criteria": {
      "pieceofdebris": "2024-05-25 20:17:35 +0000"
    },
    "done": true
  },
  "create:andesite_alloy": {
    "criteria": {
      "0": "2024-05-25 21:23:41 +0000"
    },
    "done": true
  },
  "create:brass": {
    "criteria": {
      "0": "2024-05-25 21:24:37 +0000"
    },
    "done": true
  },
  "tetra:spelunking/refill_cell": {
    "criteria": {
      "refill_cell": "2024-05-25 21:37:10 +0000"
    },
    "done": true
  },
  "tetra:spelunking/find_cell": {
    "criteria": {
      "get_cell": "2024-05-25 21:37:10 +0000"
    },
    "done": true
  },
  "tetra:spelunking/find_scroll_sturdy": {
    "criteria": {
      "find": "2024-05-25 21:41:37 +0000"
    },
    "done": true
  },
  "beansbackpacks:beansbackpacks": {
    "criteria": {
      "requirement": "2024-05-26 01:10:26 +0000"
    },
    "done": true
  },
  "beansbackpacks:interactions/place": {
    "criteria": {
      "requirement": "2024-05-26 01:11:51 +0000"
    },
    "done": true
  },
  "minecraft:husbandry/tame_an_animal": {
    "criteria": {
      "tamed_animal": "2024-05-26 04:26:30 +0000"
    },
    "done": true
  },
  "minecraft:husbandry/complete_catalogue": {
    "criteria": {
      "minecraft:white": "2024-05-26 04:26:30 +0000"
    },
    "done": false
  },
  "farmersdelight:main/plant_rice": {
    "criteria": {
      "plant_rice": "2024-05-26 04:59:00 +0000"
    },
    "done": true
  },
  "create:andesite_casing": {
    "criteria": {
      "0": "2024-05-26 05:34:37 +0000"
    },
    "done": true
  },
  "immersive_armors:recipes/misc/heavy": {
    "criteria": {
      "has_item": "2024-05-26 05:35:12 +0000"
    },
    "done": true
  },
  "cnc:ringtailadvancement": {
    "criteria": {
      "ringtailadvancement": "2024-05-26 05:47:39 +0000"
    },
    "done": true
  },
  "endrem:main/lost_eye": {
    "criteria": {
      "lost_eye": "2024-05-26 05:54:31 +0000"
    },
    "done": true
  },
  "endrem:main/root": {
    "criteria": {
      "lost_eye": "2024-05-26 05:54:31 +0000"
    },
    "done": true
  },
  "graveyard:graveyard/root": {
    "criteria": {
      "grave_03": "2024-05-26 05:56:38 +0000"
    },
    "done": true
  },
  "graveyard:graveyard/craft_coffin": {
    "criteria": {
      "coffin": "2024-05-26 05:57:06 +0000"
    },
    "done": true
  },
  "create:mechanical_mixer": {
    "criteria": {
      "0": "2024-05-26 06:07:19 +0000"
    },
    "done": true
  },
  "tombstone:adventure/root": {
    "criteria": {
      "auto": "2024-05-26 18:39:45 +0000"
    },
    "done": true
  },
  "farmersdelight:main/place_cooking_pot": {
    "criteria": {
      "cooking_pot": "2024-05-26 19:03:48 +0000"
    },
    "done": true
  },
  "tombstone:adventure/first_grave": {
    "criteria": {
      "coded_trigger": "2024-05-26 19:22:23 +0000"
    },
    "done": true
  },
  "tombstone:recipes/from_grave_key": {
    "criteria": {
      "has_ingredient": "2024-05-26 19:22:25 +0000"
    },
    "done": true
  },
  "tombstone:adventure/cancel_ghostly_shape": {
    "criteria": {
      "coded_trigger": "2024-05-26 19:22:28 +0000"
    },
    "done": true
  },
  "tombstone:recipes/from_grave_dust": {
    "criteria": {
      "has_ingredient": "2024-05-26 19:23:10 +0000"
    },
    "done": true
  },
  "farmersdelight:main/harvest_straw": {
    "criteria": {
      "harvest_straw": "2024-05-26 23:34:17 +0000"
    },
    "done": true
  },
  "farmersdelight:main/use_cutting_board": {
    "criteria": {
      "cutting_board": "2024-05-26 23:34:17 +0000"
    },
    "done": true
  },
  "cnc:bewitched_grey_wolf_advancement": {
    "criteria": {
      "bewitched_grey_wolf_advancement": "2024-05-26 23:58:19 +0000"
    },
    "done": true
  },
  "tombstone:adventure/find_grave_dust": {
    "criteria": {
      "from_undead": "2024-05-26 23:59:52 +0000"
    },
    "done": true
  },
  "tombstone:adventure/first_knowledge": {
    "criteria": {
      "coded_trigger": "2024-05-26 23:59:52 +0000"
    },
    "done": true
  },
  "beansbackpacks:unique/frog_legs": {
    "criteria": {
      "requirement": "2024-05-27 00:00:50 +0000"
    },
    "done": true
  },
  "tombstone:adventure/chain_death": {
    "criteria": {
      "coded_trigger": "2024-05-27 00:01:13 +0000"
    },
    "done": true
  },
  "quark:get_all_corundum": {
    "criteria": {
      "violet": "2024-05-27 00:08:17 +0000"
    },
    "done": false
  },
  "betterdungeons:all_dungeons": {
    "criteria": {
      "in_better_zombie_dungeon": "2024-05-27 03:39:38 +0000",
      "in_better_spider_dungeon": "2024-05-27 00:09:36 +0000"
    },
    "done": false
  },
  "betterdungeons:spider_dungeon": {
    "criteria": {
      "in_better_spider_dungeon": "2024-05-27 00:09:36 +0000"
    },
    "done": true
  },
  "cnc:elkadvancement": {
    "criteria": {
      "elkadvancement": "2024-05-27 00:14:45 +0000"
    },
    "done": true
  },
  "beansbackpacks:equipment/leather_filled": {
    "criteria": {
      "requirement": "2024-05-27 00:16:26 +0000"
    },
    "done": true
  },
  "naturescompass:natures_compass": {
    "criteria": {
      "has_recipe": "2024-05-27 03:27:31 +0000"
    },
    "done": true
  },
  "naturescompass:natures_compass_sapling": {
    "criteria": {
      "has_recipe": "2024-05-27 03:27:31 +0000"
    },
    "done": true
  },
  "explorerscompass:explorers_compass_cracked_stone_bricks": {
    "criteria": {
      "has_recipe": "2024-05-27 03:27:31 +0000"
    },
    "done": true
  },
  "explorerscompass:explorers_compass_cobweb": {
    "criteria": {
      "has_recipe": "2024-05-27 03:27:31 +0000"
    },
    "done": true
  },
  "naturescompass:natures_compass_log": {
    "criteria": {
      "has_recipe": "2024-05-27 03:27:31 +0000"
    },
    "done": true
  },
  "explorerscompass:explorers_compass": {
    "criteria": {
      "has_recipe": "2024-05-27 03:27:31 +0000"
    },
    "done": true
  },
  "betterdungeons:zombie_dungeon": {
    "criteria": {
      "in_better_zombie_dungeon": "2024-05-27 03:39:38 +0000"
    },
    "done": true
  },
  "tombstone:adventure/ashes_and_bones": {
    "criteria": {
      "coded_trigger": "2024-05-27 03:45:16 +0000"
    },
    "done": true
  },
  "tombstone:adventure/create_familiar_receptacle": {
    "criteria": {
      "has_familiar_receptacle": "2024-05-27 03:49:11 +0000"
    },
    "done": true
  },
  "tetra:spelunking/root": {
    "criteria": {
      "spelunking": "2024-05-27 03:52:26 +0000"
    },
    "done": true
  },
  "graveyard:graveyard/crypt": {
    "criteria": {
      "crypt": "2024-05-27 03:52:26 +0000"
    },
    "done": true
  },
  "graveyard:graveyard/kill_wraith": {
    "criteria": {
      "wraith": "2024-05-27 03:54:03 +0000"
    },
    "done": true
  },
  "graveyard:graveyard/corruption": {
    "criteria": {
      "corruption": "2024-05-27 03:54:58 +0000"
    },
    "done": true
  },
  "graveyard:graveyard/dark_iron": {
    "criteria": {
      "dark_iron": "2024-05-27 03:57:30 +0000"
    },
    "done": true
  },
  "tombstone:adventure/create_magic_scroll": {
    "criteria": {
      "has_magic_scroll": "2024-05-27 04:12:33 +0000"
    },
    "done": true
  },
  "minecraft:story/lava_bucket": {
    "criteria": {
      "lava_bucket": "2024-05-27 04:14:03 +0000"
    },
    "done": true
  },
  "tombstone:adventure/create_magic_tablet": {
    "criteria": {
      "has_magic_tablet": "2024-05-28 04:06:06 +0000"
    },
    "done": true
  },
  "tombstone:adventure/discreet_search": {
    "criteria": {
      "coded_trigger": "2024-05-28 04:26:27 +0000"
    },
    "done": true
  },
  "minecraft:adventure/voluntary_exile": {
    "criteria": {
      "voluntary_exile": "2024-05-28 17:19:55 +0000"
    },
    "done": true
  },
  "tombstone:adventure/ambush": {
    "criteria": {
      "coded_trigger": "2024-05-28 17:19:55 +0000"
    },
    "done": true
  },
  "minecraft:story/form_obsidian": {
    "criteria": {
      "obsidian": "2024-05-29 04:16:25 +0000"
    },
    "done": true
  },
  "minecraft:nether/obtain_blaze_rod": {
    "criteria": {
      "blaze_rod": "2024-05-30 04:44:11 +0000"
    },
    "done": true
  },
  "immersive_armors:recipes/misc/slime": {
    "criteria": {
      "has_item": "2024-05-30 04:59:02 +0000"
    },
    "done": true
  },
  "tombstone:adventure/bone_crusher": {
    "criteria": {
      "coded_trigger": "2024-05-30 18:45:43 +0000"
    },
    "done": true
  },
  "tombstone:adventure/strong_or_careful": {
    "criteria": {
      "coded_trigger": "2024-06-02 20:08:54 +0000"
    },
    "done": true
  },
  "immersive_armors:recipes/misc/warrior": {
    "criteria": {
      "has_item": "2024-06-02 20:51:50 +0000"
    },
    "done": true
  },
  "minecraft:adventure/shoot_arrow": {
    "criteria": {
      "shot_arrow": "2024-06-03 00:08:01 +0000"
    },
    "done": true
  },
  "DataVersion": 3465
}