{
  "cold_sweat:recipes/thermolith": {
    "criteria": {
      "has_recipe": "2024-05-21 23:06:58 +0000"
    },
    "done": true
  },
  "beansbackpacks:info/decorated_pots": {
    "criteria": {
      "has_the_recipe": "2024-05-21 23:06:58 +0000"
    },
    "done": true
  },
  "cold_sweat:recipes/hoglin_armor": {
    "criteria": {
      "has_helm_recipe": "2024-05-21 23:06:58 +0000"
    },
    "done": true
  },
  "betterdungeons:root": {
    "criteria": {
      "always": "2024-05-21 23:06:58 +0000"
    },
    "done": true
  },
  "beansbackpacks:info/fluid_cauldrons": {
    "criteria": {
      "has_the_recipe": "2024-05-21 23:06:58 +0000"
    },
    "done": true
  },
  "cold_sweat:recipes/soulspring_lamp": {
    "criteria": {
      "has_recipe": "2024-05-21 23:06:58 +0000"
    },
    "done": true
  },
  "coldsgrappler:grappler": {
    "criteria": {
      "has_the_recipe": "2024-05-21 23:06:58 +0000"
    },
    "done": true
  },
  "beansbackpacks:info/ender_backpacks": {
    "criteria": {
      "has_the_recipe": "2024-05-21 23:06:58 +0000"
    },
    "done": true
  },
  "cold_sweat:recipes/waterskin": {
    "criteria": {
      "has_recipe": "2024-05-21 23:06:58 +0000"
    },
    "done": true
  },
  "cold_sweat:root": {
    "criteria": {
      "requirement": "2024-05-21 23:06:58 +0000"
    },
    "done": true
  },
  "cnc:cnc": {
    "criteria": {
      "cnc": "2024-05-21 23:06:58 +0000"
    },
    "done": true
  },
  "cold_sweat:recipes/thermometer": {
    "criteria": {
      "has_recipe": "2024-05-21 23:06:58 +0000"
    },
    "done": true
  },
  "cold_sweat:extreme_temps": {
    "criteria": {
      "requirement": "2024-05-21 23:06:58 +0000"
    },
    "done": true
  },
  "toms_storage:unlock_netherite": {
    "criteria": {
      "inv_changed-netherite": "2024-05-21 23:07:47 +0000"
    },
    "done": true
  },
  "toms_storage:unlock_glowstone": {
    "criteria": {
      "inv_changed-glowstone": "2024-05-21 23:07:47 +0000"
    },
    "done": true
  },
  "farmersdelight:main/root": {
    "criteria": {
      "seeds": "2024-05-21 23:07:47 +0000"
    },
    "done": true
  },
  "toms_storage:unlock_chest": {
    "criteria": {
      "inv_changed-chest": "2024-05-21 23:07:47 +0000"
    },
    "done": true
  },
  "create:root": {
    "criteria": {
      "0": "2024-05-21 23:07:47 +0000"
    },
    "done": true
  },
  "immersive_armors:recipes/misc/wooden": {
    "criteria": {
      "has_item": "2024-05-21 23:07:47 +0000"
    },
    "done": true
  },
  "toms_storage:unlock_dia_pearl": {
    "criteria": {
      "inv_changed-ender_pearl": "2024-05-21 23:07:47 +0000",
      "inv_changed-diamond": "2024-05-21 23:07:47 +0000"
    },
    "done": true
  },
  "tetra:recipes/planks": {
    "criteria": {
      "got_wood": "2024-05-21 23:08:30 +0000"
    },
    "done": true
  },
  "minecraft:story/root": {
    "criteria": {
      "crafting_table": "2024-05-21 23:08:34 +0000"
    },
    "done": true
  },
  "minecraft:story/mine_stone": {
    "criteria": {
      "get_stone": "2024-05-21 23:08:48 +0000"
    },
    "done": true
  },
  "minecraft:story/upgrade_tools": {
    "criteria": {
      "stone_pickaxe": "2024-05-21 23:09:11 +0000"
    },
    "done": true
  },
  "farmersdelight:main/get_fd_seed": {
    "criteria": {
      "rice": "2024-05-21 23:12:20 +0000"
    },
    "done": true
  },
  "minecraft:adventure/adventuring_time": {
    "criteria": {
      "minecraft:river": "2024-05-21 23:12:32 +0000"
    },
    "done": false
  },
  "minecraft:husbandry/plant_seed": {
    "criteria": {
      "wheat": "2024-05-21 23:12:45 +0000"
    },
    "done": true
  },
  "farmersdelight:main/plant_all_crops": {
    "criteria": {
      "potato": "2024-05-22 06:04:02 +0000",
      "wheat": "2024-05-21 23:12:45 +0000",
      "carrot": "2024-05-22 17:04:00 +0000"
    },
    "done": false
  },
  "minecraft:adventure/root": {
    "criteria": {
      "killed_something": "2024-05-21 23:13:45 +0000"
    },
    "done": true
  },
  "minecraft:adventure/kill_all_mobs": {
    "criteria": {
      "minecraft:skeleton": "2024-05-21 23:53:11 +0000",
      "minecraft:creeper": "2024-05-21 23:13:45 +0000",
      "minecraft:stray": "2024-05-22 16:50:58 +0000",
      "minecraft:zombie": "2024-05-21 23:40:33 +0000"
    },
    "done": false
  },
  "minecraft:adventure/kill_a_mob": {
    "criteria": {
      "minecraft:creeper": "2024-05-21 23:13:45 +0000"
    },
    "done": true
  },
  "gore:gore_edition_parent": {
    "criteria": {
      "gore_edition_parent": "2024-05-21 23:13:45 +0000"
    },
    "done": true
  },
  "cnc:whitetail_advancement": {
    "criteria": {
      "whitetail_advancement": "2024-05-21 23:14:12 +0000"
    },
    "done": true
  },
  "minecraft:husbandry/balanced_diet": {
    "criteria": {
      "cooked_mutton": "2024-05-21 23:17:51 +0000",
      "bread": "2024-05-21 23:16:10 +0000",
      "cooked_chicken": "2024-05-22 00:29:20 +0000"
    },
    "done": false
  },
  "minecraft:husbandry/root": {
    "criteria": {
      "consumed_item": "2024-05-21 23:16:10 +0000"
    },
    "done": true
  },
  "minecraft:story/smelt_iron": {
    "criteria": {
      "iron": "2024-05-21 23:16:26 +0000"
    },
    "done": true
  },
  "minecraft:adventure/sleep_in_bed": {
    "criteria": {
      "slept_in_bed": "2024-05-21 23:17:02 +0000"
    },
    "done": true
  },
  "immersive_armors:recipes/misc/bone": {
    "criteria": {
      "has_item": "2024-05-21 23:20:05 +0000"
    },
    "done": true
  },
  "supplementaries:adventure/way_sign": {
    "criteria": {
      "bastion": "2024-05-21 23:20:23 +0000"
    },
    "done": true
  },
  "minecraft:story/obtain_armor": {
    "criteria": {
      "iron_helmet": "2024-05-21 23:25:56 +0000"
    },
    "done": true
  },
  "farmersdelight:main/craft_knife": {
    "criteria": {
      "iron_knife": "2024-05-21 23:26:14 +0000"
    },
    "done": true
  },
  "minecraft:story/iron_tools": {
    "criteria": {
      "iron_pickaxe": "2024-05-21 23:26:55 +0000"
    },
    "done": true
  },
  "antlers:jerkeyadvance": {
    "criteria": {
      "jerkeyadvance": "2024-05-21 23:40:31 +0000"
    },
    "done": true
  },
  "immersive_weathering:immersive_weathering/dirts": {
    "criteria": {
      "dirt": "2024-05-21 23:42:58 +0000"
    },
    "done": false
  },
  "cnc:cougaradvancement": {
    "criteria": {
      "cougaradvancement": "2024-05-22 00:04:10 +0000"
    },
    "done": true
  },
  "create:copper": {
    "criteria": {
      "0": "2024-05-22 00:11:29 +0000"
    },
    "done": true
  },
  "minecraft:story/deflect_arrow": {
    "criteria": {
      "deflected_projectile": "2024-05-22 00:33:31 +0000"
    },
    "done": true
  },
  "cnc:wendigoadvancement": {
    "criteria": {
      "wendigoadvancement": "2024-05-22 16:40:23 +0000"
    },
    "done": true
  },
  "minecraft:story/mine_diamond": {
    "criteria": {
      "diamond": "2024-05-22 16:49:15 +0000"
    },
    "done": true
  },
  "DataVersion": 3465
}