{
  "cold_sweat:recipes/thermolith": {
    "criteria": {
      "has_recipe": "2024-05-21 23:06:22 +0000"
    },
    "done": true
  },
  "beansbackpacks:info/decorated_pots": {
    "criteria": {
      "has_the_recipe": "2024-05-21 23:06:22 +0000"
    },
    "done": true
  },
  "cold_sweat:recipes/hoglin_armor": {
    "criteria": {
      "has_helm_recipe": "2024-05-21 23:06:22 +0000"
    },
    "done": true
  },
  "betterdungeons:root": {
    "criteria": {
      "always": "2024-05-21 23:06:22 +0000"
    },
    "done": true
  },
  "beansbackpacks:info/fluid_cauldrons": {
    "criteria": {
      "has_the_recipe": "2024-05-21 23:06:22 +0000"
    },
    "done": true
  },
  "cold_sweat:recipes/soulspring_lamp": {
    "criteria": {
      "has_recipe": "2024-05-21 23:06:22 +0000"
    },
    "done": true
  },
  "coldsgrappler:grappler": {
    "criteria": {
      "has_the_recipe": "2024-05-21 23:06:22 +0000"
    },
    "done": true
  },
  "beansbackpacks:info/ender_backpacks": {
    "criteria": {
      "has_the_recipe": "2024-05-21 23:06:22 +0000"
    },
    "done": true
  },
  "cold_sweat:recipes/waterskin": {
    "criteria": {
      "has_recipe": "2024-05-21 23:06:22 +0000"
    },
    "done": true
  },
  "cold_sweat:root": {
    "criteria": {
      "requirement": "2024-05-21 23:06:22 +0000"
    },
    "done": true
  },
  "cnc:cnc": {
    "criteria": {
      "cnc": "2024-05-21 23:06:22 +0000"
    },
    "done": true
  },
  "cold_sweat:recipes/thermometer": {
    "criteria": {
      "has_recipe": "2024-05-21 23:06:22 +0000"
    },
    "done": true
  },
  "cold_sweat:extreme_temps": {
    "criteria": {
      "requirement": "2024-05-21 23:06:22 +0000"
    },
    "done": true
  },
  "toms_storage:unlock_netherite": {
    "criteria": {
      "inv_changed-netherite": "2024-05-21 23:07:05 +0000"
    },
    "done": true
  },
  "toms_storage:unlock_glowstone": {
    "criteria": {
      "inv_changed-glowstone": "2024-05-21 23:07:05 +0000"
    },
    "done": true
  },
  "farmersdelight:main/root": {
    "criteria": {
      "seeds": "2024-05-21 23:07:05 +0000"
    },
    "done": true
  },
  "toms_storage:unlock_chest": {
    "criteria": {
      "inv_changed-chest": "2024-05-21 23:07:05 +0000"
    },
    "done": true
  },
  "create:root": {
    "criteria": {
      "0": "2024-05-21 23:07:05 +0000"
    },
    "done": true
  },
  "toms_storage:unlock_dia_pearl": {
    "criteria": {
      "inv_changed-ender_pearl": "2024-05-21 23:07:05 +0000",
      "inv_changed-diamond": "2024-05-21 23:07:05 +0000"
    },
    "done": true
  },
  "immersive_armors:recipes/misc/wooden": {
    "criteria": {
      "has_item": "2024-05-21 23:07:47 +0000"
    },
    "done": true
  },
  "tetra:recipes/planks": {
    "criteria": {
      "got_wood": "2024-05-21 23:08:33 +0000"
    },
    "done": true
  },
  "minecraft:story/root": {
    "criteria": {
      "crafting_table": "2024-05-21 23:08:38 +0000"
    },
    "done": true
  },
  "minecraft:story/mine_stone": {
    "criteria": {
      "get_stone": "2024-05-21 23:08:49 +0000"
    },
    "done": true
  },
  "minecraft:story/upgrade_tools": {
    "criteria": {
      "stone_pickaxe": "2024-05-21 23:08:59 +0000"
    },
    "done": true
  },
  "minecraft:adventure/root": {
    "criteria": {
      "killed_something": "2024-05-21 23:09:27 +0000"
    },
    "done": true
  },
  "gore:gore_edition_parent": {
    "criteria": {
      "gore_edition_parent": "2024-05-21 23:09:27 +0000"
    },
    "done": true
  },
  "immersive_armors:recipes/misc/robe": {
    "criteria": {
      "has_item": "2024-05-21 23:09:28 +0000"
    },
    "done": true
  },
  "minecraft:adventure/adventuring_time": {
    "criteria": {
      "minecraft:windswept_hills": "2024-05-23 04:03:26 +0000",
      "minecraft:beach": "2024-05-23 04:14:09 +0000",
      "minecraft:river": "2024-05-21 23:12:19 +0000",
      "minecraft:cold_ocean": "2024-05-23 04:14:57 +0000",
      "minecraft:windswept_savanna": "2024-05-23 04:03:29 +0000",
      "minecraft:windswept_gravelly_hills": "2024-05-23 04:16:13 +0000",
      "minecraft:plains": "2024-05-23 04:13:58 +0000"
    },
    "done": false
  },
  "cnc:whitetail_advancement": {
    "criteria": {
      "whitetail_advancement": "2024-05-21 23:13:35 +0000"
    },
    "done": true
  },
  "minecraft:husbandry/balanced_diet": {
    "criteria": {
      "cooked_porkchop": "2024-05-22 00:06:56 +0000",
      "cooked_mutton": "2024-05-21 23:13:57 +0000"
    },
    "done": false
  },
  "minecraft:husbandry/root": {
    "criteria": {
      "consumed_item": "2024-05-21 23:13:57 +0000"
    },
    "done": true
  },
  "minecraft:adventure/sleep_in_bed": {
    "criteria": {
      "slept_in_bed": "2024-05-21 23:17:00 +0000"
    },
    "done": true
  },
  "tetra:recipes/string": {
    "criteria": {
      "got_string": "2024-05-21 23:20:24 +0000"
    },
    "done": true
  },
  "immersive_armors:recipes/misc/bone": {
    "criteria": {
      "has_item": "2024-05-21 23:21:22 +0000"
    },
    "done": true
  },
  "minecraft:story/obtain_armor": {
    "criteria": {
      "iron_helmet": "2024-05-21 23:21:35 +0000"
    },
    "done": true
  },
  "minecraft:story/smelt_iron": {
    "criteria": {
      "iron": "2024-05-21 23:25:48 +0000"
    },
    "done": true
  },
  "minecraft:story/iron_tools": {
    "criteria": {
      "iron_pickaxe": "2024-05-21 23:25:54 +0000"
    },
    "done": true
  },
  "antlers:jerkeyadvance": {
    "criteria": {
      "jerkeyadvance": "2024-05-21 23:40:16 +0000"
    },
    "done": true
  },
  "minecraft:adventure/kill_all_mobs": {
    "criteria": {
      "minecraft:skeleton": "2024-05-21 23:41:37 +0000",
      "minecraft:creeper": "2024-05-21 23:54:23 +0000",
      "minecraft:stray": "2024-05-22 16:50:16 +0000",
      "minecraft:zombie": "2024-05-21 23:40:20 +0000"
    },
    "done": false
  },
  "minecraft:adventure/kill_a_mob": {
    "criteria": {
      "minecraft:zombie": "2024-05-21 23:40:20 +0000"
    },
    "done": true
  },
  "create:copper": {
    "criteria": {
      "0": "2024-05-22 00:01:28 +0000"
    },
    "done": true
  },
  "minecraft:story/deflect_arrow": {
    "criteria": {
      "deflected_projectile": "2024-05-22 00:33:46 +0000"
    },
    "done": true
  },
  "cnc:coyoteadvancement": {
    "criteria": {
      "coyoteadvancement": "2024-05-22 05:00:52 +0000"
    },
    "done": true
  },
  "cnc:cougaradvancement": {
    "criteria": {
      "cougaradvancement": "2024-05-22 05:52:37 +0000"
    },
    "done": true
  },
  "immersive_weathering:immersive_weathering/dirts": {
    "criteria": {
      "dirt": "2024-05-22 05:56:44 +0000"
    },
    "done": false
  },
  "cnc:wendigoadvancement": {
    "criteria": {
      "wendigoadvancement": "2024-05-22 06:04:49 +0000"
    },
    "done": true
  },
  "cnc:wendigo_killed": {
    "criteria": {
      "wendigo_killed": "2024-05-22 16:42:22 +0000"
    },
    "done": true
  },
  "minecraft:story/mine_diamond": {
    "criteria": {
      "diamond": "2024-05-22 16:49:05 +0000"
    },
    "done": true
  },
  "create:andesite_alloy": {
    "criteria": {
      "0": "2024-05-22 16:55:13 +0000"
    },
    "done": true
  },
  "immersive_weathering:immersive_weathering/bark_off": {
    "criteria": {
      "wax_off": "2024-05-22 17:00:35 +0000"
    },
    "done": true
  },
  "create:andesite_casing": {
    "criteria": {
      "0": "2024-05-22 17:00:38 +0000"
    },
    "done": true
  },
  "immersive_armors:recipes/misc/heavy": {
    "criteria": {
      "has_item": "2024-05-22 17:00:56 +0000"
    },
    "done": true
  },
  "create:mechanical_press": {
    "criteria": {
      "0": "2024-05-22 17:02:05 +0000"
    },
    "done": true
  },
  "create:wrench_goggles": {
    "criteria": {
      "0": "2024-05-23 04:35:35 +0000",
      "1": "2024-05-23 05:44:01 +0000"
    },
    "done": true
  },
  "create:mechanical_pump_0": {
    "criteria": {
      "0": "2024-05-23 04:34:07 +0000"
    },
    "done": true
  },
  "create:brass": {
    "criteria": {
      "0": "2024-05-23 04:14:34 +0000"
    },
    "done": true
  },
  "create:water_wheel": {
    "criteria": {
      "0": "2024-05-23 04:24:43 +0000"
    },
    "done": true
  },
  "create:copper_casing": {
    "criteria": {
      "0": "2024-05-23 04:00:53 +0000"
    },
    "done": true
  },
  "create:spout": {
    "criteria": {
      "0": "2024-05-23 05:16:35 +0000"
    },
    "done": true
  },
  "create:water_supply": {
    "criteria": {
      "0": "2024-05-23 04:44:37 +0000"
    },
    "done": true
  },
  "create:glass_pipe": {
    "criteria": {
      "0": "2024-05-23 04:35:41 +0000"
    },
    "done": true
  },
  "create:shifting_gears": {
    "criteria": {
      "0": "2024-05-23 04:28:27 +0000"
    },
    "done": true
  },
  "DataVersion": 3465
}