{
  "cold_sweat:recipes/thermolith": {
    "criteria": {
      "has_recipe": "2024-05-19 18:56:21 +0000"
    },
    "done": true
  },
  "beansbackpacks:info/decorated_pots": {
    "criteria": {
      "has_the_recipe": "2024-05-19 18:56:21 +0000"
    },
    "done": true
  },
  "cold_sweat:recipes/hoglin_armor": {
    "criteria": {
      "has_boots_recipe": "2024-05-19 18:56:21 +0000"
    },
    "done": true
  },
  "betterdungeons:root": {
    "criteria": {
      "always": "2024-05-19 18:56:21 +0000"
    },
    "done": true
  },
  "beansbackpacks:info/fluid_cauldrons": {
    "criteria": {
      "has_the_recipe": "2024-05-19 18:56:21 +0000"
    },
    "done": true
  },
  "cold_sweat:recipes/soulspring_lamp": {
    "criteria": {
      "has_recipe": "2024-05-19 18:56:21 +0000"
    },
    "done": true
  },
  "coldsgrappler:grappler": {
    "criteria": {
      "has_the_recipe": "2024-05-19 18:56:21 +0000"
    },
    "done": true
  },
  "beansbackpacks:info/ender_backpacks": {
    "criteria": {
      "has_the_recipe": "2024-05-19 18:56:21 +0000"
    },
    "done": true
  },
  "cold_sweat:recipes/waterskin": {
    "criteria": {
      "has_recipe": "2024-05-19 18:56:21 +0000"
    },
    "done": true
  },
  "cold_sweat:root": {
    "criteria": {
      "requirement": "2024-05-19 18:56:21 +0000"
    },
    "done": true
  },
  "cnc:cnc": {
    "criteria": {
      "cnc": "2024-05-19 18:56:21 +0000"
    },
    "done": true
  },
  "cold_sweat:recipes/thermometer": {
    "criteria": {
      "has_recipe": "2024-05-19 18:56:21 +0000"
    },
    "done": true
  },
  "cold_sweat:extreme_temps": {
    "criteria": {
      "requirement": "2024-05-19 18:56:21 +0000"
    },
    "done": true
  },
  "minecraft:adventure/adventuring_time": {
    "criteria": {
      "minecraft:cherry_grove": "2024-05-21 04:00:19 +0000",
      "minecraft:beach": "2024-05-21 03:53:52 +0000",
      "minecraft:river": "2024-05-19 19:08:12 +0000",
      "minecraft:snowy_taiga": "2024-05-19 19:52:38 +0000",
      "minecraft:forest": "2024-05-19 18:56:22 +0000",
      "minecraft:snowy_beach": "2024-05-21 03:52:18 +0000",
      "minecraft:plains": "2024-05-19 18:57:02 +0000"
    },
    "done": false
  },
  "toms_storage:unlock_netherite": {
    "criteria": {
      "inv_changed-netherite": "2024-05-19 18:56:52 +0000"
    },
    "done": true
  },
  "toms_storage:unlock_glowstone": {
    "criteria": {
      "inv_changed-glowstone": "2024-05-19 18:56:52 +0000"
    },
    "done": true
  },
  "farmersdelight:main/root": {
    "criteria": {
      "seeds": "2024-05-19 18:56:52 +0000"
    },
    "done": true
  },
  "toms_storage:unlock_chest": {
    "criteria": {
      "inv_changed-chest": "2024-05-19 18:56:52 +0000"
    },
    "done": true
  },
  "create:root": {
    "criteria": {
      "0": "2024-05-19 18:56:52 +0000"
    },
    "done": true
  },
  "toms_storage:unlock_dia_pearl": {
    "criteria": {
      "inv_changed-ender_pearl": "2024-05-19 18:56:52 +0000",
      "inv_changed-diamond": "2024-05-19 18:56:52 +0000"
    },
    "done": true
  },
  "minecraft:story/obtain_armor": {
    "criteria": {
      "iron_chestplate": "2024-05-19 18:57:33 +0000"
    },
    "done": true
  },
  "betterdungeons:all_dungeons": {
    "criteria": {
      "in_better_zombie_dungeon": "2024-05-19 18:58:43 +0000"
    },
    "done": false
  },
  "betterdungeons:zombie_dungeon": {
    "criteria": {
      "in_better_zombie_dungeon": "2024-05-19 18:58:43 +0000"
    },
    "done": true
  },
  "antlers:jerkeyadvance": {
    "criteria": {
      "jerkeyadvance": "2024-05-19 18:58:57 +0000"
    },
    "done": true
  },
  "minecraft:adventure/root": {
    "criteria": {
      "killed_something": "2024-05-19 19:00:08 +0000"
    },
    "done": true
  },
  "minecraft:adventure/kill_all_mobs": {
    "criteria": {
      "minecraft:pillager": "2024-05-21 04:02:53 +0000",
      "minecraft:zombie": "2024-05-19 19:00:08 +0000"
    },
    "done": false
  },
  "minecraft:adventure/kill_a_mob": {
    "criteria": {
      "minecraft:zombie": "2024-05-19 19:00:08 +0000"
    },
    "done": true
  },
  "gore:gore_edition_parent": {
    "criteria": {
      "gore_edition_parent": "2024-05-19 19:01:53 +0000"
    },
    "done": true
  },
  "supplementaries:adventure/way_sign": {
    "criteria": {
      "bastion": "2024-05-19 19:05:47 +0000"
    },
    "done": true
  },
  "immersive_armors:recipes/misc/wooden": {
    "criteria": {
      "has_item": "2024-05-19 19:15:25 +0000"
    },
    "done": true
  },
  "tetra:recipes/planks": {
    "criteria": {
      "got_wood": "2024-05-19 19:16:05 +0000"
    },
    "done": true
  },
  "minecraft:story/mine_stone": {
    "criteria": {
      "get_stone": "2024-05-19 19:16:17 +0000"
    },
    "done": true
  },
  "minecraft:story/upgrade_tools": {
    "criteria": {
      "stone_pickaxe": "2024-05-19 19:16:54 +0000"
    },
    "done": true
  },
  "immersive_weathering:immersive_weathering/dirts": {
    "criteria": {
      "dirt": "2024-05-19 19:17:55 +0000"
    },
    "done": false
  },
  "minecraft:husbandry/root": {
    "criteria": {
      "consumed_item": "2024-05-19 19:39:18 +0000"
    },
    "done": true
  },
  "minecraft:story/smelt_iron": {
    "criteria": {
      "iron": "2024-05-19 19:41:41 +0000"
    },
    "done": true
  },
  "minecraft:story/iron_tools": {
    "criteria": {
      "iron_pickaxe": "2024-05-19 19:41:52 +0000"
    },
    "done": true
  },
  "cnc:elkadvancement": {
    "criteria": {
      "elkadvancement": "2024-05-19 19:45:43 +0000"
    },
    "done": true
  },
  "minecraft:husbandry/balanced_diet": {
    "criteria": {
      "cooked_porkchop": "2024-05-19 19:46:20 +0000",
      "apple": "2024-05-19 20:03:42 +0000",
      "bread": "2024-05-21 03:59:26 +0000"
    },
    "done": false
  },
  "minecraft:story/mine_diamond": {
    "criteria": {
      "diamond": "2024-05-19 19:46:30 +0000"
    },
    "done": true
  },
  "tetra:recipes/string": {
    "criteria": {
      "got_string": "2024-05-19 19:48:50 +0000"
    },
    "done": true
  },
  "minecraft:story/form_obsidian": {
    "criteria": {
      "obsidian": "2024-05-19 19:51:25 +0000"
    },
    "done": true
  },
  "minecraft:adventure/sleep_in_bed": {
    "criteria": {
      "slept_in_bed": "2024-05-19 19:51:45 +0000"
    },
    "done": true
  },
  "beansbackpacks:beansbackpacks": {
    "criteria": {
      "requirement": "2024-05-19 20:08:31 +0000"
    },
    "done": true
  },
  "beansbackpacks:interactions/place": {
    "criteria": {
      "requirement": "2024-05-19 20:08:34 +0000"
    },
    "done": true
  },
  "beansbackpacks:equipment/leather_filled": {
    "criteria": {
      "requirement": "2024-05-19 20:08:41 +0000"
    },
    "done": true
  },
  "cold_sweat:huddle_close": {
    "criteria": {
      "requirement": "2024-05-21 03:45:47 +0000"
    },
    "done": true
  },
  "immersive_armors:recipes/misc/robe": {
    "criteria": {
      "has_item": "2024-05-21 03:45:48 +0000"
    },
    "done": true
  },
  "cnc:giant_boaradvancement": {
    "criteria": {
      "giant_boaradvancement": "2024-05-21 03:54:22 +0000"
    },
    "done": true
  },
  "cnc:giant_boar_killed": {
    "criteria": {
      "giant_boar_killed": "2024-05-21 03:55:23 +0000"
    },
    "done": true
  },
  "graveyard:graveyard/root": {
    "criteria": {
      "grave_01": "2024-05-21 03:55:49 +0000"
    },
    "done": true
  },
  "minecraft:story/deflect_arrow": {
    "criteria": {
      "deflected_projectile": "2024-05-21 04:02:52 +0000"
    },
    "done": true
  },
  "cnc:wolverineadvancement": {
    "criteria": {
      "wolverineadvancement": "2024-05-21 04:06:06 +0000"
    },
    "done": true
  },
  "DataVersion": 3465
}